Symbol,ETP Name,Asset Class,Equity: Style Box,Morningstar Category,Net Expense Ratio
FBDC,FT Confluence BDC & Specialty Finance Income ETF,Sector Equity,Small Value,Financial,12.44
VPC,Virtus Private Credit ETF,Taxable Bond,Small Value,Nontraditional Bond,10.6
BIZD,VanEck BDC Income ETF,Sector Equity,Small Value,Financial,9.69
KBWD,Invesco KBW High Dividend Yield Financial ETF,Sector Equity,Small Value,Financial,5.39
HYIN,WisdomTree Private Credit & Alternative Income Fund,Taxable Bond,Small Value,Nontraditional Bond,4.34
BDRY,Breakwave Dry Bulk Shipping ETF,Sector Equity,Large Value,Miscellaneous Sector,3.5
CEFZ,RiverNorth Active Income ETF,Allocation,Mid Value,Global Moderately Conservative Allocation,3.36
TXXD,21Shares 2x Long Dogecoin ETF,Miscellaneous,--,Digital Assets,3.36
YYY,Amplify CEF High Income ETF,Allocation,Large Blend,Tactical Allocation,3.23
ETCG,Grayscale Ethereum Classic Trust (ETC),Miscellaneous,--,Digital Assets,2.5
ETHE,Grayscale Ethereum Staking ETF,Miscellaneous,--,Digital Assets,2.5
BCHG,Grayscale Bitcoin Cash Trust (BCH),Miscellaneous,--,Digital Assets,2.5
LTCN,Grayscale Litecoin Trust (LTC),Miscellaneous,--,Digital Assets,2.5
FILG,Grayscale Filecoin Trust (FIL),Miscellaneous,--,Digital Assets,2.5
SKDD,GraniteShares 2x Short SK Hynix Daily ETF,Miscellaneous,--,Trading--Inverse Equity,2.2
HBTC,Fortuna Hedged Bitcoin Fund,Miscellaneous,--,Digital Assets,1.97
FXED,Sound Enhanced Fixed Income ETF,Allocation,Small Value,Conservative Allocation,1.89
STLU,2x Stellar ETF,Miscellaneous,--,Digital Assets,1.85
CHNU,2x Chainlink ETF,Miscellaneous,--,Digital Assets,1.85
CRDX,2x Cardano ETF,Miscellaneous,--,Digital Assets,1.85
SUIL,2x Sui ETF,Miscellaneous,--,Digital Assets,1.85
AVAZ,2x Avalanche ETF,Miscellaneous,--,Digital Assets,1.85
XRPI,XRP ETF,Miscellaneous,--,Digital Assets,1.68
DVDN,Kingsbarn Dividend Opportunity ETF,Sector Equity,Small Value,Real Estate,1.65
SOLZ,Solana ETF,Miscellaneous,--,Digital Assets,1.64
TTOP,21Shares FTSE Crypto 10 Index ETF,Miscellaneous,--,Digital Assets,1.57
TSII,REX TSLA Growth & Income ETF,Miscellaneous,--,Trading--Leveraged Equity,1.52
APLX,Tradr 2X Long APLD Daily ETF,Miscellaneous,--,Trading--Leveraged Equity,1.51
DOJE,REX-Osprey DOGE ETF,Miscellaneous,--,Digital Assets,1.5
GMEU,T-Rex 2X Long GME Daily Target ETF,Miscellaneous,--,Trading--Leveraged Equity,1.5
CRWU,T-REX 2X Long CRWV Daily Target ETF,Miscellaneous,--,Trading--Leveraged Equity,1.5
SMUP,T-REX 2X Long SMR Daily Target ETF,Miscellaneous,--,Trading--Leveraged Equity,1.5
GLXU,T-REX 2X Long GLXY Daily Target ETF,Miscellaneous,--,Trading--Leveraged Equity,1.5
CCUP,T-REX 2X Long CRCL Daily Target ETF,Miscellaneous,--,Trading--Leveraged Equity,1.5
AFRU,T-REX 2X Long AFRM Daily Target ETF,Miscellaneous,--,Trading--Leveraged Equity,1.5
KTUP,T-REX 2X Long KTOS Daily Target ETF,Miscellaneous,--,Trading--Leveraged Equity,1.5
TTDU,T-REX 2X Long TTD Daily Target ETF,Miscellaneous,--,Trading--Leveraged Equity,1.5
CRCD,T-REX 2X Inverse CRCL Daily Target ETF,Miscellaneous,--,Trading--Inverse Equity,1.5
CORD,T-REX 2X Inverse CRWV Daily Target ETF,Miscellaneous,--,Trading--Inverse Equity,1.5
BMNU,T-REX 2X Long BMNR Daily Target ETF,Miscellaneous,--,Trading--Leveraged Equity,1.5
EOSU,T-Rex 2X Long Eose Daily Target ETF,Miscellaneous,--,Trading--Leveraged Equity,1.5
AXTU,T-REX 2X Long AXTI Daily Target ETF,Miscellaneous,--,Trading--Leveraged Equity,1.5
ASUP,T-REX 2X Long ASTS Daily Target ETF,Miscellaneous,--,Trading--Leveraged Equity,1.5
LITU,T-Rex 2X Long Lite Daily Target ETF,Miscellaneous,--,Trading--Leveraged Equity,1.5
TEUP,T-Rex 2X Long TE Daily Target ETF,Miscellaneous,Small Value,Trading--Leveraged Equity,1.5
SPAL,GraniteShares 2x Long SpaceX Daily ETF,Miscellaneous,--,Trading--Leveraged Equity,1.5
SPAX,T-REX 2X Long SPCX Daily Target ETF,Miscellaneous,Large Growth,Trading--Leveraged Equity,1.5
BBUL,GraniteShares 2x Long BB Daily ETF,Miscellaneous,--,Trading--Leveraged Equity,1.5
SKUU,Graniteshares 2x Long SK Hynix Daily ETF,Miscellaneous,--,Trading--Leveraged Equity,1.5
BTDL,GraniteShares 2x Long BTDR Daily ETF,Miscellaneous,--,Trading--Leveraged Equity,1.5
TDCL,GraniteShares 2x Long TDC Daily ETF,Miscellaneous,--,Trading--Leveraged Equity,1.5
LITZ,Tradr 2X Short LITE Daily ETF,Miscellaneous,--,Trading--Inverse Equity,1.49
MPWX,Tradr 2X Long MPWR Daily ETF,Miscellaneous,--,Trading--Leveraged Equity,1.49
CPNX,Tradr 2X Long CPNG Daily ETF,Miscellaneous,Mid Growth,Trading--Leveraged Equity,1.49
AXTX,Tradr 2X Long AXTI Daily ETF,Miscellaneous,Small Growth,Trading--Leveraged Equity,1.49
XNDX,Tradr 2X Long XNDU Daily ETF,Miscellaneous,--,Trading--Leveraged Equity,1.49
CBRZ,Tradr 2X Short CBRS Daily ETF,Miscellaneous,--,Trading--Inverse Equity,1.49
SPCM,Tradr 2X Long SpaceX Daily ETF,Miscellaneous,--,Trading--Leveraged Equity,1.49
RMBX,Tradr 2X Long RMBS Daily ETF,Miscellaneous,Small Growth,Trading--Leveraged Equity,1.49
TTMX,Tradr 2X Long TTMI Daily ETF,Miscellaneous,Small Growth,Trading--Leveraged Equity,1.49
CIEX,Tradr 2X Long CIEN Daily ETF,Miscellaneous,Mid Growth,Trading--Leveraged Equity,1.49
QNTU,Tradr 2x Long QNT Daily ETF,Miscellaneous,Small Growth,Trading--Leveraged Equity,1.49
AAOZ,Tradr 2X Short AAOI Daily ETF,Miscellaneous,Small Growth,Trading--Inverse Equity,1.49
ORCZ,Tradr 2X Short ORCL Daily ETF,Miscellaneous,Large Blend,Trading--Inverse Equity,1.49
CLSX,Tradr 2X Long CLSK Daily ETF,Miscellaneous,Small Value,Trading--Leveraged Equity,1.46
ZVOL,Volatility Premium Plus ETF,Miscellaneous,--,Trading--Inverse Equity,1.42
BTAL,AGF U.S. Market Neutral Anti-Beta Fund,Alternative,Mid Value,Equity Market Neutral,1.4
YBST,GraniteShares YieldBOOST Single Stock Universe ETF,Nontraditional Equity,--,Derivative Income,1.38
YBTY,GraniteShares YieldBOOST TopYielders ETF,Nontraditional Equity,--,Derivative Income,1.38
AMAX,Adaptive Hedged Multi-Asset Income ETF,Taxable Bond,Large Blend,Nontraditional Bond,1.36
APPX,Tradr 2X Long APP Daily ETF,Miscellaneous,--,Trading--Leveraged Equity,1.36
SHRT,Gotham Short Strategies ETF,Miscellaneous,Mid Blend,Trading--Inverse Equity,1.35
YMAG,YieldMax Magnificent 7 Fund of Option Income ETFs,U.S. Equity,--,Large Blend,1.34
TXBC,21Shares FTSE Crypto 10 ex-BTC Index ETF,Miscellaneous,--,Digital Assets,1.34
EVNT,AltShares Event-Driven ETF,Alternative,Small Value,Event Driven,1.33
YMAX,YieldMax Universe Fund of Option Income ETFs,Nontraditional Equity,Mid Blend,Derivative Income,1.33
KORU,Direxion Daily South Korea Bull 3X Shares,Miscellaneous,Large Blend,Trading--Leveraged Equity,1.32
ULTI,REX IncomeMax Option Strategy ETF,Nontraditional Equity,Mid Growth,Derivative Income,1.32
MAXI,Simplify Bitcoin Strategy ETF,Miscellaneous,--,Digital Assets,1.31
QBTX,Tradr 2X Long QBTS Daily ETF,Miscellaneous,--,Trading--Leveraged Equity,1.31
AMKL,Defiance Daily Target 2X Long AMKR ETF,Miscellaneous,--,Trading--Leveraged Equity,1.31
AMPU,Defiance Daily Target 2X Long AMPX ETF,Miscellaneous,--,Trading--Leveraged Equity,1.31
ASTY,Defiance Daily Target 2X Long Asts ETF,Miscellaneous,--,Trading--Leveraged Equity,1.31
OSSL,Defiance Daily Target 2X Long OSS ETF,Miscellaneous,--,Trading--Leveraged Equity,1.31
MUZ,Defiance Daily Target 2X Short MU ETF,Miscellaneous,--,Trading--Inverse Equity,1.31
WYFL,Defiance Daily Target 2X Long Wyfi ETF,Miscellaneous,--,Trading--Leveraged Equity,1.31
VELL,Defiance Daily Target 2X Long VELO ETF,Miscellaneous,--,Trading--Leveraged Equity,1.31
INFH,Defiance Daily Target 2X Long INFQ ETF,Miscellaneous,--,Trading--Leveraged Equity,1.31
SPCU,Defiance Daily Target 2X Long SPCX ETF,Miscellaneous,--,Trading--Leveraged Equity,1.31
SPCQ,Defiance Daily Target 2X Short SPCX ETF,Miscellaneous,--,Trading--Inverse Equity,1.31
DRAL,Defiance Daily Target 2X Long DRAM ETF,Miscellaneous,--,Trading--Leveraged Equity,1.31
PUR,Defiance Daily Target 2X Long PURR ETF,Miscellaneous,--,Trading--Leveraged Equity,1.31
UPSX,Tradr 2X Long UPST Daily ETF,Miscellaneous,--,Trading--Leveraged Equity,1.3
ARCX,Tradr 2X Long ACHR Daily ETF,Miscellaneous,Small Blend,Trading--Leveraged Equity,1.3
RGTU,Tradr 2X Long RGTI Daily ETF,Miscellaneous,--,Trading--Leveraged Equity,1.3
QUBX,Tradr 2X Long QUBT Daily ETF,Miscellaneous,Small Growth,Trading--Leveraged Equity,1.3
ASTX,Tradr 2X Long ASTS Daily ETF,Miscellaneous,Large Growth,Trading--Leveraged Equity,1.3
CWVX,Tradr 2X Long CRWV Daily ETF,Miscellaneous,--,Trading--Leveraged Equity,1.3
SMU,Tradr 2X Long SMR Daily ETF,Miscellaneous,--,Trading--Leveraged Equity,1.3
CEGX,Tradr 2X Long CEG Daily ETF,Miscellaneous,--,Trading--Leveraged Equity,1.3
LABX,Tradr 2X Long ALAB Daily ETF,Miscellaneous,--,Trading--Leveraged Equity,1.3
JOBX,Tradr 2X Long JOBY Daily ETF,Miscellaneous,Small Blend,Trading--Leveraged Equity,1.3
CRDU,Tradr 2X Long CRDO Daily ETF,Miscellaneous,--,Trading--Leveraged Equity,1.3
COZX,Tradr 2X Long CORZ Daily ETF,Miscellaneous,--,Trading--Miscellaneous,1.3
NXPX,Tradr 2X Long NXPI Daily ETF,Miscellaneous,--,Trading--Leveraged Equity,1.3
MCHU,Tradr 2X Long MCHP Daily ETF,Miscellaneous,--,Trading--Leveraged Equity,1.3
ONX,Tradr 2X Long ON Daily ETF,Miscellaneous,--,Trading--Leveraged Equity,1.3
BTF,CoinShares Bitcoin and Ether ETF,Miscellaneous,--,Digital Assets,1.27
CGV,Conductor Global Equity Value ETF,International Equity,Mid Value,Foreign Small/Mid Value,1.25
HFSP,TradersAI Large Cap Equity & Cash ETF,Nontraditional Equity,Large Blend,Long-Short Equity,1.25
YFYA,Yields for You Strategy A ETF,Taxable Bond,Large Blend,Ultrashort Bond,1.25
ORO,Arrow Valtoro ETF,Miscellaneous,--,Digital Assets,1.25
RAM,Roundhill T-REX 2x Long DRAM Daily Target ETF,Miscellaneous,--,Trading--Leveraged Equity,1.25
HYNX,T-REX 2X Long SKHY Daily Target ETF,Miscellaneous,--,Trading--Leveraged Equity,1.25
JOJO,ATAC Credit Rotation ETF,Taxable Bond,--,Multisector Bond,1.24
QIS,Simplify Multi-Qis Alternative ETF,Alternative,Large Blend,Multistrategy,1.21
UNG,"United States Natural Gas Fund, LP",Commodities,--,Commodities Focused,1.17
HIPS,GraniteShares HIPS US High Income ETF,Allocation,Small Value,Aggressive Allocation,1.17
XOMO,Yieldmax XOM Option Income Strategy ETF,Nontraditional Equity,--,Derivative Income,1.17
SLVX,Nicholas Silver Income ETF,Sector Equity,Small Growth,Equity Precious Metals,1.16
UBRL,GraniteShares 2x Long UBER Daily ETF,Miscellaneous,--,Trading--Leveraged Equity,1.15
TQQY,GraniteShares YieldBOOST QQQ ETF,Nontraditional Equity,--,Derivative Income,1.15
YSPY,GraniteShares YieldBOOST SPY ETF,Nontraditional Equity,--,Derivative Income,1.15
CRDD,Cardano ETF,Miscellaneous,--,Digital Assets,1.15
GOOY,YieldMax GOOGL Option Income Strategy ETF,Nontraditional Equity,--,Derivative Income,1.14
ISSB,Incomestkd 1x US Stocks & 1x Bitcoin Premium ETF,Miscellaneous,Large Blend,Digital Assets,1.14
ISBG,Incomestkd 1x Bitcoin & 1x Gold Premium ETF,Miscellaneous,--,Digital Assets,1.14
USOY,Defiance Oil Enhanced Options Income ETF,Nontraditional Equity,--,Equity Hedged,1.12
YQQQ,YieldMax Short N100 Option Income Strategy ETF,Nontraditional Equity,--,Derivative Income,1.11
USLV,Direxion Daily Silver Bull 2X ETF,Miscellaneous,--,Trading--Leveraged Equity,1.1
NVDY,YieldMax NVDA Option Income Strategy ETF,Nontraditional Equity,--,Derivative Income,1.09
AMZY,YieldMax AMZN Option Income Strategy ETF,Nontraditional Equity,--,Derivative Income,1.09
KNOW,Fundamentals First ETF,Allocation,Mid Blend,Global Moderately Aggressive Allocation,1.09
LABD,Direxion Daily S&P Biotech Bear 3X Shares,Miscellaneous,--,Trading--Inverse Equity,1.07
WEBS,Direxion Daily Dow Jones Internet Bear 3X Shares,Miscellaneous,--,Trading--Inverse Equity,1.07
GLDN,Nicholas Gold Income ETF,Sector Equity,Mid Blend,Equity Precious Metals,1.07
CWY,GraniteShares YieldBOOST CRWV ETF,Nontraditional Equity,--,Derivative Income,1.07
CRY,GraniteShares YieldBOOST CRCL ETF,Nontraditional Equity,--,Derivative Income,1.07
MSR,Graniteshares Autocallable Mstr ETF,Nontraditional Equity,--,Derivative Income,1.07
FBY,YieldMax META Option Income Strategy ETF,Nontraditional Equity,--,Derivative Income,1.06
EDZ,Direxion Daily MSCI Emerging Markets Bear 3X Shares,Miscellaneous,Large Blend,Trading--Inverse Equity,1.05
NFXL,Direxion Daily NFLX Bull 2X Shares,Miscellaneous,Large Value,Trading--Leveraged Equity,1.05
DJTU,T-Rex 2X Long DJT Daily Target ETF,Miscellaneous,--,Trading--Leveraged Equity,1.05
RBLU,T-Rex 2X Long RBLX Daily Target ETF,Miscellaneous,--,Trading--Leveraged Equity,1.05
APLY,YieldMax AAPL Option Income Strategy ETF,Nontraditional Equity,--,Derivative Income,1.04
JPO,YieldMax JP Option Income Strategy ETF,Nontraditional Equity,--,Derivative Income,1.04
GOLI,Defiance Gold Enhanced Options Income ETF,Nontraditional Equity,--,Equity Hedged,1.04
MSFO,YieldMax MSFT Option Income Strategy ETF,Nontraditional Equity,--,Derivative Income,1.03
MSTY,Yieldmax MSTR Option Income Strategy ETF,Nontraditional Equity,--,Derivative Income,1.03
GIAX,Nicholas Global Equity and Income ETF,Nontraditional Equity,Large Growth,Derivative Income,1.03
AVS,Direxion Daily AVGO Bear 1X Shares,Miscellaneous,--,Trading--Inverse Equity,1.03
DRAY,YieldMax DKNG Option Income Strategy ETF,Nontraditional Equity,--,Derivative Income,1.03
MSFD,Direxion Daily MSFT Bear 1X Shares,Miscellaneous,--,Trading--Inverse Equity,1.02
AMZD,Direxion Daily AMZN Bear 1X Shares,Miscellaneous,--,Trading--Inverse Equity,1.02
METD,Direxion Daily META Bear 1X ETF,Miscellaneous,--,Trading--Inverse Equity,1.02
MUD,Direxion Daily MU Bear 1X Shares,Miscellaneous,--,Trading--Inverse Equity,1.02
NFLY,YieldMax NFLX Option Income Strategy ETF,Nontraditional Equity,--,Derivative Income,1.01
TSMY,YieldMax TSM Option Income Strategy ETF,Nontraditional Equity,--,Derivative Income,1.01
RSBY,Return Stacked Bonds & Futures Yield ETF,Alternative,Large Blend,Multi-Asset Overlay,1.01
SMCY,YieldMax SMCI Option Income Strategy ETF,Nontraditional Equity,--,Derivative Income,1.01
TSMZ,Direxion Daily TSM Bear 1X Shares,Miscellaneous,--,Trading--Inverse Equity,1.01
RDYY,YieldMax RDDT Option Income Strategy ETF,Nontraditional Equity,--,Derivative Income,1.01
HIYY,YieldMax HIMS Option Income Strategy ETF,Nontraditional Equity,--,Derivative Income,1.01
CRCO,YieldMax CRCL Option Income Strategy ETF,Nontraditional Equity,--,Derivative Income,1.01
TYO,Direxion Daily 7-10 Year Treasury Bear 3X Shares,Miscellaneous,--,Trading--Inverse Debt,1.0
CORN,Teucrium Corn Fund,Commodities,--,Commodities Focused,1.0
CANE,Teucrium Sugar Fund,Commodities,--,Commodities Focused,1.0
TSLP,Kurv Yield Premium Strategy Tesla ETF,Nontraditional Equity,--,Derivative Income,1.0
MRNY,YieldMax MRNA Option Income Strategy ETF,Nontraditional Equity,--,Derivative Income,1.0
PCCE,Polen Capital China Growth ETF,International Equity,Large Blend,Greater China Region,1.0
GDXY,YieldMax Gold Miners Option Income Strategy ETF,Commodities,--,Commodities Focused,1.0
SNOY,YieldMax SNOW Option Income Strategy ETF,Nontraditional Equity,--,Derivative Income,1.0
BABO,YieldMax BABA Option Income Strategy ETF,Nontraditional Equity,--,Derivative Income,1.0
MARO,YieldMax MARA Option Income Strategy ETF,Nontraditional Equity,--,Derivative Income,1.0
NFLW,Roundhill NFLX WeeklyPay ETF,Miscellaneous,Large Value,Trading--Miscellaneous,1.0
WZRD,Opportunistic Trader ETF,U.S. Equity,--,Large Blend,1.0
WCAP,Warcap Unconstrained Equity ETF,U.S. Equity,Large Blend,Large Blend,1.0
ETFT,Fundsmith Equity ETF,International Equity,Large Blend,Global Large-Stock Blend,1.0
ERY,Direxion Daily Energy Bear 2X Shares,Miscellaneous,--,Trading--Inverse Equity,0.99
BUYW,Main Buywrite ETF,Nontraditional Equity,Large Value,Derivative Income,0.99
AIYY,YieldMax AI Option Income Strategy ETF,Nontraditional Equity,--,Derivative Income,0.99
COIW,Roundhill COIN WeeklyPay ETF,Miscellaneous,Mid Growth,Trading--Miscellaneous,0.99
TSLW,Roundhill TSLA WeeklyPay ETF,Miscellaneous,Large Growth,Trading--Miscellaneous,0.99
BLOX,Nicholas Crypto Income ETF,Miscellaneous,Small Growth,Digital Assets,0.99
RBLY,YieldMax(TM) RBLX Option Income Strategy ETF,Nontraditional Equity,--,Derivative Income,0.99
MEMY,Tuttle Capital Meme Stock Income Blast ETF,Nontraditional Equity,--,Derivative Income,0.99
TELG,Leverage Shares 2X Long TEL Daily ETF,Miscellaneous,--,Trading--Leveraged Equity,0.99
KEYG,Leverage Shares 2X Long KEYS Daily ETF,Miscellaneous,--,Trading--Leveraged Equity,0.99
MCHG,Leverage Shares 2X Long MCHP Daily ETF,Miscellaneous,--,Trading--Leveraged Equity,0.99
FNG,Leverage Shares 2X Long FN Daily ETF,Miscellaneous,--,Trading--Leveraged Equity,0.99
APHG,Leverage Shares 2X Long APH Daily ETF,Miscellaneous,--,Trading--Leveraged Equity,0.99
TSEG,Leverage Shares 2X Long TSEM Daily ETF,Miscellaneous,--,Trading--Leveraged Equity,0.99
AXTL,Leverage Shares 2X Long AXTI Daily ETF,Miscellaneous,--,Trading--Leveraged Equity,0.99
ADIU,Leverage Shares 2X Long ADI Daily ETF,Miscellaneous,--,Trading--Leveraged Equity,0.99
XSHP,Kurv SpaceX Enhanced Income ETF,Nontraditional Equity,--,Derivative Income,0.99
ASTG,Leverage Shares 2X Long ASTS Daily ETF,Miscellaneous,--,Trading--Leveraged Equity,0.99
SMTG,Leverage Shares 2X Long SMTC Daily ETF,Miscellaneous,--,Trading--Leveraged Equity,0.99
GFSG,Leverage Shares 2X Long GFS Daily ETF,Miscellaneous,--,Trading--Leveraged Equity,0.99
MTSG,Leverage Shares 2X Long MTSI Daily ETF,Miscellaneous,--,Trading--Leveraged Equity,0.99
HPEL,Leverage Shares 2X Long HPE Daily ETF,Miscellaneous,--,Trading--Leveraged Equity,0.99
AEHG,Leverage Shares 2X Long AEHR Daily ETF,Miscellaneous,--,Trading--Leveraged Equity,0.99
GOOL,Leverage Shares 2X Long GOOGL Daily ETF,Miscellaneous,--,Trading--Leveraged Equity,0.99
VIAG,Leverage Shares 2X Long VIAV Daily ETF,Miscellaneous,--,Trading--Leveraged Equity,0.99
JBLG,Leverage Shares 2X Long JBL Daily ETF,Miscellaneous,--,Trading--Leveraged Equity,0.99
RAML,Leverage Shares 2X Long Memory Daily ETF,Miscellaneous,--,Trading--Leveraged Equity,0.99
IVOL,Quadratic Interest Rate Volatility and Inflation Hedge ETF New,Taxable Bond,--,Inflation-Protected Bond,0.98
PLTD,Direxion Daily PLTR Bear 1X Shares,Miscellaneous,--,Trading--Inverse Equity,0.98
TESL,Simplify Volt TSLA Revolution ETF,U.S. Equity,Large Growth,Large Growth,0.97
FIAX,Nicholas Fixed Income Alternative ETF,Taxable Bond,Large Blend,Nontraditional Bond,0.97
LOFF,Direxion Daily SpaceX Bull 2X ETF,Miscellaneous,--,Trading--Leveraged Equity,0.97
SKHL,Direxion Daily SK Hynix Bull 2X ETF,Miscellaneous,--,Trading--Leveraged Equity,0.97
LOFD,Direxion Daily SpaceX Bear 2X ETF,Miscellaneous,--,Trading--Inverse Equity,0.97
RETL,Direxion Daily Retail Bull 3X Shares,Miscellaneous,Small Value,Trading--Leveraged Equity,0.96
AAPD,Direxion Daily AAPL Bear 1X Shares,Miscellaneous,--,Trading--Inverse Equity,0.96
YETH,Roundhill Ether Covered Call Strategy ETF,Miscellaneous,--,Digital Assets,0.96
MYY,ProShares Short MidCap400,Miscellaneous,--,Trading--Inverse Equity,0.95
DXD,ProShares UltraShort Dow30,Miscellaneous,--,Trading--Inverse Equity,0.95
MZZ,ProShares UltraShort MidCap400,Miscellaneous,--,Trading--Inverse Equity,0.95
QID,ProShares UltraShort QQQ,Miscellaneous,--,Trading--Inverse Equity,0.95
SDD,ProShares UltraShort SmallCap600,Miscellaneous,--,Trading--Inverse Equity,0.95
RWM,ProShares Short Russell2000,Miscellaneous,--,Trading--Inverse Equity,0.95
SSG,ProShares UltraShort Semiconductors,Miscellaneous,--,Trading--Inverse Equity,0.95
EWV,ProShares UltraShort MSCI Japan,Miscellaneous,--,Trading--Inverse Equity,0.95
EPV,ProShares UltraShort FTSE Europe,Miscellaneous,--,Trading--Inverse Equity,0.95
UBT,ProShares Ultra 20+ Year Treasury,Miscellaneous,--,Trading--Leveraged Debt,0.95
SMDD,ProShares UltraPro Short MidCap400,Miscellaneous,--,Trading--Inverse Equity,0.95
BIS,ProShares UltraShort Nasdaq Biotechnology,Miscellaneous,--,Trading--Inverse Equity,0.95
SJB,ProShares Short High Yield,Miscellaneous,--,Trading--Inverse Debt,0.95
KCCA,KraneShares California Carbon Allowance ETF,Commodities,--,Commodities Focused,0.95
BITO,ProShares Bitcoin ETF,Miscellaneous,--,Digital Assets,0.95
YBTC,Roundhill Bitcoin Covered Call Strategy ETF,Miscellaneous,--,Digital Assets,0.95
LTCC,Canary Litecoin ETF,Miscellaneous,--,Digital Assets,0.95
OTGL,OTG Latin America ETF,International Equity,Large Blend,Focused Region,0.95
HBR,Canary HBAR ETF,Miscellaneous,--,Digital Assets,0.95
SPCF,Proshares Ultra Spacex,Miscellaneous,--,Trading--Leveraged Equity,0.95
MWHS,Skylar Electricity Futures ETF,Commodities,--,Commodities Focused,0.95
SKHU,Proshares Ultra Sk Hynix,Miscellaneous,--,Trading--Inverse Equity,0.95
KOOL,North Shore Equity Rotation ETF,U.S. Equity,Large Blend,Large Blend,0.93
VIXM,ProShares VIX Mid-Term Futures ETF,Miscellaneous,--,Trading--Miscellaneous,0.92
SPYT,Defiance S&P 500 Target Income ETF,U.S. Equity,Large Blend,Large Blend,0.92
BGLD,FT Vest Gold Strategy Quarterly Buffer ETF,Nontraditional Equity,--,Defined Outcome,0.91
BFAP,FT Vest Bitcoin Strategy Floor15 ETF - April,Miscellaneous,--,Digital Assets,0.9
BFJL,FT Vest Bitcoin Strategy Floor15 ETF - July,Miscellaneous,--,Digital Assets,0.9
BFOC,FT Vest Bitcoin Strat Floor15 ETF - Oct,Miscellaneous,--,Digital Assets,0.9
BFJA,FT Vest Bitcoin Strategy Floor15 ETF - January,Nontraditional Equity,--,Defined Outcome,0.9
WAGN,Pabrai Wagons ETF,International Equity,Small Blend,Global Small/Mid Stock,0.9
NGIF,Nuveen Global Infrastructure Fund ETF Class,Sector Equity,Mid Blend,Infrastructure,0.88
FMQQ,FMQQ The Next Frontier Internet ETF,International Equity,Large Growth,Diversified Emerging Mkts,0.86
INQQ,INQQ The India Internet ETF,International Equity,Large Growth,India Equity,0.86
AFIF,Anfield Universal Fixed Income ETF,Taxable Bond,--,Multisector Bond,0.85
CRPT,First Trust SkyBridge Crypto Industry and Digital Economy ETF,Sector Equity,Mid Blend,Equity Digital Assets,0.85
PCGG,Polen Capital Global Growth ETF,International Equity,Large Growth,Global Large-Stock Growth,0.85
LGHT,Langar Global Healthtech ETF,Sector Equity,Mid Blend,Health,0.85
PCIG,Polen Capital International Growth ETF,International Equity,Large Growth,Foreign Large Growth,0.85
OWNB,Bitwise Bitcoin Standard Corporations ETF,Sector Equity,Small Blend,Equity Digital Assets,0.85
DFII,FT Vest Bitcoin Strategy & Target Income ETF,Miscellaneous,--,Digital Assets,0.85
TNGY,Tortoise Energy Fund,Sector Equity,Mid Value,Equity Energy,0.85
YBMN,Defiance BMNR Option Income ETF,Nontraditional Equity,--,Derivative Income,0.85
FPE,First Trust Preferred Securities and Income ETF,Taxable Bond,--,Preferred Stock,0.83
TSLL,Direxion Daily TSLA Bull 2X Shares,Miscellaneous,Large Growth,Trading--Leveraged Equity,0.83
BBHM,BBH Select Mid Cap ETF,U.S. Equity,Mid Growth,Mid-Cap Growth,0.81
COPY,"Tweedy, Browne Insider + Value ETF",International Equity,Mid Value,Global Small/Mid Stock,0.8
ICPY,"Tweedy, Browne International Insider + Value ETF",International Equity,Mid Value,Foreign Large Value,0.8
QBF,Innovator Uncapped Bitcoin 20 Floor ETF - Quarterly,Miscellaneous,--,Digital Assets,0.79
CBTL,Calamos Laddered Bitcoin 80 Series Structured Alt Protection ETF,Miscellaneous,--,Digital Assets,0.79
MSOS,AdvisorShares Pure US Cannabis ETF,Sector Equity,Small Blend,Miscellaneous Sector,0.78
QTUP,Defiance Pure Quantum ETF,Sector Equity,Small Growth,Technology,0.77
GYLD,Arrow Dow Jones Global Yield ETF,Allocation,Small Value,Global Moderate Allocation,0.75
MFLX,First Trust Flexible Municipal High Income ETF,Municipal Bond,--,Muni National Long,0.75
NIKL,Sprott Nickel Miners ETF,Sector Equity,Small Value,Natural Resources,0.75
SSK,REX-Osprey SOL + Staking ETF,Miscellaneous,--,Digital Assets,0.75
XRPR,REX-Osprey XRP ETF,Miscellaneous,--,Digital Assets,0.75
BCCC,Global X Bitcoin Covered Call ETF,Miscellaneous,--,Digital Assets,0.75
ETTY,Amplify Ethereum 3% Monthly Option Income ETF,Miscellaneous,--,Digital Assets,0.75
EHY,Amplify Ethereum Max Income Covered Call ETF,Miscellaneous,--,Digital Assets,0.75
SOLM,Amplify Solana 3% Monthly Option Income ETF,Miscellaneous,--,Digital Assets,0.75
XRPM,Amplify XRP 3% Monthly Option Income ETF,Miscellaneous,--,Digital Assets,0.75
SUIS,Canary Staked SUI ETF,Miscellaneous,--,Digital Assets,0.75
CIEG,Leverage Shares 2X Long CIEN Daily ETF,Miscellaneous,--,Trading--Leveraged Equity,0.75
SNDG,Leverage Shares 2X Long SNDK Daily ETF,Miscellaneous,--,Trading--Leveraged Equity,0.75
AAOG,Leverage Shares 2X Long AAOI Daily ETF,Miscellaneous,--,Trading--Leveraged Equity,0.75
STXU,Leverage Shares 2X Long STX Daily ETF,Miscellaneous,--,Trading--Leveraged Equity,0.75
CATG,Leverage Shares 2X Long CAT Daily ETF,Miscellaneous,--,Trading--Leveraged Equity,0.75
COHH,Leverage Shares 2X Long COHR Daily ETF,Miscellaneous,--,Trading--Leveraged Equity,0.75
ETNG,Leverage Shares 2X Long ETN Daily ETF,Miscellaneous,--,Trading--Leveraged Equity,0.75
HONG,Leverage Shares 2X Long HON Daily ETF,Miscellaneous,--,Trading--Leveraged Equity,0.75
AMAU,Leverage Shares 2X Long AMAT Daily ETF,Miscellaneous,--,Trading--Leveraged Equity,0.75
CBRG,Leverage Shares 2X Long CBRS Daily ETF,Miscellaneous,--,Trading--Leveraged Equity,0.75
ONG,Leverage Shares 2X Long ON Daily ETF,Miscellaneous,--,Trading--Leveraged Equity,0.75
NXPG,Leverage Shares 2X Long NXPI Daily ETF,Miscellaneous,--,Trading--Leveraged Equity,0.75
SSPC,Leverage Shares 2X Short SPCX Daily ETF,Miscellaneous,--,Trading--Inverse Equity,0.75
SPCH,Leverage Shares 2X Long SPCX Daily ETF,Miscellaneous,--,Trading--Leveraged Equity,0.75
CDNG,Leverage Shares 2X Long CDNS Daily ETF,Miscellaneous,--,Trading--Leveraged Equity,0.75
ENTL,Leverage Shares 2X Long ENTG Daily ETF,Miscellaneous,--,Trading--Leveraged Equity,0.75
FPSX,Leverage Shares 2X Long FPS Daily ETF,Miscellaneous,--,Trading--Leveraged Equity,0.75
FOMG,Leverage Shares 2X Long FORM Daily ETF,Miscellaneous,--,Trading--Leveraged Equity,0.75
AAPE,Leverage Shares 2X Long AAPL Daily ETF,Miscellaneous,--,Trading--Leveraged Equity,0.75
METG,Leverage Shares 2X Long META Daily ETF,Miscellaneous,--,Trading--Leveraged Equity,0.75
SKHZ,Leverage Shares 1X Short Sk Hynix Daily ETF,Miscellaneous,--,Trading--Inverse Equity,0.75
SKHX,Leverage Shares 2X Long SK Hynix Daily ETF,Miscellaneous,--,Trading--Leveraged Equity,0.75
BUSM,EA Bridgeway Ultra-Small Company Market ETF,U.S. Equity,Small Value,Small Value,0.73
JHAC,John Hancock Fundamental All Cap Core ETF,U.S. Equity,Large Blend,Large Blend,0.72
MDIV,First Trust Multi-Asset Diversified Income Index Fund,Allocation,Small Value,Aggressive Allocation,0.71
BBHL,BBH Select Large Cap ETF,U.S. Equity,Large Blend,Large Growth,0.71
FTRI,First Trust Indxx Global Natural Resources Income ETF,Sector Equity,Large Value,Natural Resources,0.7
LOEV,Harding Loevner International Developed Markets Select Equity ETF,International Equity,Large Blend,Foreign Large Blend,0.7
KTEC,KraneShares Hang Seng TECH Index ETF,International Equity,Large Blend,Greater China Region,0.69
MEME,Roundhill Meme Stock ETF,Miscellaneous,Mid Growth,Trading--Leveraged Equity,0.69
CBTJ,Calamos Bitcoin 80 Series Structured Alt Protection ETF - January,Miscellaneous,--,Digital Assets,0.69
UPAR,UPAR Ultra Risk Parity ETF,Allocation,Large Blend,Tactical Allocation,0.68
VNM,VanEck Vietnam ETF,International Equity,Mid Blend,Focused Region,0.66
SATO,Invesco Alerian Galaxy Crypto Economy ETF,Sector Equity,Small Blend,Equity Digital Assets,0.66
LITP,Sprott Lithium Miners ETF,Sector Equity,Mid Blend,Natural Resources,0.65
THTA,SoFi Enhanced Yield ETF,Taxable Bond,--,Short Government,0.65
LTTI,FT Vest 20+ Year Treasury & Target Income ETF,Taxable Bond,--,Long Government,0.65
BTCC,Grayscale Bitcoin Covered Call ETF,Miscellaneous,--,Digital Assets,0.65
ETCO,Grayscale Ethereum Covered Call ETF,Miscellaneous,--,Digital Assets,0.65
KMEM,Kurv Memory Select ETF,Sector Equity,Large Blend,Technology,0.65
OGSP,Obra High Grade Structured Products ETF,Taxable Bond,--,Securitized Bond - Diversified,0.64
OOSP,Obra Opportunistic Structured Products ETF,Taxable Bond,--,Securitized Bond - Diversified,0.64
BRF,VanEck Brazil Small-Cap ETF,International Equity,Small Value,Focused Region,0.6
PPLT,abrdn Physical Platinum Shares ETF,Commodities,--,Commodities Focused,0.6
QAT,iShares MSCI Qatar ETF,International Equity,Mid Value,Focused Region,0.6
RYLD,Global X Russell 2000 Covered Call ETF,Nontraditional Equity,Small Blend,Derivative Income,0.6
XRMI,Global X S&P 500® Risk Managed Income ETF,Nontraditional Equity,Large Blend,Derivative Income,0.6
QRMI,Global X NASDAQ 100® Risk Managed Income ETF,Nontraditional Equity,Large Growth,Derivative Income,0.6
EIDO,iShares MSCI Indonesia ETF,International Equity,Large Value,Focused Region,0.59
EWZS,iShares MSCI Brazil Small-Cap ETF,International Equity,Mid Blend,Focused Region,0.59
PDBC,Invesco Optimum Yield Diversified Commodity Strategy No K-1 ETF,Commodities,--,Commodities Broad Basket,0.59
TAIL,Cambria Tail Risk ETF,Miscellaneous,--,Trading--Inverse Equity,0.59
BATT,Amplify Lithium & Battery Technology ETF,Sector Equity,Large Growth,Natural Resources,0.59
EVMT,Invesco Electric Vehicle Metals Commodity Strategy No K-1 ETF,Commodities,--,Commodities Focused,0.59
KRYP,ProShares CoinDesk 20 Crypto ETF,Miscellaneous,--,Digital Assets,0.58
IDX,VanEck Indonesia Index ETF,International Equity,Large Value,Focused Region,0.57
PGF,Invesco Financial Preferred ETF,Taxable Bond,--,Preferred Stock,0.55
HYSA,Bondbloxx USD High Yield Bond Sector Rotation ETF,Taxable Bond,--,High Yield Bond,0.55
BDVG,iMGP Berkshire Dividend Growth ETF,U.S. Equity,Large Value,Large Value,0.55
AOHY,Angel Oak High Yield Opportunities ETF,Taxable Bond,--,High Yield Bond,0.55
DHLX,Diamond Hill Large Cap Concentrated ETF,U.S. Equity,Large Value,Large Value,0.55
DAPP,VanEck Digital Transformation ETF,Sector Equity,Small Growth,Equity Digital Assets,0.52
YOLO,AdvisorShares Pure Cannabis ETF,Sector Equity,Small Value,Miscellaneous Sector,0.51
PGX,Invesco Preferred ETF,Taxable Bond,--,Preferred Stock,0.5
ALTY,Global X Alternative Income ETF,Allocation,Mid Value,Global Moderate Allocation,0.5
PLTM,GraniteShares Platinum Trust,Commodities,--,Commodities Focused,0.5
SPSK,SP Funds Dow Jones Global Sukuk ETF,Taxable Bond,--,Global Bond,0.5
RIET,Hoya Capital High Dividend Yield ETF,Sector Equity,Small Value,Real Estate,0.5
QQQD,Direxion Daily Magnificent 7 Bear 1X Shares,Miscellaneous,--,Trading--Inverse Equity,0.5
YFFI,Indexperts Yield Focused Fixed Income ETF,Taxable Bond,--,Intermediate Core Bond,0.5
RILA,Indexperts Gorilla Aggressive Growth ETF,U.S. Equity,Large Growth,Large Growth,0.5
QIDX,Indexperts Quality Earnings Focused ETF,U.S. Equity,Mid Blend,Mid-Cap Blend,0.5
ODHY,Obra Defensive High Yield ETF,Taxable Bond,--,High Yield Bond,0.5
SOLC,Canary Marinade Solana ETF,Miscellaneous,--,Digital Assets,0.5
XRPC,Canary XRP ETF,Miscellaneous,--,Digital Assets,0.5
TDOG,21Shares Dogecoin ETF,Miscellaneous,--,Digital Assets,0.5
TCAN,21Shares Canton Network ETF,Miscellaneous,--,Digital Assets,0.5
SK,Corgi SK hynix 2x Daily ETF,Miscellaneous,--,Trading--Leveraged Equity,0.5
DVAL,BrandywineGLOBAL Dynamic U.S. Large Cap Value ETF,U.S. Equity,Large Value,Large Value,0.49
MBS,Angel Oak Mortgage-Backed Securities ETF,Taxable Bond,--,Securitized Bond - Diversified,0.49
SPFF,Global X SuperIncome™ Preferred ETF,Taxable Bond,--,Preferred Stock,0.48
EPRF,Innovator S&P Investment Grade Preferred ETF,Taxable Bond,--,Preferred Stock,0.47
ILIT,Ishares Lithium Miners And Producers ETF,Sector Equity,Mid Growth,Natural Resources,0.47
PFFR,InfraCap REIT Preferred ETF,Taxable Bond,--,Preferred Stock,0.45
VGSR,Vert Global Sustainable Real Estate ETF,Sector Equity,Mid Blend,Global Real Estate,0.45
EUVX,Corgi Lithography & Semiconductor Photonics 2x Daily ETF,Miscellaneous,--,Trading--Leveraged Equity,0.45
KRWX,Corgi South Korea 2x Daily ETF,Miscellaneous,--,Trading--Leveraged Equity,0.45
XQTM,Corgi Quantum Computing 2x Daily ETF,Miscellaneous,--,Trading--Leveraged Equity,0.45
ACLZ,Corgi ACLS 2x Daily ETF,Miscellaneous,--,Trading--Leveraged Equity,0.45
ACMM,Corgi ACMR 2x Daily ETF,Miscellaneous,--,Trading--Leveraged Equity,0.45
SIMX,Corgi SIMO 2x Daily ETF,Miscellaneous,--,Trading--Leveraged Equity,0.45
UMCX,Corgi UMC 2x Daily ETF,Miscellaneous,--,Trading--Leveraged Equity,0.45
RMBC,Corgi RMBS 2x Daily ETF,Miscellaneous,--,Trading--Leveraged Equity,0.45
LASC,Corgi LASR 2x Daily ETF,Miscellaneous,--,Trading--Leveraged Equity,0.45
CRUC,Corgi CRUS 2x Daily ETF,Miscellaneous,--,Trading--Leveraged Equity,0.45
APPC,Corgi APP 2x Daily ETF,Miscellaneous,--,Trading--Leveraged Equity,0.45
MIC,Corgi MU 2x Daily ETF,Miscellaneous,--,Trading--Leveraged Equity,0.45
UCTX,Corgi UCTT 2x Daily ETF,Miscellaneous,--,Trading--Leveraged Equity,0.45
SNDC,Corgi SNDK 2x Daily ETF,Miscellaneous,--,Trading--Leveraged Equity,0.45
IONC,Corgi IONQ 2x Daily ETF,Miscellaneous,--,Trading--Leveraged Equity,0.45
CIFC,Corgi CIFR 2x Daily ETF,Miscellaneous,--,Trading--Leveraged Equity,0.45
EO,Corgi EOSE 2x Daily ETF,Miscellaneous,--,Trading--Leveraged Equity,0.45
GLX,Corgi GLXY 2x Daily ETF,Miscellaneous,--,Trading--Leveraged Equity,0.45
GMEC,Corgi GME 2x Daily ETF,Miscellaneous,--,Trading--Leveraged Equity,0.45
ARMA,Corgi ARM 2x Daily ETF,Miscellaneous,--,Trading--Leveraged Equity,0.45
RKX,Corgi RKLB 2x Daily ETF,Miscellaneous,--,Trading--Leveraged Equity,0.45
BEC,Corgi BE 2x Daily ETF,Miscellaneous,--,Trading--Leveraged Equity,0.45
INT,Corgi Intc 2x Daily ETF,Miscellaneous,--,Trading--Leveraged Equity,0.45
NVTC,Corgi NVTS 2x Daily ETF,Miscellaneous,--,Trading--Leveraged Equity,0.45
OKLC,Corgi OKLO 2x Daily ETF,Miscellaneous,--,Trading--Leveraged Equity,0.45
AMKX,Corgi AMKR 2x Daily ETF,Miscellaneous,--,Trading--Leveraged Equity,0.45
APMI,Corgi AMAT 2x Daily ETF,Miscellaneous,--,Trading--Leveraged Equity,0.45
LRCC,Corgi LRCX 2x Daily ETF,Miscellaneous,--,Trading--Leveraged Equity,0.45
WDCC,Corgi WDC 2x Daily ETF,Miscellaneous,--,Trading--Leveraged Equity,0.45
ALA,Corgi ALAB 2x Daily ETF,Miscellaneous,--,Trading--Leveraged Equity,0.45
TEMC,Corgi TEM 2x Daily ETF,Miscellaneous,--,Trading--Leveraged Equity,0.45
NBIC,Corgi NBIS 2x Daily ETF,Miscellaneous,--,Trading--Leveraged Equity,0.45
MHX,Corgi MARA 2x Daily ETF,Miscellaneous,--,Trading--Leveraged Equity,0.45
RDDC,Corgi RDDT 2x Daily ETF,Miscellaneous,--,Trading--Leveraged Equity,0.45
MORT,VanEck Mortgage REIT Income ETF,Sector Equity,Small Value,Real Estate,0.43
GENM,Genter Capital Municipal Quality Intermediate ETF,Municipal Bond,--,Muni National Interm,0.39
GENT,Genter Capital Taxable Quality Intermediate ETF,Taxable Bond,--,Intermediate Core Bond,0.38
GEND,Genter Capital Dividend Income ETF,U.S. Equity,Large Value,Large Value,0.38
GENW,Genter Capital International Dividend ETF,International Equity,Large Value,Foreign Large Value,0.38
FTNY,Franklin New York Municipal Income ETF,Municipal Bond,--,Muni New York Long,0.36
KBWY,Invesco KBW Premium Yield Equity REIT ETF,Sector Equity,Small Value,Real Estate,0.35
FTMH,Franklin Municipal High Yield ETF,Municipal Bond,--,High Yield Muni,0.35
FTCA,Franklin California Municipal Income ETF,Municipal Bond,--,Muni California Long,0.35
FTMA,Franklin Massachusetts Municipal Inc ETF,Municipal Bond,--,Muni Massachusetts,0.35
FTPA,Franklin Pennsylvania Municipal Income ETF,Municipal Bond,--,Muni Pennsylvania,0.35
FTMN,Franklin Minnesota Municipal Income ETF,Municipal Bond,--,Muni Minnesota,0.35
FTNJ,Franklin New Jersey Municipal Income ETF,Municipal Bond,--,Muni New Jersey,0.35
FTOH,Franklin Ohio Municipal Income ETF,Municipal Bond,--,Muni Ohio,0.35
GAVA,Grayscale Avalanche Staking ETF,Miscellaneous,--,Digital Assets,0.35
REGS,Columbia Large Cap Growth ETF,U.S. Equity,Large Growth,Large Growth,0.35
XRP,Bitwise XRP ETF,Miscellaneous,--,Digital Assets,0.34
BWOW,Bitwise Dogecoin ETF,Miscellaneous,--,Digital Assets,0.34
CLNK,Bitwise Chainlink ETF,Miscellaneous,--,Digital Assets,0.34
BAVA,Bitwise Avalanche ETF,Miscellaneous,--,Digital Assets,0.34
XSHD,Invesco S&P SmallCap High Dividend Low Volatility ETF,U.S. Equity,Small Value,Small Value,0.3
OWNS,CCM Affordable Housing MBS ETF,Taxable Bond,--,Government Mortgage-Backed Bond,0.3
FTMU,Franklin Municipal Income ETF,Municipal Bond,--,Muni National Long,0.3
VSOL,VanEck Solana ETF,Miscellaneous,--,Digital Assets,0.3
TSUI,21Shares Sui ETF,Miscellaneous,--,Digital Assets,0.3
TDOT,21Shares Polkadot ETF,Miscellaneous,--,Digital Assets,0.3
DIAL,Columbia Diversified Fixed Income Allocation ETF,Taxable Bond,--,Multisector Bond,0.29
TYA,Simplify Intermediate Term Treasury Futures Strategy ETF,Taxable Bond,--,Long Government,0.25
ETHA,iShares Ethereum Trust ETF,Miscellaneous,--,Digital Assets,0.25
NCIQ,Hashdex Nasdaq CME Crypto Index ETF,Miscellaneous,--,Digital Assets,0.25
FSOL,Fidelity Solana Fund,Miscellaneous,--,Digital Assets,0.25
QSOL,Invesco Galaxy Solana ETF,Miscellaneous,--,Digital Assets,0.25
MLN,VanEck Long Muni ETF,Municipal Bond,--,Muni National Long,0.24
TETH,21Shares Ethereum ETF,Miscellaneous,--,Digital Assets,0.21
FTMS,Franklin Short-Term Municipal Income ETF,Municipal Bond,--,Muni National Short,0.21
BSOL,Bitwise Solana Staking ETF,Miscellaneous,--,Digital Assets,0.2
VAVX,VanEck Avalanche ETF,Miscellaneous,--,Digital Assets,0.2
AMDC,Corgi AMD 2x Daily ETF,Miscellaneous,--,Trading--Leveraged Equity,0.2
HOOC,Corgi Hood 2x Daily ETF,Miscellaneous,--,Trading--Leveraged Equity,0.2
GSOL,Grayscale Solana Staking ETF,Miscellaneous,--,Digital Assets,0.19
EZET,Franklin Ethereum ETF,Miscellaneous,--,Digital Assets,0.19
EZPZ,Franklin Crypto Index ETF,Miscellaneous,--,Digital Assets,0.19
ARMH,Arm Holdings PLC ADRhedged,Sector Equity,--,Technology,0.19
STHH,STMicroelectronics NV ADRhedged,Sector Equity,Large Growth,Technology,0.19
ASMH,ASML Holding NV ADRhedged,Sector Equity,Large Growth,Technology,0.19
SOEZ,Franklin Solana ETF,Miscellaneous,--,Digital Assets,0.19
XRPZ,Franklin XRP ETF,Miscellaneous,--,Digital Assets,0.19
BBLU,Ea Bridgeway Blue Chip ETF,U.S. Equity,Large Value,Large Blend,0.15
ETH,Grayscale Ethereum Mini Staking ETF,Miscellaneous,--,Digital Assets,0.15
BSCU,Invesco BulletShares 2030 Corporate Bond ETF,Taxable Bond,--,Target Maturity,0.1
BSCV,Invesco BulletShares 2031 Corporate Bond ETF,Taxable Bond,--,Target Maturity,0.1
BCYIF,iShares Core FTSE 100 UCITS ETF GBP (Dist),,Large Blend,UK Large-Cap Equity,0.07
SMB,VanEck Short Muni ETF,Municipal Bond,--,Muni National Short,0.07
GLNK,Grayscale Chainlink Trust ETF,Miscellaneous,--,Digital Assets,0.0
ETHW,Bitwise Ethereum ETF,Miscellaneous,--,Digital Assets,0.0
DIME,CoinShares Altcoins ETF,Miscellaneous,--,Digital Assets,0.0
TSOL,21Shares Solana ETF,Miscellaneous,--,Digital Assets,0.0
GSUI,Grayscale Sui Staking ETF,Miscellaneous,--,Digital Assets,0.0
GDOG,Grayscale Dogecoin Trust ETF,Miscellaneous,--,Digital Assets,
TOXR,21shares XRP ETF,Miscellaneous,--,Digital Assets,
Highlighted cells have been user-added and may not meet the criteria included in the screen.,,,,,
The data and information in this spreadsheet is provided to you solely for your use and is not for distribution.,,,,,
"The spreadsheet is provided for informational purposes only, and is not intended to provide advice, nor should it be construed ",,,,,
"as an offer to sell, a solicitation of an offer to buy or a recommendation for any security by Fidelity or any third party.",,,,,
Data and information shown is based on information known to Fidelity as of the date it was exported and is subject to change.,,,,,
"For more information on the data included in this spreadsheet, including any limitations thereof, go to Fidelity.com.",,,,,
Performance data quoted represents past performance and the return and principal value of an investment will fluctuate ,,,,,
so that an investor's shares when redeemed may be worth more or less than their original cost.,,,,,
"Brokerage services are provided by Fidelity Brokerage Services LLC, 900 Salem Street, Smithfield RI 02917.",,,,,
Custody and other services provided by National Financial Servicess LLC.,,,,,
"Both are Fidelity Investment companies and members SIPC, NYSE.",,,,,
AS OF 03:11 AM ET 08/11/2026 Quotes delayed at least 15 minutes.,,,,,
PSP,Invesco Global Listed Private Equity ETF,Sector Equity,Mid Value,Financial,1.8
SNOU,T-Rex 2X Long SNOW Daily Target ETF,Miscellaneous,--,Trading--Leveraged Equity,1.5
FTLS,First Trust Long/Short Equity ETF,Nontraditional Equity,Large Blend,Long-Short Equity,1.38
EZJ,ProShares Ultra MSCI Japan,Miscellaneous,Large Blend,Trading--Leveraged Equity,1.17
EDC,Direxion Daily MSCI Emerging Markets Bull 3X Shares,Miscellaneous,Large Blend,Trading--Leveraged Equity,1.09
AADR,AdvisorShares Dorsey Wright ADR ETF,International Equity,Large Blend,Foreign Large Growth,1.09
DWUS,AdvisorShares Dorsey Wright FSM US Core ETF,U.S. Equity,Large Growth,Large Blend,1.08
TNA,Direxion Daily Small Cap Bull 3X Shares,Miscellaneous,Small Blend,Trading--Leveraged Equity,1.05
GOOX,T-Rex 2X Long Alphabet Daily Target ETF,Miscellaneous,Large Value,Trading--Leveraged Equity,1.05
CHPY,YieldMax Semiconductor Portfolio Option Income ETF,Nontraditional Equity,Large Growth,Derivative Income,1.03
TECS,Direxion Daily Technology Bear 3X Shares,Miscellaneous,--,Trading--Inverse Equity,1.01
MJSC,MUFG Japan Small Cap Active ETF,International Equity,Mid Growth,Japan Stock,1.01
LGH,HCM Defender 500 Index ETF,U.S. Equity,Large Blend,Large Blend,1.0
GOOW,Roundhill GOOGL WeeklyPay ETF,Miscellaneous,Large Value,Trading--Miscellaneous,1.0
AMDW,Roundhill AMD WeeklyPay ETF,Miscellaneous,Large Growth,Trading--Miscellaneous,1.0
TSMX,Direxion Daily TSM Bull 2X Shares,Miscellaneous,Large Growth,Trading--Leveraged Equity,0.99
MIDU,Direxion Daily Mid Cap Bull 3X Shares,Miscellaneous,Small Blend,Trading--Leveraged Equity,0.98
QQH,HCM Defender 100 Index ETF,U.S. Equity,Large Growth,Large Growth,0.98
AKRE,Akre Focus ETF,U.S. Equity,Large Blend,Large Growth,0.98
AIBU,Direxion Daily AI And Big Data Bull 2X Shares,Miscellaneous,Large Growth,Trading--Leveraged Equity,0.96
DIG,ProShares Ultra Energy,Miscellaneous,Large Value,Trading--Leveraged Equity,0.95
DDM,ProShares Ultra Dow30,Miscellaneous,Large Value,Trading--Leveraged Equity,0.95
UWM,ProShares Ultra Russell2000,Miscellaneous,Small Blend,Trading--Leveraged Equity,0.95
UXI,ProShares Ultra Industrials,Miscellaneous,Large Blend,Trading--Leveraged Equity,0.95
UDOW,ProShares UltraPro Dow30,Miscellaneous,Large Value,Trading--Leveraged Equity,0.95
UJB,ProShares Ultra High Yield,Miscellaneous,--,Trading--Leveraged Debt,0.95
TTT,ProShares UltraPro Short 20+ Year Treasury,Miscellaneous,--,Trading--Inverse Debt,0.95
ROBO,Robo Global® Robotics and Automation Index ETF,Sector Equity,Mid Growth,Technology,0.95
TSLS,Direxion Daily TSLA Bear 1X Shares,Miscellaneous,--,Trading--Inverse Equity,0.95
LCLG,Logan Capital Broad Innovative Growth ETF,U.S. Equity,Large Growth,Large Growth,0.9
HECO,State Street® Galaxy Hedged Digital Asset Ecosystem ETF,Sector Equity,Mid Growth,Equity Digital Assets,0.9
FV,First Trust Dorsey Wright Focus 5 ETF,U.S. Equity,Mid Blend,Mid-Cap Blend,0.89
WTLS,Wisdomtree Efficient Long/Short US Equity Fund,Nontraditional Equity,Large Blend,Long-Short Equity,0.88
FNOV,FT Vest U.S. Equity Buffer ETF - November,Nontraditional Equity,Large Blend,Defined Outcome,0.85
FFEB,FT Vest U.S. Equity Buffer ETF - February,Nontraditional Equity,Large Blend,Defined Outcome,0.85
FJUN,FT Vest U.S. Equity Buffer ETF - June,Nontraditional Equity,Large Blend,Defined Outcome,0.85
FJUL,FT Vest U.S. Equity Buffer ETF - July,Nontraditional Equity,Large Blend,Defined Outcome,0.85
NUKZ,Range Nuclear Renaissance ETF,Sector Equity,Mid Blend,Miscellaneous Sector,0.85
EMEQ,Nomura Focused Emerging Markets Equity ETF,International Equity,Large Blend,Diversified Emerging Mkts,0.85
WUGI,AXS Esoterica NextG Economy ETF,Sector Equity,Large Growth,Technology,0.84
TQQQ,ProShares UltraPro QQQ,Miscellaneous,Large Growth,Trading--Leveraged Equity,0.82
FEP,First Trust Europe AlphaDEX® Fund,International Equity,Mid Value,Europe Stock,0.8
FJP,First Trust Japan AlphaDEX® Fund,International Equity,Large Value,Japan Stock,0.8
FSZ,First Trust Switzerland AlphaDEX® Fund,International Equity,Mid Growth,Focused Region,0.8
FGM,First Trust Germany AlphaDEX® Fund,International Equity,Large Value,Focused Region,0.8
FDTS,First Trust Developed Markets ex-US Small Cap AlphaDEX® Fund,International Equity,Small Value,Foreign Small/Mid Value,0.8
FEUZ,First Trust Eurozone AlphaDEX® ETF,International Equity,Mid Value,Europe Stock,0.8
FFUT,Fidelity Managed Futures ETF,Alternative,Large Growth,Systematic Trend,0.8
BJAN,Innovator U.S. Equity Buffer ETF™ - January,Nontraditional Equity,Large Blend,Defined Outcome,0.79
NOCT,Innovator Growth-100 Power Buffer ETF™ - October,Nontraditional Equity,--,Defined Outcome,0.79
NJAN,Innovator Growth-100 Power Buffer ETF™ - January,Nontraditional Equity,Large Growth,Defined Outcome,0.79
NAPR,Innovator Nasdaq-100 Power Buffer ETF - April,Nontraditional Equity,--,Defined Outcome,0.79
NJUL,Innovator Nasdaq-100 Power Buffer ETF - July,Nontraditional Equity,Large Growth,Defined Outcome,0.79
LIT,Global X Lithium & Battery Tech ETF,Sector Equity,Large Blend,Natural Resources,0.75
INCO,Columbia India Consumer ETF,International Equity,Large Growth,India Equity,0.75
GURU,Global X Guru™ Index ETF,U.S. Equity,Mid Blend,Large Blend,0.75
ARKK,ARK Innovation ETF,Sector Equity,Mid Growth,Technology,0.75
KNO,AXS Knowledge Leaders ETF,International Equity,Large Growth,Global Large-Stock Blend,0.75
ITEQ,Amplify Bluestar Israel Technology ETF,Sector Equity,Mid Growth,Technology,0.75
AOTG,AOT Growth and Innovation ETF,Sector Equity,Large Growth,Technology,0.75
SUPP,TCW Transform Supply Chain ETF,U.S. Equity,Large Growth,Large Blend,0.75
GSC,Goldman Sachs Small Cap Equity ETF,U.S. Equity,Small Blend,Small Blend,0.75
AIS,VistaShares Artificial Intelligence Supercycle ETF,Sector Equity,Large Growth,Technology,0.75
FNK,First Trust Mid Cap Value AlphaDEX® Fund,U.S. Equity,Small Value,Small Value,0.74
SMIN,iShares MSCI India Small-Cap ETF,International Equity,Mid Growth,India Equity,0.74
EEM,iShares MSCI Emerging Markets ETF,International Equity,Large Blend,Diversified Emerging Mkts,0.72
EEMS,iShares MSCI Emerging Markets Small-Cap ETF,International Equity,Mid Blend,Diversified Emerging Mkts,0.72
FTDS,First Trust Dividend Strength ETF,U.S. Equity,Mid Value,Mid-Cap Value,0.7
FYT,First Trust Small Cap Value AlphaDEX® Fund,U.S. Equity,Small Value,Small Value,0.7
FPXI,First Trust International Equity Opportunities ETF,International Equity,Large Growth,Foreign Large Growth,0.7
BLOK,Amplify Blockchain Technology ETF,Sector Equity,Mid Growth,Equity Digital Assets,0.7
XLSR,State Street® US Sector Rotation ETF,U.S. Equity,Large Blend,Large Blend,0.7
TRIO,MC Trio Equity Buffered ETF,Nontraditional Equity,Large Blend,Equity Hedged,0.7
SECT,Main Sector Rotation ETF,U.S. Equity,Large Blend,Large Blend,0.69
LRNZ,"TrueShares Technology, AI and Deep Learning ETF",Sector Equity,Large Growth,Technology,0.69
UMI,USCF Midstream Energy Income Fund,Sector Equity,Mid Value,Energy Limited Partnership,0.69
PEMX,Putnam Emerging Markets Ex-China ETF,International Equity,Large Growth,Diversified Emerging Mkts,0.69
AIQ,Global X Artificial Intelligence & Technology ETF,Sector Equity,Large Growth,Technology,0.68
MOTO,Guinness Atkinson Smart Transportation & Technology ETF,Sector Equity,Large Blend,Technology,0.68
EWX,State Street® SPDR® S&P® Emerging Markets Small Cap ETF,International Equity,Small Blend,Diversified Emerging Mkts,0.65
IBUY,Amplify Online Retail ETF,Sector Equity,Mid Blend,Consumer Cyclical,0.65
CWS,AdvisorShares Focused Equity ETF,U.S. Equity,Mid Growth,Mid-Cap Blend,0.65
ACSI,American Customer Satisfaction ETF,U.S. Equity,Large Value,Large Blend,0.65
CLIX,ProShares Long Online/Short Stores ETF,Nontraditional Equity,Large Blend,Long-Short Equity,0.65
LEGR,First Trust Indxx Innovative Transaction & Process ETF,U.S. Equity,Large Value,Large Value,0.65
ROBT,First Trust Nasdaq Artificial Intelligence and Robotics ETF,Sector Equity,Mid Growth,Technology,0.65
JDOC,Jpmorgan Healthcare Leaders ETF,Sector Equity,Large Value,Health,0.65
JADE,JPMorgan Active Developing Markets Equity ETF,International Equity,Large Blend,Diversified Emerging Mkts,0.65
DECO,State Street® Galaxy Digital Asset Ecosystem ETF,Sector Equity,Mid Growth,Equity Digital Assets,0.65
TEKX,State Street® Galaxy Transformative Tech Accelerators ETF,U.S. Equity,Mid Growth,Mid-Cap Growth,0.65
SLVR,Sprott Silver Miners & Physical Silver ETF,Sector Equity,Small Growth,Equity Precious Metals,0.65
FXZ,First Trust Materials AlphaDEX® Fund,Sector Equity,Mid Blend,Natural Resources,0.64
FXG,First Trust Consumer Staples AlphaDEX® Fund,Sector Equity,Mid Value,Consumer Defensive,0.63
GGME,Invesco Next Gen Media and Gaming ETF,Sector Equity,Large Growth,Technology,0.62
MSSM,Morgan Stanley Pathway Small-Mid Cap Equity ETF,U.S. Equity,Small Blend,Small Blend,0.62
EMCB,WisdomTree Emerging Markets Corporate Bond Fund,Taxable Bond,--,Emerging Markets Bond,0.61
NUDG,Nuveen Dividend Growth Fund ETF Class,U.S. Equity,Large Value,Large Blend,0.61
RJCA,RJ ClariVest Capital Appreciation ETF,U.S. Equity,Large Growth,Large Growth,0.61
IEV,iShares Europe ETF,International Equity,Large Blend,Europe Stock,0.6
PXI,Invesco Dorsey Wright Energy Momentum ETF,Sector Equity,Mid Value,Equity Energy,0.6
PFI,Invesco Dorsey Wright Financial Momentum ETF,Sector Equity,Mid Blend,Financial,0.6
PTH,Invesco Dorsey Wright Healthcare Momentum ETF,Sector Equity,Small Growth,Health,0.6
FXO,First Trust Financials AlphaDEX® Fund,Sector Equity,Mid Value,Financial,0.6
FXD,First Trust Consumer Discretionary AlphaDEX® Fund,Sector Equity,Small Value,Consumer Cyclical,0.6
QABA,First Trust NASDAQ® ABA Community Bank Index Fund,Sector Equity,Small Value,Financial,0.6
PTLC,Pacer Trendpilot™ US Large Cap ETF,U.S. Equity,Large Blend,Large Blend,0.6
BUL,Pacer US Cash Cows Growth ETF,U.S. Equity,Mid Blend,Mid-Cap Blend,0.6
VEGN,US Vegan Climate ETF,U.S. Equity,Large Growth,Large Growth,0.6
DRUP,GraniteShares Nasdaq Select Disruptors ETF,Sector Equity,Large Growth,Technology,0.6
EZA,iShares MSCI South Africa ETF,International Equity,Mid Blend,Focused Region,0.59
PHO,Invesco Water Resources ETF,Sector Equity,Mid Blend,Natural Resources,0.59
THD,iShares MSCI Thailand ETF,International Equity,Large Value,Focused Region,0.59
ISRA,VanEck Israel ETF,International Equity,Mid Growth,Focused Region,0.59
AIVI,WisdomTree International Al Enhanced Value Fund,International Equity,Large Value,Foreign Large Value,0.58
DFE,WisdomTree Europe SmallCap Dividend Fund,International Equity,Small Value,Europe Stock,0.58
DEW,WisdomTree Global High Dividend Fund,International Equity,Large Value,Global Large-Stock Value,0.58
DGS,WisdomTree Emerging Markets SmallCap Dividend Fund,International Equity,Mid Value,Diversified Emerging Mkts,0.58
CGW,Invesco S&P Global Water Index ETF,Sector Equity,Mid Blend,Natural Resources,0.58
OPPE,WisdomTree European Opportunities Fund,International Equity,Large Value,Europe Stock,0.58
LFEQ,VanEck Long/Flat Trend ETF,U.S. Equity,Large Blend,Large Blend,0.58
ONLN,ProShares Online Retail ETF,Sector Equity,Large Blend,Consumer Cyclical,0.58
QQQA,ProShares Nasdaq-100 Dorsey Wright Momentum ETF,U.S. Equity,Large Growth,Large Growth,0.58
MAKX,ProShares S&P Kensho Smart Factories ETF,Sector Equity,Mid Growth,Technology,0.58
TINY,ProShares Nanotechnology ETF,Sector Equity,Mid Growth,Technology,0.58
VERS,ProShares Metaverse ETF,Sector Equity,Mid Blend,Technology,0.58
PEJ,Invesco Dynamic Leisure and Entertainment ETF,Sector Equity,Mid Blend,Consumer Cyclical,0.57
TLTE,FlexShares Morningstar Emerging Markets Factor Tilt Index Fund,International Equity,Large Value,Diversified Emerging Mkts,0.57
FBCG,Fidelity Blue Chip Growth ETF,U.S. Equity,Large Growth,Large Growth,0.57
MOO,VanEck Agribusiness ETF,Sector Equity,Mid Value,Natural Resources,0.56
GREK,Global X MSCI Greece ETF,International Equity,Mid Blend,Focused Region,0.56
PWV,Invesco Large Cap Value ETF,U.S. Equity,Large Value,Large Value,0.55
IPKW,Invesco International BuyBack Achievers™ ETF,International Equity,Large Value,Foreign Large Value,0.55
JIG,JPMorgan International Growth ETF,International Equity,Large Growth,Foreign Large Growth,0.55
PIT,VanEck Commodity Strategy ETF,Commodities,--,Commodities Broad Basket,0.55
JPSV,Jpmorgan Active Small Cap Value ETF,U.S. Equity,Small Value,Small Value,0.55
PJIO,PGIM Jennison International Opportunities ETF,International Equity,Large Growth,Foreign Large Growth,0.54
REMX,VanEck Rare Earth and Strategic Metals ETF,Sector Equity,Mid Growth,Natural Resources,0.53
RFDA,ALPS Dynamic US Dividend Advantage ETF,U.S. Equity,Large Value,Large Value,0.52
EWC,iShares MSCI Canada ETF,International Equity,Large Blend,Focused Region,0.5
EWI,iShares MSCI Italy ETF,International Equity,Large Blend,Focused Region,0.5
EWL,iShares MSCI Switzerland ETF,International Equity,Large Blend,Focused Region,0.5
EWN,iShares MSCI Netherlands ETF,International Equity,Large Growth,Focused Region,0.5
EWP,iShares MSCI Spain ETF,International Equity,Large Blend,Focused Region,0.5
EWW,iShares MSCI Mexico ETF,International Equity,Large Blend,Focused Region,0.5
EZU,iShares MSCI Eurozone ETF,International Equity,Large Blend,Europe Stock,0.5
SLV,iShares Silver Trust,Commodities,--,Commodities Focused,0.5
EIRL,iShares MSCI Ireland ETF,International Equity,Mid Blend,Focused Region,0.5
HYHG,ProShares High Yield—Interest Rate Hedged,Taxable Bond,--,Nontraditional Bond,0.5
VUSE,Vident U.S. Equity Strategy ETF,U.S. Equity,Large Blend,Large Blend,0.5
SBIO,ALPS Medical Breakthroughs ETF,Sector Equity,Small Blend,Health,0.5
TMFC,Motley Fool 100 Index ETF,U.S. Equity,Large Blend,Large Growth,0.5
GNOM,Global X Genomics & Biotechnology ETF,Sector Equity,Small Growth,Health,0.5
HLAL,Wahed FTSE USA Shariah ETF,U.S. Equity,Large Blend,Large Blend,0.5
GINN,Goldman Sachs Innovate Equity ETF,International Equity,Large Blend,Global Large-Stock Blend,0.5
BKCH,Global X Blockchain ETF,Sector Equity,Small Growth,Equity Digital Assets,0.5
SHLD,Global X Defense Tech ETF,Sector Equity,Large Growth,Industrials,0.5
HELO,Jpmorgan Hedged Equity Laddered Overlay ETF,Nontraditional Equity,Large Blend,Equity Hedged,0.5
HEQQ,JPMorgan Nasdaq Hedged Equity Laddered Overlay ETF,Nontraditional Equity,Large Growth,Equity Hedged,0.5
GTPE,Goldman Sachs MSCI World Private Equity Return Tracker ETF,International Equity,Mid Growth,Global Large-Stock Blend,0.5
HYG,iShares iBoxx $ High Yield Corporate Bond ETF,Taxable Bond,--,High Yield Bond,0.49
HEWJ,iShares Currency Hedged MSCI Japan ETF,International Equity,Large Blend,Japan Stock,0.49
UTES,Virtus Reaves Utilities ETF,Sector Equity,Mid Blend,Utilities,0.49
ABFL,Abacus FCF Leaders ETF,U.S. Equity,Large Blend,Large Blend,0.49
COWZ,Pacer US Cash Cows 100 ETF,U.S. Equity,Mid Value,Mid-Cap Value,0.49
NACP,Impact Shares NAACP Minority Empowerment ETF,U.S. Equity,Large Blend,Large Blend,0.49
PEXL,Pacer US Export Leaders ETF,U.S. Equity,Large Blend,Mid-Cap Blend,0.49
FRDM,Freedom 100 Emerging Markets ETF,International Equity,Large Blend,Diversified Emerging Mkts,0.49
TRFM,AAM Transformers ETF,International Equity,Mid Growth,Global Large-Stock Growth,0.49
PJFM,PGIM Jennison Focused Mid-Cap ETF,U.S. Equity,Mid Growth,Mid-Cap Growth,0.49
DOL,WisdomTree True Developed International Fund,International Equity,Large Blend,Foreign Large Value,0.48
DWM,WisdomTree International Equity Fund,International Equity,Large Blend,Foreign Large Value,0.48
OUSA,ALPS O'Shares U.S. Quality Dividend ETF Shares,U.S. Equity,Large Value,Large Value,0.48
RFFC,ALPS Active Equity Opportunity ETF,U.S. Equity,Large Blend,Large Blend,0.48
NFRA,FlexShares STOXX Global Broad Infrastructure Index Fund,Sector Equity,Large Value,Infrastructure,0.47
RDVY,First Trust Rising Dividend Achievers ETF,U.S. Equity,Large Value,Large Value,0.47
ARTY,iShares Future AI & Tech ETF,Sector Equity,Large Growth,Technology,0.47
IHAK,iShares Cybersecurity and Tech ETF,Sector Equity,Small Growth,Technology,0.47
IBOT,Vaneck Robotics ETF,Sector Equity,Large Growth,Technology,0.47
JGLO,Jpmorgan Global Select Equity ETF,International Equity,Large Blend,Global Large-Stock Blend,0.47
SGDM,Sprott Gold Miners ETF,Sector Equity,Mid Growth,Equity Precious Metals,0.46
XT,iShares Future Exponential Technologies ETF,Sector Equity,Large Blend,Technology,0.46
MLPX,Global X MLP & Energy Infrastructure ETF,Sector Equity,Mid Value,Energy Limited Partnership,0.45
GQRE,FlexShares Global Quality Real Estate Index Fund,Sector Equity,Mid Value,Global Real Estate,0.45
DBEZ,Xtrackers MSCI Eurozone Hedged Equity ETF,International Equity,Large Blend,Europe Stock,0.45
ETHO,Amplify Etho Climate Leadership U.S. ETF,U.S. Equity,Small Blend,Mid-Cap Blend,0.45
UEVM,VictoryShares Emerging Markets Value Momentum ETF,International Equity,Large Value,Diversified Emerging Mkts,0.45
MID,American Century Mid Cap Growth Impact ETF,U.S. Equity,Mid Growth,Mid-Cap Growth,0.45
QQHG,Invesco QQQ Hedged Advantage ETF,Nontraditional Equity,Large Growth,Equity Hedged,0.45
JPEM,JPMorgan Diversified Return Emerging Markets Equity ETF,International Equity,Large Value,Diversified Emerging Mkts,0.44
JAVA,JPMorgan Active Value ETF,U.S. Equity,Large Value,Large Value,0.44
JPEF,Jpmorgan Equity Focus ETF,U.S. Equity,Large Blend,Large Blend,0.44
PXF,Invesco RAFI Developed Markets ex-U.S. ETF,International Equity,Large Value,Foreign Large Value,0.43
DEXC,Dimensional Emerging Markets ex China Core Equity ETF,International Equity,Large Blend,Diversified Emerging Mkts,0.43
AVEE,Avantis Emerging Markets Small Cap Equity ETF,International Equity,Mid Value,Diversified Emerging Mkts,0.42
IEUS,iShares MSCI Europe Small-Cap ETF,International Equity,Mid Blend,Europe Stock,0.41
HAP,VanEck Natural Resources ETF,Sector Equity,Large Value,Natural Resources,0.41
JHMM,John Hancock Multifactor Mid Cap ETF,U.S. Equity,Mid Blend,Mid-Cap Blend,0.41
DFMC,DFA US Micro Cap Portfolio ETF Class,U.S. Equity,Small Blend,Small Blend,0.41
UPGD,Invesco Bloomberg Analyst Rating Improvers ETF,U.S. Equity,Mid Blend,Mid-Cap Blend,0.4
FXA,Invesco CurrencyShares® Australian Dollar Trust,Miscellaneous,--,Single Currency,0.4
FXC,Invesco CurrencyShares® Canadian Dollar Trust,Miscellaneous,--,Single Currency,0.4
RSPU,Invesco S&P 500® Equal Weight Utilities ETF,Sector Equity,Mid Value,Utilities,0.4
RSPN,Invesco S&P 500® Equal Weight Industrials ETF,Sector Equity,Mid Blend,Industrials,0.4
RSPT,Invesco S&P 500® Equal Weight Technology ETF,Sector Equity,Large Growth,Technology,0.4
RSPF,Invesco S&P 500® Equal Weight Financials ETF,Sector Equity,Mid Value,Financial,0.4
GII,State Street® SPDR® S&P® Global Infrastructure ETF,Sector Equity,Large Value,Infrastructure,0.4
GNR,State Street® SPDR® S&P® Global Natural Resources ETF,Sector Equity,Large Value,Natural Resources,0.4
WDIV,State Street® SPDR® S&P® Global Dividend ETF,International Equity,Mid Value,Global Large-Stock Value,0.4
SMDV,ProShares Russell 2000 Dividend Growers ETF,U.S. Equity,Small Value,Small Value,0.4
SCDS,JPMorgan Fundamental Data Science Small Core ETF,U.S. Equity,Small Blend,Small Blend,0.4
VDIG,Vanguard Wellington Dividend Growth Active ETF,U.S. Equity,Large Value,Large Value,0.4
MNZL,Manzil Russell Halal USA Broad Market ETF,U.S. Equity,Large Blend,Large Blend,0.4
XMVM,Invesco S&P MidCap Value with Momentum ETF,U.S. Equity,Small Value,Small Value,0.39
RWJ,Invesco S&P SmallCap 600 Revenue ETF,U.S. Equity,Small Value,Small Value,0.39
WOOD,iShares Global Timber & Forestry ETF,Sector Equity,Mid Value,Natural Resources,0.39
SPVM,Invesco S&P 500 Value with Momentum ETF,U.S. Equity,Mid Value,Mid-Cap Value,0.39
PICK,iShares MSCI Global Metals & Mining Producers ETF,Sector Equity,Large Blend,Natural Resources,0.39
RING,iShares MSCI Global Gold Miners ETF,Sector Equity,Mid Blend,Equity Precious Metals,0.39
RDIV,Invesco S&P Ultra Dividend Revenue ETF,U.S. Equity,Mid Value,Mid-Cap Value,0.39
DSTL,Distillate U.S. Fundamental Stability & Value ETF,U.S. Equity,Mid Value,Large Value,0.39
ACGR,American Century Large Cap Growth ETF,U.S. Equity,Large Growth,Large Growth,0.39
LOWV,AB US Low Volatility Equity ETF,U.S. Equity,Large Blend,Large Blend,0.39
MSLC,Morgan Stanley Pathway Large Cap Equity ETF,U.S. Equity,Large Blend,Large Blend,0.39
IYE,iShares U.S. Energy ETF,Sector Equity,Large Value,Equity Energy,0.38
IYH,iShares U.S. Healthcare ETF,Sector Equity,Large Value,Health,0.38
IYK,iShares US Consumer Staples ETF,Sector Equity,Large Value,Consumer Defensive,0.38
KXI,iShares Global Consumer Staples ETF,Sector Equity,Large Value,Consumer Defensive,0.38
EES,WisdomTree U.S. SmallCap Earnings Fund,U.S. Equity,Small Value,Small Value,0.38
EZM,WisdomTree U.S. MidCap Earnings Fund,U.S. Equity,Small Value,Small Value,0.38
DGRS,WisdomTree U.S. SmallCap Quality Dividend Growth Fund,U.S. Equity,Small Value,Small Value,0.38
PSC,Principal U.S. Small-Cap ETF,U.S. Equity,Small Blend,Small Blend,0.38
FFLC,Fidelity Fundamental Large Cap Core ETF,U.S. Equity,Large Blend,Large Blend,0.38
IGE,iShares North American Natural Resources ETF,Sector Equity,Large Value,Natural Resources,0.37
XSVM,Invesco S&P SmallCap Value with Momentum ETF,U.S. Equity,Small Value,Small Value,0.37
IAT,iShares U.S. Regional Banks ETF,Sector Equity,Mid Value,Financial,0.37
JXI,iShares Global Utilities ETF,Sector Equity,Large Value,Utilities,0.37
IGF,iShares Global Infrastructure ETF,Sector Equity,Large Value,Infrastructure,0.37
JPIN,JPMorgan Diversified Return International Equity ETF,International Equity,Large Value,Foreign Large Value,0.37
SDOG,ALPS Sector Dividend Dogs ETF,U.S. Equity,Mid Value,Large Value,0.36
GSEE,Goldman Sachs MarketBeta Emerging Markets Equity ETF,International Equity,Large Blend,Diversified Emerging Mkts,0.36
AVES,Avantis Emerging Markets Value ETF,International Equity,Large Value,Diversified Emerging Mkts,0.36
KIE,State Street® SPDR® S&P® Insurance ETF,Sector Equity,Small Value,Financial,0.35
KBE,State Street® SPDR® S&P® Bank ETF,Sector Equity,Small Value,Financial,0.35
RFG,Invesco S&P MidCap 400® Pure Growth ETF,U.S. Equity,Small Growth,Mid-Cap Growth,0.35
RZG,Invesco S&P SmallCap 600® Pure Growth ETF,U.S. Equity,Small Growth,Small Growth,0.35
XPH,State Street® SPDR® S&P® Pharmaceuticals ETF,Sector Equity,Small Blend,Health,0.35
KRE,State Street® SPDR® S&P® Regional Banking ETF,Sector Equity,Small Value,Financial,0.35
ISHG,iShares 1-3 Year International Treasury Bond ETF,Taxable Bond,--,Global Bond,0.35
FDIQ,Invesco Bloomberg Financial Data Providers ETF,Sector Equity,Mid Blend,Financial,0.35
CDC,VictoryShares US EQ Income Enhanced Volatility Wtd ETF,U.S. Equity,Mid Value,Large Value,0.35
CFO,VictoryShares US 500 Enhanced Volatility Wtd ETF,U.S. Equity,Mid Blend,Large Blend,0.35
CDL,VictoryShares US Large Cap High Div Volatility Wtd ETF,U.S. Equity,Mid Value,Large Value,0.35
CSB,VictoryShares US Small Cap High Div Volatility Wtd ETF,U.S. Equity,Small Value,Small Value,0.35
VSDA,VictoryShares Dividend Accelerator ETF,U.S. Equity,Mid Value,Large Value,0.35
VSMV,VictoryShares US Multi-Factor Minimum Volatility ETF,U.S. Equity,Large Value,Large Value,0.35
UIVM,VictoryShares International Value Momentum ETF,International Equity,Large Value,Foreign Large Value,0.35
JEPQ,JPMorgan Nasdaq Equity Premium Income ETF,Nontraditional Equity,Large Growth,Derivative Income,0.35
GSIB,Themes Global Systemically Important Banks ETF,Sector Equity,Large Value,Financial,0.35
AGMI,Themes Silver Miners ETF,Sector Equity,Mid Growth,Equity Precious Metals,0.35
MCDS,JPMorgan Fundamental Data Science Mid Core ETF,U.S. Equity,Mid Blend,Mid-Cap Blend,0.35
JOYT,JPMorgan Equity And Options Total Return ETF,Nontraditional Equity,Large Blend,Derivative Income,0.35
VUSG,Vanguard Wellington U.S. Growth Active ETF,U.S. Equity,Large Growth,Large Growth,0.35
QINT,American Century Quality Diversified International ETF,International Equity,Large Blend,Foreign Large Blend,0.34
HQGO,Hartford US Quality Growth ETF,U.S. Equity,Large Blend,Large Growth,0.34
GQI,Natixis Gateway Quality Income ETF,Nontraditional Equity,Large Blend,Derivative Income,0.34
JEMA,JPMorgan ActiveBuilders Emerging Markets Equity ETF,International Equity,Large Blend,Diversified Emerging Mkts,0.33
AVSE,Avantis Responsible Emerging Markets Equity ETF,International Equity,Large Blend,Diversified Emerging Mkts,0.33
AVXC,Avantis Emerging Markets Ex-China Equity ETF,International Equity,Large Blend,Diversified Emerging Mkts,0.33
ICF,iShares Select U.S. REIT ETF,Sector Equity,Mid Blend,Real Estate,0.32
ACWX,iShares MSCI ACWI ex U.S. ETF,International Equity,Large Blend,Foreign Large Blend,0.32
EFV,iShares MSCI EAFE Value ETF,International Equity,Large Value,Foreign Large Value,0.31
AVNM,Avantis All International Markets Equity ETF,International Equity,Large Blend,Foreign Large Blend,0.31
SIVR,abrdn Physical Silver Shares ETF,Commodities,--,Commodities Focused,0.3
IGHG,ProShares Investment Grade—Interest Rate Hedged,Taxable Bond,--,Nontraditional Bond,0.3
QEMM,State Street® SPDR® MSCI Emerging Markets StrategicFactors ETF,International Equity,Large Blend,Diversified Emerging Mkts,0.3
FLQM,Franklin U.S. Mid Cap Multifactor Index ETF,U.S. Equity,Mid Value,Mid-Cap Blend,0.3
IFRA,iShares U.S. Infrastructure ETF,Sector Equity,Mid Blend,Infrastructure,0.3
TECB,iShares U.S. Tech Breakthrough Multisector ETF,Sector Equity,Large Growth,Technology,0.3
STCE,Schwab Crypto Thematic Natural Language Processing ETF,Sector Equity,Small Growth,Equity Digital Assets,0.3
MAGS,Roundhill Magnificent Seven ETF,Sector Equity,Large Blend,Technology,0.3
AVDS,Avantis International Small Cap Equity ETF,International Equity,Small Blend,Foreign Small/Mid Blend,0.3
LCDS,JPMorgan Fundamental Data Science Large Core ETF,U.S. Equity,Large Blend,Large Blend,0.3
DXIV,Dimensional International Vector Equity ETF,International Equity,Mid Value,Foreign Small/Mid Value,0.3
LVDS,JPMorgan Fundamental Data Science Large Value ETF,U.S. Equity,Large Value,Large Value,0.3
VUSV,Vanguard Wellington U.S. Value Active ETF,U.S. Equity,Large Value,Large Value,0.3
VEFA,VanEck MSCI EAFE Analyst Sentiment ETF,International Equity,Large Blend,Foreign Large Blend,0.3
FEZ,State Street® SPDR® EURO STOXX 50® ETF,International Equity,Large Blend,Europe Stock,0.29
PSCE,Invesco S&P SmallCap Energy ETF,Sector Equity,Small Value,Equity Energy,0.29
PSCF,Invesco S&P SmallCap Financials ETF,Sector Equity,Small Value,Financial,0.29
PSCT,Invesco S&P SmallCap Information Technology ETF,Sector Equity,Small Blend,Technology,0.29
PSCU,Invesco S&P SmallCap Utilities & Communication Services ETF,Sector Equity,Small Value,Miscellaneous Sector,0.29
FTSM,First Trust Enhanced Short Maturity ETF,Taxable Bond,--,Ultrashort Bond,0.29
INCE,Franklin Income Equity Focus ETF,U.S. Equity,Large Value,Large Value,0.29
JPSE,JPMorgan Diversified Return U.S. Small Cap Equity ETF,U.S. Equity,Small Value,Small Blend,0.29
MFUS,PIMCO RAFI Dynamic Multi-Factor U.S. Equity ETF,U.S. Equity,Large Value,Large Value,0.29
OMFL,Invesco Russell 1000® Dynamic Multifactor ETF,U.S. Equity,Large Blend,Large Blend,0.29
VALQ,American Century® U.S. Quality Value ETF,U.S. Equity,Large Value,Large Value,0.29
SFYF,SoFi Social 50 ETF,U.S. Equity,Large Blend,Large Growth,0.29
VMAX,Hartford US Value ETF,U.S. Equity,Mid Value,Large Value,0.29
QVAL,Alpha Architect U.S. Quantitative Value ETF,U.S. Equity,Mid Value,Mid-Cap Value,0.28
QMOM,Alpha Architect U.S. Quantitative Momentum ETF,U.S. Equity,Mid Growth,Mid-Cap Growth,0.28
CMDY,iShares Bloomberg Roll Select Commodity Strategy ETF,Commodities,--,Commodities Broad Basket,0.28
DFAT,Dimensional U.S. Targeted Value ETF,U.S. Equity,Small Value,Small Value,0.28
QGRW,Wisdomtree U.S. Quality Growth Fund,U.S. Equity,Large Growth,Large Growth,0.28
EMGF,iShares Emerging Markets Equity Factor ETF,International Equity,Large Blend,Diversified Emerging Mkts,0.26
DYNF,iShares U.S. Equity Factor Rotation Active ETF,U.S. Equity,Large Blend,Large Blend,0.26
DFAS,Dimensional U.S. Small Cap ETF,U.S. Equity,Small Blend,Small Blend,0.26
IAU,iShares Gold Trust,Commodities,--,Commodities Focused,0.25
SPLV,Invesco S&P 500® Low Volatility ETF,U.S. Equity,Mid Value,Large Value,0.25
EEMV,iShares MSCI Emerging Markets Min Vol Factor ETF,International Equity,Large Blend,Diversified Emerging Mkts,0.25
IDMO,Invesco S&P International Developed Momentum ETF,International Equity,Large Blend,Foreign Large Blend,0.25
RAVI,FlexShares Ultra-Short Income Fund,Taxable Bond,--,Ultrashort Bond,0.25
XMLV,Invesco S&P MidCap Low Volatility ETF,U.S. Equity,Small Value,Small Blend,0.25
AVIV,Avantis International Large Cap Value ETF,International Equity,Large Value,Foreign Large Value,0.25
AVSC,Avantis US Small Cap Equity ETF,U.S. Equity,Small Value,Small Value,0.25
GSWO,Goldman Sachs ActiveBeta World Equity ETF,International Equity,Large Blend,Global Large-Stock Blend,0.25
DEFI,Hashdex Bitcoin ETF,Miscellaneous,--,Digital Assets,0.25
AVIE,Avantis Inflation Focused Equity ETF,U.S. Equity,Mid Value,Large Value,0.25
BTCW,WisdomTree Bitcoin Fund,Miscellaneous,--,Digital Assets,0.25
BTCO,Invesco Galaxy Bitcoin ETF,Miscellaneous,--,Digital Assets,0.25
DXUV,Dimensional US Vector Equity ETF,U.S. Equity,Mid Value,Mid-Cap Value,0.25
LDDR,LifeX 2035 Income Bucket ETF,Taxable Bond,--,Target Maturity,0.25
JMEE,JPMorgan Small & Mid Cap Enhanced Equity ETF,U.S. Equity,Small Blend,Small Blend,0.24
EBI,Longview Advantage ETF,U.S. Equity,Large Value,Large Blend,0.24
AVSD,Avantis Responsible International Equity ETF,International Equity,Large Blend,Foreign Large Blend,0.23
LCTD,iShares World ex U.S. Carbon Transition Readiness Aware Active ETF,International Equity,Large Blend,Foreign Large Blend,0.22
VGHY,Vanguard High-Yield Active ETF,Taxable Bond,Small Value,High Yield Bond,0.22
AVMA,Avantis Moderate Allocation ETF,Allocation,Large Blend,Moderate Allocation,0.21
XLG,Invesco S&P 500® Top 50 ETF,U.S. Equity,Large Blend,Large Blend,0.2
EQAL,Invesco Russell 1000 Equal Weight ETF,U.S. Equity,Mid Blend,Mid-Cap Blend,0.2
GLOF,iShares Global Equity Factor ETF,International Equity,Large Blend,Global Large-Stock Blend,0.2
SPYX,State Street® SPDR® S&P® 500 Fossil Fuel Reserves Free ETF,U.S. Equity,Large Blend,Large Blend,0.2
NTSX,WisdomTree U.S. Efficient Core Fund,Alternative,Large Blend,Multi-Asset Overlay,0.2
KOMP,State Street® SPDR® S&P Kensho New Economies Composite ETF,Sector Equity,Small Blend,Miscellaneous Sector,0.2
GSID,Goldman Sachs MarketBeta International Equity ETF,International Equity,Large Blend,Foreign Large Blend,0.2
GDE,WisdomTree Efficient Gold Plus Equity Strategy Fund,Alternative,Large Blend,Multi-Asset Overlay,0.2
AVMV,Avantis U.S. Mid Cap Value ETF,U.S. Equity,Mid Blend,Mid-Cap Value,0.2
VPLS,Vanguard Core-Plus Bond ETF,Taxable Bond,Small Value,Intermediate Core-Plus Bond,0.2
PLTL,Corgi PLTR 2x Daily ETF,Miscellaneous,--,Trading--Leveraged Equity,0.2
ROUS,Hartford Multifactor US Equity ETF,U.S. Equity,Mid Blend,Large Value,0.19
QARP,Xtrackers Russell 1000 US QARP ETF,U.S. Equity,Large Value,Large Blend,0.19
BBJP,JPMorgan BetaBuilders Japan ETF,International Equity,Large Blend,Japan Stock,0.19
BBAX,JPMorgan BetaBuilders Developed Asia Pacific ex-Japan ETF,International Equity,Large Blend,Pacific/Asia ex-Japan Stk,0.19
IUS,Invesco RAFI™ Strategic US ETF,U.S. Equity,Large Value,Large Value,0.19
HDUS,Hartford Disciplined US Equity ETF,U.S. Equity,Large Blend,Large Blend,0.19
GSKH,GSK plc ADRhedged,Sector Equity,Large Value,Health,0.19
BPH,BP p.l.c. ADRhedged,Sector Equity,Large Value,Equity Energy,0.19
CVIE,Calvert International Responsible Index ETF,International Equity,Large Blend,Foreign Large Blend,0.18
EGUS,Ishares ESG Aware MSCI USA Growth ETF,U.S. Equity,Large Growth,Large Growth,0.18
GXUS,Goldman Sachs MarketBeta(R) Total International Equity ETF,International Equity,Large Blend,Foreign Large Blend,0.18
AVMC,Avantis U.S. Mid Cap Equity ETF,U.S. Equity,Mid Blend,Mid-Cap Blend,0.18
DSPY,Tema S&P 500 Historical Weight ETF Strategy,U.S. Equity,Large Blend,Large Blend,0.18
DEUS,Xtrackers Russell US Multifactor ETF,U.S. Equity,Mid Value,Mid-Cap Blend,0.17
LDEM,iShares® ESG MSCI EM Leaders ETF,International Equity,Large Blend,Diversified Emerging Mkts,0.16
SHY,iShares 1-3 Year Treasury Bond ETF,Taxable Bond,--,Short Government,0.15
TLT,iShares 20+ Year Treasury Bond ETF,Taxable Bond,--,Long Government,0.15
AOR,iShares Core 60/40 Balanced Allocation ETF,Allocation,Large Blend,Global Moderate Allocation,0.15
VWOB,Vanguard Emerging Markets Government Bond Index Fund ETF Shares,Taxable Bond,--,Emerging Markets Bond,0.15
PSET,Principal Quality ETF,U.S. Equity,Large Blend,Large Blend,0.15
FDRR,Fidelity Dividend ETF for Rising Rates,U.S. Equity,Large Value,Large Value,0.15
FVAL,Fidelity Value Factor ETF,U.S. Equity,Large Value,Large Value,0.15
FQAL,Fidelity Quality Factor ETF,U.S. Equity,Large Blend,Large Blend,0.15
FDLO,Fidelity Low Volatility Factor ETF,U.S. Equity,Large Value,Large Blend,0.15
FDVV,Fidelity High Dividend ETF,U.S. Equity,Large Value,Large Value,0.15
FLQL,Franklin U.S. Large Cap Multifactor Index ETF,U.S. Equity,Large Blend,Large Blend,0.15
GARP,iShares MSCI USA Quality GARP ETF,U.S. Equity,Large Growth,Large Growth,0.15
LCTU,iShares U.S. Carbon Transition Readiness Aware Active ETF,U.S. Equity,Large Blend,Large Blend,0.15
LQDB,iShares BBB Rated Corporate Bond ETF,Taxable Bond,--,Corporate Bond,0.15
SNPG,Xtrackers S&P 500 Growth Scored & Screened ETF,U.S. Equity,Large Blend,Large Growth,0.15
CVMC,Calvert US Mid-Cap Core Responsible Index ETF,U.S. Equity,Mid Blend,Mid-Cap Blend,0.15
BBEM,JPMorgan Betabuilders Emerging Markets Equity ETF,International Equity,Large Blend,Diversified Emerging Mkts,0.15
CHPS,Xtrackers Semiconductor Select Equity ETF,Sector Equity,Large Growth,Technology,0.15
AVUQ,Avantis U.S. Quality ETF,U.S. Equity,Large Growth,Large Growth,0.15
VSDB,Vanguard Short Duration Bond ETF Shares,Taxable Bond,Small Value,Short-Term Bond,0.15
AAUS,Alpha Architect US Equity ETF,U.S. Equity,Large Blend,Large Blend,0.15
AAUA,Alpha Architect US Equity 3 ETF,U.S. Equity,Large Blend,Large Blend,0.15
QVMT,Invesco S&P S&P 500 Concentrated QVM ETF,U.S. Equity,Large Value,Large Value,0.13
USMC,Principal U.S. Mega-Cap ETF,U.S. Equity,Large Blend,Large Blend,0.12
JMOM,JPMorgan U.S. Momentum Factor ETF,U.S. Equity,Large Blend,Large Blend,0.12
JVAL,JPMorgan U.S. Value Factor ETF,U.S. Equity,Mid Value,Large Value,0.12
JQUA,JPMorgan U.S. Quality Factor ETF,U.S. Equity,Large Blend,Large Blend,0.12
VCEB,Vanguard ESG U.S. Corporate Bond ETF,Taxable Bond,--,Corporate Bond,0.12
FEDM,FlexShares® ESG & Climate Developed Markets ex-US Core Index Fund,International Equity,Large Blend,Foreign Large Blend,0.12
GGUS,Goldman Sachs MarketBeta® Russell 1000 Growth Equity ETF,U.S. Equity,Large Growth,Large Growth,0.12
GVUS,Goldman Sachs MarketBeta® Russell 1000 Value Equity ETF,U.S. Equity,Large Value,Large Value,0.12
PABD,iShares Paris-Aligned Climate Optimized MSCI World ex USA ETF,International Equity,Large Blend,Foreign Large Blend,0.12
VCRM,Vanguard Core Tax-Exempt Bond ETF,Municipal Bond,--,Muni National Long,0.12
VSDM,Vanguard Short Duration Tax-Exempt Bond ETF,Municipal Bond,--,Muni National Short,0.12
JUSA,JPMorgan U.S. Research Enhanced Large Cap ETF,U.S. Equity,Large Blend,Large Blend,0.12
IEUR,iShares Core MSCI Europe ETF,International Equity,Large Blend,Europe Stock,0.1
VSGX,Vanguard ESG International Stock ETF,International Equity,Large Blend,Foreign Large Blend,0.1
SNPE,Xtrackers S&P 500 Scored & Screened ETF,U.S. Equity,Large Blend,Large Blend,0.1
USXF,iShares® ESG Advanced MSCI USA ETF,U.S. Equity,Large Growth,Large Growth,0.1
EFIV,State Street® SPDR® S&P 500® ESG ETF,U.S. Equity,Large Blend,Large Blend,0.1
PABU,iShares Paris-Aligned Climate Optimized MSCI USA ETF,U.S. Equity,Large Growth,Large Growth,0.1
GUSA,Goldman Sachs MarketBeta U.S. 1000 Equity ETF,U.S. Equity,Large Blend,Large Blend,0.1
VCRB,Vanguard Core Bond ETF,Taxable Bond,Small Value,Intermediate Core Bond,0.1
VGVT,Vanguard Government Securities Active ETF,Taxable Bond,--,Intermediate Government,0.1
IEMG,iShares Core MSCI Emerging Markets ETF,International Equity,Large Blend,Diversified Emerging Mkts,0.09
SPXE,ProShares S&P 500® ex-Energy ETF,U.S. Equity,Large Blend,Large Blend,0.09
SPXN,ProShares S&P 500® ex-Financials ETF,U.S. Equity,Large Blend,Large Blend,0.09
SPXV,ProShares S&P 500® ex-Health Care ETF,U.S. Equity,Large Blend,Large Blend,0.09
BBEU,JPMorgan BetaBuilders Europe ETF,International Equity,Large Blend,Europe Stock,0.09
USSG,Xtrackers MSCI USA Selection Equity ETF,U.S. Equity,Large Blend,Large Blend,0.09
IQSU,NYLI Candriam U.S. Large Cap Equity ETF,U.S. Equity,Large Blend,Large Blend,0.09
DFUS,Dimensional U.S. Equity Market ETF,U.S. Equity,Large Blend,Large Blend,0.09
FEUS,FlexShares® ESG & Climate US Large Cap Core Index Fund,U.S. Equity,Large Blend,Large Blend,0.09
FCOM,Fidelity MSCI Communication Services Index ETF,Sector Equity,Large Value,Communications,0.084
FHLC,Fidelity MSCI Health Care Index ETF,Sector Equity,Large Value,Health,0.084
FMAT,Fidelity MSCI Materials Index ETF,Sector Equity,Mid Blend,Natural Resources,0.084
FNCL,Fidelity MSCI Financials Index ETF,Sector Equity,Large Value,Financial,0.084
XLE,State Street® Energy Select Sector SPDR® ETF,Sector Equity,Large Value,Equity Energy,0.08
XLP,State Street® Consumer Staples Select Sector SPDR® ETF,Sector Equity,Large Value,Consumer Defensive,0.08
EPS,WisdomTree U.S. LargeCap Fund,U.S. Equity,Large Value,Large Value,0.08
USRT,iShares Core U.S. REIT ETF,Sector Equity,Mid Blend,Real Estate,0.08
DGRO,iShares Core Dividend Growth ETF,U.S. Equity,Large Value,Large Value,0.08
LRGF,iShares U.S. Equity Factor ETF,U.S. Equity,Large Blend,Large Blend,0.08
QLV,FlexShares US Quality Low Volatility Index Fund,U.S. Equity,Large Value,Large Blend,0.08
XVV,iShares ESG Select Screened S&P 500 ETF,U.S. Equity,Large Blend,Large Blend,0.08
VBCG,Vanguard Target Maturity 2033 Corporate Bond ETF,Taxable Bond,--,Target Maturity,0.08
VBCC,Vanguard Target Maturity 2029 Corporate Bond ETF,Taxable Bond,--,Target Maturity,0.08
VBCH,Vanguard Target Maturity 2034 Corporate Bond ETF,Taxable Bond,--,Target Maturity,0.08
VBCE,Vanguard Target Maturity 2031 Corporate Bond ETF,Taxable Bond,--,Target Maturity,0.08
VBCJ,Vanguard Target Maturity 2036 Corporate Bond ETF,Taxable Bond,--,Target Maturity,0.08
VBCB,Vanguard Target Maturity 2028 Corporate Bond ETF,Taxable Bond,--,Target Maturity,0.08
VBCF,Vanguard Target Maturity 2032 Corporate Bond ETF,Taxable Bond,--,Target Maturity,0.08
VBCD,Vanguard Target Maturity 2030 Corporate Bond ETF,Taxable Bond,--,Target Maturity,0.08
VBCI,Vanguard Target Maturity 2035 Corporate Bond ETF,Taxable Bond,--,Target Maturity,0.08
VBCA,Vanguard Target Maturity 2027 Corporate Bond ETF,Taxable Bond,--,Target Maturity,0.08
VDV,Vanguard Developed Markets ex US Value Index ETF,International Equity,--,Foreign Large Value,0.08
VDG,Vanguard Developed Markets ex US Growth Index ETF,International Equity,--,Foreign Large Growth,0.08
DJD,Invesco Dow Jones Industrial Average Dividend ETF,U.S. Equity,Large Value,Large Value,0.07
BBIN,JPMorgan BetaBuilders International Equity ETF,International Equity,Large Blend,Foreign Large Blend,0.07
VGUS,Vanguard Ultra-Short Treasury ETF,Taxable Bond,--,Ultrashort Bond,0.07
ISCG,iShares Morningstar Small-Cap Growth ETF,U.S. Equity,Small Growth,Small Growth,0.06
ISCV,iShares Morningstar Small-Cap Value ETF,U.S. Equity,Small Value,Small Value,0.06
VWO,Vanguard FTSE Emerging Markets Index Fund ETF Shares,International Equity,Large Blend,Diversified Emerging Mkts,0.06
UDIV,Franklin U.S. Core Dividend Tilt Index ETF,U.S. Equity,Large Blend,Large Blend,0.06
VBIL,Vanguard 0-3 Month Treasury Bill ETF,Taxable Bond,--,Ultrashort Bond,0.06
EDV,Vanguard Extended Duration Treasury Index Fund ETF Shares,Taxable Bond,--,Long Government,0.05
IJH,iShares Core S&P Mid-Cap ETF,U.S. Equity,Small Blend,Mid-Cap Blend,0.05
DIVB,iShares Core Dividend ETF,U.S. Equity,Mid Value,Large Value,0.05
BNDW,Vanguard Total World Bond ETF,Taxable Bond,--,Global Bond-USD Hedged,0.05
VTP,Vanguard Total Inflation-Protected Securities ETF,Taxable Bond,--,Inflation-Protected Bond,0.05
BNDP,Vanguard Core-Plus Bond Index ETF,Taxable Bond,--,Intermediate Core-Plus Bond,0.05
VCHY,Vanguard U.S. High-Yield Corporate Bond Index ETF,Taxable Bond,--,High Yield Bond,0.05
SPYV,State Street® SPDR® Portfolio S&P 500 Value ETF,U.S. Equity,Large Value,Large Value,0.04
ISCB,iShares Morningstar Small-Cap ETF,U.S. Equity,Small Blend,Small Blend,0.04
VEU,Vanguard FTSE All-World ex-US Index Fund ETF Shares,International Equity,Large Blend,Foreign Large Blend,0.04
PBUS,Invesco MSCI USA ETF,U.S. Equity,Large Blend,Large Blend,0.04
BBLB,Jpmorgan Betabuilders U.S. Treasury Bond 20+ Year ETF,Taxable Bond,--,Long Government,0.04
VO,Vanguard Morningstar Mid-Cap ETF,U.S. Equity,Mid Blend,Mid-Cap Blend,0.03
SPMD,State Street® SPDR® Portfolio S&P 400™ Mid Cap ETF,U.S. Equity,Small Blend,Mid-Cap Blend,0.03
BLV,Vanguard Long-Term Bond Index Fund ETF Shares,Taxable Bond,--,Long-Term Bond,0.03
BND,Vanguard Total Bond Market Index Fund ETF Shares,Taxable Bond,--,Intermediate Core Bond,0.03
BIV,Vanguard Intermediate-Term Bond Index Fund ETF Shares,Taxable Bond,--,Intermediate Core Bond,0.03
BSV,Vanguard Short-Term Bond Index Fund ETF Shares,Taxable Bond,--,Short-Term Bond,0.03
VEA,Vanguard FTSE Developed Markets Index Fund ETF Shares,International Equity,Large Blend,Foreign Large Blend,0.03
VCIT,Vanguard Intermediate-Term Corporate Bond Index Fund ETF Shares,Taxable Bond,--,Corporate Bond,0.03
VCLT,Vanguard Long-Term Corporate Bond Index Fund ETF Shares,Taxable Bond,--,Long-Term Bond,0.03
VCSH,Vanguard Short-Term Corporate Bond Index Fund ETF Shares,Taxable Bond,--,Short-Term Bond,0.03
USPX,Franklin U.S. Equity Index ETF,U.S. Equity,Large Blend,Large Blend,0.03
VTC,Vanguard Total Corporate Bond ETF ETF Shares,Taxable Bond,--,Corporate Bond,0.03
VTG,Vanguard Total Treasury ETF,Taxable Bond,--,Intermediate Government,0.03
Highlighted cells have been user-added and may not meet the criteria included in the screen.,,,,,
The data and information in this spreadsheet is provided to you solely for your use and is not for distribution.,,,,,
"The spreadsheet is provided for informational purposes only, and is not intended to provide advice, nor should it be construed ",,,,,
"as an offer to sell, a solicitation of an offer to buy or a recommendation for any security by Fidelity or any third party.",,,,,
Data and information shown is based on information known to Fidelity as of the date it was exported and is subject to change.,,,,,
"For more information on the data included in this spreadsheet, including any limitations thereof, go to Fidelity.com.",,,,,
Performance data quoted represents past performance and the return and principal value of an investment will fluctuate ,,,,,
so that an investor's shares when redeemed may be worth more or less than their original cost.,,,,,
"Brokerage services are provided by Fidelity Brokerage Services LLC, 900 Salem Street, Smithfield RI 02917.",,,,,
Custody and other services provided by National Financial Servicess LLC.,,,,,
"Both are Fidelity Investment companies and members SIPC, NYSE.",,,,,
AS OF 03:19 AM ET 08/11/2026 Quotes delayed at least 15 minutes.,,,,,
BRZU,Direxion Daily MSCI Brazil Bull 2X Shares,Miscellaneous,Large Value,Trading--Leveraged Equity,1.32
UNX,Tradr 2X Long U Daily ETF,Miscellaneous,Small Growth,Trading--Leveraged Equity,1.3
XNAV,FundX Aggressive ETF,U.S. Equity,Large Growth,Large Growth,1.27
XCOR,FundX ETF,U.S. Equity,Large Blend,Large Growth,1.15
UGA,"United States Gasoline Fund, LP",Commodities,--,Commodities Focused,1.08
SOXY,YieldMax Target 12 Semiconductor Option Income ETF,Nontraditional Equity,Large Growth,Derivative Income,1.06
USCI,"United States Commodity Index Fund, LP",Commodities,--,Commodities Broad Basket,1.05
BNDD,Quadratic Deflation ETF,Taxable Bond,--,Long Government,1.02
RFEM,First Trust RiverFront Dynamic Emerging Markets ETF,International Equity,Large Blend,Diversified Emerging Mkts,0.99
HIBL,Direxion Daily S&P 500® High Beta Bull 3X Shares,Miscellaneous,Mid Growth,Trading--Leveraged Equity,0.98
DUSL,Direxion Daily Industrials Bull 3X Shares Direxion Daily Industrials Bull 3,Miscellaneous,Large Blend,Trading--Leveraged Equity,0.97
MDAA,Myriad Dynamic Asset Allocation ETF,Nontraditional Equity,Large Blend,Long-Short Equity,0.97
DFEN,Direxion Daily Aerospace & Defense Bull 3X Shares Direxion Daily Aerospace,Miscellaneous,Large Growth,Trading--Leveraged Equity,0.96
GGLL,Direxion Daily GOOGL Bull 2X Shares,Miscellaneous,Large Value,Trading--Leveraged Equity,0.96
MVV,ProShares Ultra MidCap400,Miscellaneous,Small Blend,Trading--Leveraged Equity,0.95
QLD,ProShares Ultra QQQ,Miscellaneous,Large Growth,Trading--Leveraged Equity,0.95
USD,ProShares Ultra Semiconductors,Miscellaneous,Large Growth,Trading--Leveraged Equity,0.95
URTY,ProShares UltraPro Russell2000,Miscellaneous,Small Blend,Trading--Leveraged Equity,0.95
BIB,ProShares Ultra Nasdaq Biotechnology,Miscellaneous,Mid Blend,Trading--Leveraged Equity,0.95
UPV,ProShares Ultra FTSE Europe,Miscellaneous,--,Trading--Leveraged Equity,0.95
UCYB,ProShares Ultra Nasdaq Cybersecurity,Miscellaneous,--,Trading--Leveraged Equity,0.95
UYG,ProShares Ultra Financials,Miscellaneous,Large Value,Trading--Leveraged Equity,0.94
CURE,Direxion Daily Healthcare Bull 3X Shares,Miscellaneous,Large Value,Trading--Leveraged Equity,0.94
DPST,Direxion Daily Regional Banks Bull 3X Shares,Miscellaneous,Small Value,Trading--Leveraged Equity,0.92
NVDU,Direxion Daily Nvda Bull 2X Shares,Miscellaneous,Large Growth,Trading--Leveraged Equity,0.92
USO,"United States Oil Fund, LP",Commodities,--,Commodities Focused,0.86
SPAQ,Horizon Kinetics SPAC Active ETF,Sector Equity,--,Financial,0.85
RFDI,First Trust RiverFront Dynamic Developed International ETF,International Equity,Large Value,Foreign Large Value,0.83
QVOL,Infrastructure Capital NASDAQ Option Income ETF,Nontraditional Equity,Large Growth,Derivative Income,0.82
FDT,First Trust Developed Markets Ex-US AlphaDEX® Fund,International Equity,Large Value,Foreign Large Value,0.8
TAOZ,Thornburg American Opportunities Fund ETF Class,U.S. Equity,Large Blend,Small Blend,0.79
ARKW,ARK Next Generation Internet ETF,U.S. Equity,Large Growth,Mid-Cap Growth,0.76
DBP,Invesco DB Precious Metals Fund,Commodities,--,Commodities Focused,0.75
SOXL,Direxion Daily Semiconductor Bull 3X Shares,Miscellaneous,Large Growth,Trading--Leveraged Equity,0.75
ARKQ,ARK Autonomous Technology & Robotics ETF,U.S. Equity,Large Growth,Mid-Cap Growth,0.75
PWRD,TCW Transform Systems ETF,U.S. Equity,Large Growth,Large Blend,0.75
PJFG,PGIM Jennison Focused Growth ETF,U.S. Equity,Large Growth,Large Growth,0.75
CHAT,Roundhill Generative AI & Technology ETF,Sector Equity,Large Growth,Technology,0.75
MAVF,Matrix Advisors Value ETF,U.S. Equity,Large Value,Large Value,0.75
FNY,First Trust Mid Cap Growth AlphaDEX® Fund,U.S. Equity,Small Growth,Mid-Cap Growth,0.73
BAGX,EA Bridgeway Aggressive Investors ETF,U.S. Equity,Large Blend,Large Blend,0.73
AAXJ,iShares MSCI All Country Asia ex Japan ETF,International Equity,Large Blend,Pacific/Asia ex-Japan Stk,0.72
FYC,First Trust Small Cap Growth AlphaDEX® Fund,U.S. Equity,Small Growth,Small Growth,0.7
CARZ,First Trust S-Network Future Vehicles & Technology ETF,Sector Equity,Large Growth,Technology,0.7
LOUP,Innovator Deepwater Frontier Tech ETF,Sector Equity,Mid Growth,Technology,0.7
CZA,Invesco Zacks Mid-Cap ETF,U.S. Equity,Mid Value,Mid-Cap Blend,0.69
AIRR,First Trust RBA American Industrial RenaissanceTM ETF,Sector Equity,Small Growth,Industrials,0.69
THNQ,Robo Global® Artificial Intelligence ETF,Sector Equity,Large Growth,Technology,0.68
FAB,First Trust Multi Cap Value AlphaDEX® Fund,U.S. Equity,Small Value,Mid-Cap Value,0.66
CSD,Invesco S&P Spin-Off ETF,U.S. Equity,Mid Blend,Mid-Cap Blend,0.65
RBLD,First Trust Alerian U.S. NextGen Infrastructure ETF,Sector Equity,Mid Blend,Miscellaneous Sector,0.65
COPX,Global X Copper Miners ETF,Sector Equity,Large Growth,Natural Resources,0.65
SIL,Global X Silver Miners ETF,Sector Equity,Mid Growth,Equity Precious Metals,0.65
GOEX,Global X Gold Explorers ETF,Sector Equity,Mid Growth,Equity Precious Metals,0.65
PTNQ,Pacer Trendpilot™ 100 ETF,U.S. Equity,Large Growth,Large Growth,0.65
FWD,AB Disruptors ETF,International Equity,Large Growth,Global Large-Stock Growth,0.65
JTEK,JPMorgan U.S. Tech Leaders ETF,Sector Equity,Large Growth,Technology,0.65
SMOG,VanEck Low Carbon Energy ETF,Sector Equity,Large Blend,Miscellaneous Sector,0.64
CAOS,Alpha Architect Tail Risk ETF,Nontraditional Equity,Large Blend,Equity Hedged,0.63
ATTR,Arin Tactical Tail Risk ETF,Nontraditional Equity,Large Blend,Long-Short Equity,0.63
PKW,Invesco BuyBack Achievers ETF,U.S. Equity,Mid Value,Mid-Cap Value,0.62
PDP,Invesco Dorsey Wright Momentum ETF,U.S. Equity,Mid Growth,Large Growth,0.62
FNX,First Trust Mid Cap Core AlphaDEX® Fund,U.S. Equity,Small Blend,Mid-Cap Blend,0.62
FXH,First Trust Health Care AlphaDEX® Fund,Sector Equity,Mid Value,Health,0.61
FDM,First Trust Dow Jones Select MicroCap Index Fund,U.S. Equity,Small Value,Small Value,0.6
PEZ,Invesco Dorsey Wright Consumer Cyclicals Momentum ETF,Sector Equity,Small Blend,Consumer Cyclical,0.6
PYZ,Invesco Dorsey Wright Basic Materials Momentum ETF,Sector Equity,Small Blend,Natural Resources,0.6
PSL,Invesco Dorsey Wright Consumer Staples Momentum ETF,Sector Equity,Mid Value,Consumer Defensive,0.6
PTF,Invesco Dorsey Wright Technology Momentum ETF,Sector Equity,Mid Growth,Technology,0.6
FXR,First Trust Industrials/Producer Durables AlphaDEX® Fund,Sector Equity,Mid Blend,Industrials,0.6
DWAS,Invesco Dorsey Wright SmallCap Momentum ETF,U.S. Equity,Small Growth,Small Blend,0.6
HACK,Amplify Cybersecurity ETF,Sector Equity,Mid Growth,Technology,0.6
EWT,iShares MSCI Taiwan ETF,International Equity,Large Growth,Greater China Region,0.59
GXC,State Street® SPDR® S&P® China ETF,International Equity,Large Value,Greater China Region,0.59
EIS,iShares MSCI Israel ETF,International Equity,Mid Growth,Focused Region,0.59
EPU,iShares MSCI Peru ETF,International Equity,Large Growth,Focused Region,0.59
ARGT,Global X MSCI Argentina ETF,International Equity,Large Growth,Focused Region,0.59
SYLD,Cambria Shareholder Yield ETF,U.S. Equity,Small Value,Mid-Cap Value,0.59
GAMR,Amplify Video Game Leaders ETF,Sector Equity,Large Growth,Communications,0.59
AIVC,Amplify Bloomberg AI Equal Weight ETF,Sector Equity,Large Growth,Technology,0.59
PBE,Invesco Biotechnology & Genome ETF,Sector Equity,Small Blend,Health,0.58
DLS,WisdomTree International SmallCap Dividend Fund,International Equity,Small Value,Foreign Small/Mid Value,0.58
DFJ,WisdomTree Japan SmallCap Dividend Fund,International Equity,Small Blend,Japan Stock,0.58
DIM,WisdomTree International MidCap Dividend Fund,International Equity,Mid Value,Foreign Small/Mid Value,0.58
FTA,First Trust Large Cap Value AlphaDEX® Fund,U.S. Equity,Mid Value,Mid-Cap Value,0.58
FYX,First Trust Small Cap Core AlphaDEX® Fund,U.S. Equity,Small Value,Small Blend,0.58
CIBR,First Trust NASDAQ Cybersecurity ETF,Sector Equity,Large Growth,Technology,0.58
PJP,Invesco Pharmaceuticals ETF,Sector Equity,Mid Value,Health,0.57
PKB,Invesco Building & Construction ETF,Sector Equity,Mid Growth,Industrials,0.57
QQXT,First Trust NASDAQ-100 Ex-Technology Sector Index Fund,U.S. Equity,Large Blend,Large Blend,0.57
FEX,First Trust Large Cap Core AlphaDEX® Fund,U.S. Equity,Mid Value,Large Blend,0.57
PSI,Invesco Semiconductors ETF,Sector Equity,Mid Growth,Technology,0.56
IGPT,Invesco AI and Next Gen Software ETF,Sector Equity,Large Growth,Technology,0.56
HYS,PIMCO 0-5 Year High Yield Corporate Bond Index Exchange-Traded Fund,Taxable Bond,--,High Yield Bond,0.56
SLX,VanEck Steel ETF,Sector Equity,Large Value,Natural Resources,0.55
ESPO,VanEck Video Gaming and eSports ETF,Sector Equity,Large Growth,Communications,0.55
JIVE,Jpmorgan International Value ETF,International Equity,Large Value,Foreign Large Value,0.55
RCLY,Reckoner BBB-B CLO Annual ETF,Taxable Bond,--,Securitized Bond - Focused,0.55
BOND,PIMCO Active Bond Exchange-Traded Fund,Taxable Bond,--,Intermediate Core-Plus Bond,0.54
LDUR,PIMCO Enhanced Low Duration Active Exchange-Traded Fund,Taxable Bond,--,Short-Term Bond,0.54
FTCS,First Trust Capital Strength ETF,U.S. Equity,Large Value,Large Blend,0.53
EDEN,iShares MSCI Denmark ETF,International Equity,Large Blend,Focused Region,0.53
NLR,VanEck Uranium and Nuclear ETF,Sector Equity,Mid Growth,Natural Resources,0.52
GDXJ,VanEck Junior Gold Miners ETF,Sector Equity,Mid Growth,Equity Precious Metals,0.52
HYGH,iShares Interest Rate Hedged High Yield Bond ETF,Taxable Bond,--,High Yield Bond,0.52
GDX,VanEck Gold Miners ETF,Sector Equity,Mid Blend,Equity Precious Metals,0.51
AIA,iShares Asia 50 ETF,International Equity,Large Blend,Pacific/Asia ex-Japan Stk,0.5
FIW,First Trust Water ETF,Sector Equity,Mid Blend,Natural Resources,0.5
SCJ,iShares MSCI Japan Small-Cap ETF,International Equity,Mid Blend,Japan Stock,0.5
TDIV,First Trust NASDAQ Technology Dividend Index Fund,Sector Equity,Large Blend,Technology,0.5
SGDJ,Sprott Junior Gold Miners ETF,Sector Equity,Small Growth,Equity Precious Metals,0.5
SDG,iShares MSCI Global Sustainable Development Goals ETF,International Equity,Large Blend,Global Large-Stock Blend,0.5
ARCM,Arrow Reserve Capital Management ETF,Taxable Bond,--,Ultrashort Bond,0.5
IQM,Franklin Intelligent Machines ETF,Sector Equity,Large Growth,Technology,0.5
CHPX,Global X AI Semiconductor & Quantum ETF,Sector Equity,Large Growth,Technology,0.5
EWJ,iShares MSCI Japan ETF,International Equity,Large Blend,Japan Stock,0.49
EEMA,iShares MSCI Emerging Markets Asia ETF,International Equity,Large Blend,Pacific/Asia ex-Japan Stk,0.49
TRFK,Pacer Data and Digital Revolution ETF,Sector Equity,Large Growth,Technology,0.49
JPXN,iShares JPX-Nikkei 400 ETF,International Equity,Large Blend,Japan Stock,0.48
REZ,iShares Residential and Multisector Real Estate ETF,Sector Equity,Mid Blend,Real Estate,0.48
LRGE,ClearBridge Large Cap Growth Select ETF,U.S. Equity,Large Growth,Large Growth,0.48
MOAT,VanEck Morningstar Wide Moat ETF,U.S. Equity,Mid Blend,Large Blend,0.46
EINC,VanEck Energy Income ETF,Sector Equity,Mid Value,Energy Limited Partnership,0.46
CSM,ProShares Large Cap Core Plus,U.S. Equity,Large Blend,Large Blend,0.45
DBJP,Xtrackers MSCI Japan Hedged Equity ETF,International Equity,Large Blend,Japan Stock,0.45
FITE,State Street® SPDR® S&P Kensho Future Security ETF,Sector Equity,Small Growth,Technology,0.45
ROKT,State Street® SPDR® S&P Kensho Final Frontiers ETF,Sector Equity,Mid Growth,Industrials,0.45
CNRG,State Street® SPDR® S&P Kensho Clean Power ETF,Sector Equity,Small Blend,Equity Energy,0.45
SSPY,Stratified LargeCap Index ETF,U.S. Equity,Mid Value,Large Value,0.45
TDV,ProShares S&P Technology Dividend Aristocrats ETF,Sector Equity,Mid Blend,Technology,0.45
FDG,American Century Focused Dynamic Growth ETF,U.S. Equity,Large Growth,Large Growth,0.45
PIFI,ClearShares Piton Intermediate Fixed Income ETF,Taxable Bond,--,Intermediate Core Bond,0.45
GDMN,WisdomTree Efficient Gold Plus Gold Miners Strategy Fund,Alternative,Mid Blend,Multi-Asset Overlay,0.45
CTEF,Castellan Targeted Equity ETF,U.S. Equity,Mid Growth,Mid-Cap Blend,0.45
JGRO,JPMorgan Active Growth ETF,U.S. Equity,Large Growth,Large Growth,0.44
FLV,American Century Focused Large Cap Value ETF,U.S. Equity,Large Value,Large Value,0.42
SLWS,SLW Short Duration Income ETF,Taxable Bond,--,Ultrashort Bond,0.42
CORP,PIMCO Investment Grade Corporate Bond Index Exchange-Traded Fund,Taxable Bond,--,Corporate Bond,0.41
IOO,iShares Global 100 ETF,International Equity,Large Blend,Global Large-Stock Blend,0.4
FXE,Invesco CurrencyShares® Euro Currency Trust,Miscellaneous,--,Single Currency,0.4
FXB,Invesco CurrencyShares® British Pound Sterling Trust,Miscellaneous,--,Single Currency,0.4
FXF,Invesco CurrencyShares® Swiss Franc Trust,Miscellaneous,--,Single Currency,0.4
RSPG,Invesco S&P 500® Equal Weight Energy ETF,Sector Equity,Mid Value,Equity Energy,0.4
POWA,Invesco Bloomberg Pricing Power ETF,U.S. Equity,Mid Blend,Large Blend,0.4
JNK,State Street® SPDR® Bloomberg High Yield Bond ETF,Taxable Bond,Small Growth,High Yield Bond,0.4
SCZ,iShares MSCI EAFE Small-Cap ETF,International Equity,Mid Blend,Foreign Small/Mid Blend,0.4
CWB,State Street® SPDR® Bloomberg Convertible Securities ETF,Allocation,Small Growth,Convertibles,0.4
REGL,ProShares S&P MidCap 400 Dividend Aristocrats ETF,U.S. Equity,Small Value,Small Value,0.4
SHOC,Strive U.S. Semiconductor ETF,Sector Equity,Large Growth,Technology,0.4
EMB,iShares J.P. Morgan USD Emerging Markets Bond ETF,Taxable Bond,--,Emerging Markets Bond,0.39
RWL,Invesco S&P 500 Revenue ETF,U.S. Equity,Large Value,Large Value,0.39
TLTD,FlexShares Morningstar Developed Markets ex-US Factor Tilt Index Fund,International Equity,Large Value,Foreign Large Value,0.39
QDEF,FlexShares Quality Dividend Defensive Index Fund,U.S. Equity,Large Value,Large Value,0.39
QDF,FlexShares Quality Dividend Index Fund,U.S. Equity,Large Blend,Large Value,0.39
ACLC,American Century Large Cap Equity ETF,U.S. Equity,Large Blend,Large Blend,0.39
LRGC,AB US Large Cap Strategic Equities ETF,U.S. Equity,Large Blend,Large Blend,0.39
IDU,iShares U.S. Utilities ETF,Sector Equity,Mid Value,Utilities,0.38
IGV,iShares Expanded Tech-Software Sector ETF,Sector Equity,Large Growth,Technology,0.38
IXG,iShares Global Financials ETF,Sector Equity,Large Value,Financial,0.38
IXJ,iShares Global Healthcare ETF,Sector Equity,Large Value,Health,0.38
IYC,iShares US Consumer Discretionary ETF,Sector Equity,Large Value,Consumer Cyclical,0.38
IYF,iShares U.S. Financials ETF,Sector Equity,Large Value,Financial,0.38
IYG,iShares U.S. Financial Services ETF,Sector Equity,Large Value,Financial,0.38
IYT,iShares Transportation Average ETF,Sector Equity,Mid Value,Industrials,0.38
AIVL,WisdomTree U.S. Al Enhanced Value Fund,U.S. Equity,Mid Value,Mid-Cap Value,0.38
DHS,WisdomTree U.S. High Dividend Fund,U.S. Equity,Mid Value,Large Value,0.38
IDGT,iShares U.S. Digital Infrastructure and Real Estate ETF,Sector Equity,Mid Blend,Technology,0.37
IXN,iShares Global Tech ETF,Sector Equity,Large Growth,Technology,0.37
IXP,iShares Global Comm Services ETF,Sector Equity,Large Value,Communications,0.37
IYR,iShares U.S. Real Estate ETF,Sector Equity,Mid Blend,Real Estate,0.37
IAK,iShares U.S. Insurance ETF,Sector Equity,Mid Value,Financial,0.37
ITB,iShares U.S. Home Construction ETF,Sector Equity,Mid Value,Consumer Cyclical,0.37
IEO,iShares U.S. Oil & Gas Exploration & Production ETF,Sector Equity,Mid Value,Equity Energy,0.37
IHE,iShares U.S. Pharmaceuticals ETF,Sector Equity,Large Value,Health,0.37
MXI,iShares Global Materials ETF,Sector Equity,Large Blend,Natural Resources,0.37
XSMO,Invesco S&P SmallCap Momentum ETF,U.S. Equity,Small Blend,Small Blend,0.36
MINT,PIMCO Enhanced Short Maturity Active Exchange-Traded Fund,Taxable Bond,--,Ultrashort Bond,0.36
SPGP,Invesco S&P 500 GARP ETF,U.S. Equity,Mid Blend,Large Value,0.36
PPH,VanEck Pharmaceutical ETF,Sector Equity,Large Value,Health,0.36
AVDV,Avantis International Small Cap Value ETF,International Equity,Small Value,Foreign Small/Mid Value,0.36
XHB,State Street® SPDR® S&P® Homebuilders ETF,Sector Equity,Small Value,Consumer Cyclical,0.35
RPV,Invesco S&P 500® Pure Value ETF,U.S. Equity,Mid Value,Mid-Cap Value,0.35
XES,State Street® SPDR® S&P® Oil & Gas Equipment & Services ETF,Sector Equity,Small Blend,Equity Energy,0.35
XME,State Street® SPDR® S&P® Metals & Mining ETF,Sector Equity,Small Blend,Natural Resources,0.35
XRT,State Street® SPDR® S&P® Retail ETF,Sector Equity,Small Value,Consumer Cyclical,0.35
PSR,Invesco Active U.S. Real Estate Fund,Sector Equity,Mid Blend,Real Estate,0.35
KBWP,Invesco KBW Property & Casualty Insurance ETF,Sector Equity,Mid Value,Financial,0.35
GRPM,Invesco S&P MidCap 400® GARP ETF,U.S. Equity,Small Blend,Small Blend,0.35
XHE,State Street® SPDR® S&P® Health Care Equipment ETF,Sector Equity,Small Blend,Health,0.35
XTN,State Street® SPDR® S&P® Transportation ETF,Sector Equity,Small Blend,Industrials,0.35
XHS,State Street® SPDR® S&P® Health Care Services ETF,Sector Equity,Small Blend,Health,0.35
KBWB,Invesco KBW Bank ETF,Sector Equity,Large Value,Financial,0.35
QQQE,Direxion NASDAQ-100® Equal Weighted Index Shares,U.S. Equity,Large Growth,Large Growth,0.35
CFA,VictoryShares US 500 Volatility Wtd ETF,U.S. Equity,Mid Blend,Large Blend,0.35
NANR,State Street® SPDR® S&P® North American Natural Resources ETF,Sector Equity,Mid Value,Natural Resources,0.35
EQRR,ProShares Equities for Rising Rates ETF,U.S. Equity,Large Value,Mid-Cap Value,0.35
HIDV,AB US High Dividend ETF,U.S. Equity,Large Value,Large Value,0.35
AUMI,Themes Gold Miners ETF,Sector Equity,Mid Growth,Equity Precious Metals,0.35
RAAY,Reckoner Yield Enhanced AAA CLO Annual ETF,Taxable Bond,--,Securitized Bond - Focused,0.35
EFG,iShares MSCI EAFE Growth ETF,International Equity,Large Growth,Foreign Large Growth,0.34
BBP,Virtus LifeSci Biotech Products ETF,Sector Equity,Small Growth,Health,0.34
AVNV,Avantis All International Markets Value ETF,International Equity,Large Value,Foreign Large Value,0.34
LVIG,Longview Advantage Fixed Income ETF,Taxable Bond,--,Intermediate Core Bond,0.34
AVEM,Avantis Emerging Markets Equity ETF,International Equity,Large Blend,Diversified Emerging Mkts,0.33
PJFV,PGIM Jennison Focused Value ETF,U.S. Equity,Large Value,Large Value,0.33
EFA,iShares MSCI EAFE ETF,International Equity,Large Blend,Foreign Large Blend,0.32
CPAG,F/m Compoundr U.S. Aggregate Bond ETF,Taxable Bond,--,Intermediate Core Bond,0.31
QEFA,State Street® SPDR® MSCI EAFE StrategicFactors ETF,International Equity,Large Blend,Foreign Large Blend,0.3
JSML,Janus Henderson Small Cap Growth Alpha ETF,U.S. Equity,Small Growth,Small Growth,0.3
JSMD,Janus Henderson Small/Mid Cap Growth Alpha ETF,U.S. Equity,Small Growth,Small Growth,0.3
UFOX,Defiance Space and Connective Tech ETF,Sector Equity,Mid Growth,Technology,0.3
RMME,Rareview Government Money Market ETF,Money Market,--,Money Market-Taxable,0.3
PSCM,Invesco S&P SmallCap Materials ETF,Sector Equity,Small Value,Natural Resources,0.29
PSCD,Invesco S&P SmallCap Consumer Discretionary ETF,Sector Equity,Small Value,Consumer Cyclical,0.29
JHML,John Hancock Multifactor Large Cap ETF,U.S. Equity,Large Blend,Large Blend,0.29
CATH,Global X S&P 500® Catholic Values ETF,U.S. Equity,Large Blend,Large Blend,0.29
USVM,VictoryShares US Small Mid Cap Value Momentum ETF,U.S. Equity,Small Value,Small Value,0.29
QGRO,American Century U.S. Quality Growth ETF,U.S. Equity,Large Growth,Large Growth,0.29
CHRI,Global X S&P 500 Christian Values ETF,U.S. Equity,Large Blend,Large Blend,0.29
DLN,WisdomTree U.S. LargeCap Dividend Fund,U.S. Equity,Large Value,Large Value,0.28
DTD,WisdomTree U.S. Total Dividend Fund,U.S. Equity,Large Value,Large Value,0.28
DGRW,WisdomTree U.S. Quality Dividend Growth Fund,U.S. Equity,Large Value,Large Blend,0.28
SGVT,Schwab Government Money Market ETF,Money Market,--,Money Market-Taxable,0.28
NULG,Nuveen ESG Large-Cap Growth ETF,U.S. Equity,Large Growth,Large Growth,0.26
AVGV,Avantis ALL Equity Markets Value ETF,International Equity,Mid Value,Global Small/Mid Stock,0.26
DSI,iShares ESG MSCI KLD 400 ETF,U.S. Equity,Large Blend,Large Blend,0.25
RWR,State Street® SPDR® Dow Jones® REIT ETF,Sector Equity,Mid Blend,Real Estate,0.25
XMHQ,Invesco S&P MidCap Quality ETF,U.S. Equity,Small Growth,Mid-Cap Blend,0.25
EQWL,Invesco S&P 100 Equal Weight ETF,U.S. Equity,Large Value,Large Value,0.25
SPHB,Invesco S&P 500® High Beta ETF,U.S. Equity,Mid Growth,Mid-Cap Blend,0.25
FTSD,Franklin Short Duration U.S. Government ETF,Taxable Bond,--,Short Government,0.25
SYSB,iShares Systematic Bond ETF,Taxable Bond,--,Intermediate Core-Plus Bond,0.25
QLC,FlexShares US Quality Large Cap Index Fund,U.S. Equity,Large Blend,Large Blend,0.25
EMXC,iShares MSCI Emerging Markets ex China ETF,International Equity,Large Blend,Diversified Emerging Mkts,0.25
AVUV,Avantis US Small Cap Value ETF,U.S. Equity,Small Value,Small Value,0.25
LFAI,LifeX 2050 Longevity Income ETF,Taxable Bond,--,Target Maturity,0.25
LQDH,iShares Interest Rate Hedged Corporate Bond ETF,Taxable Bond,--,Ultrashort Bond,0.24
JPME,JPMorgan Diversified Return U.S. Mid Cap Equity ETF,U.S. Equity,Mid Value,Mid-Cap Blend,0.24
EMNT,PIMCO Enhanced Short Maturity Active ESG Exchange-Traded Fund,Taxable Bond,--,Ultrashort Bond,0.24
JIRE,JPMorgan International Research Enhanced Equity ETF,International Equity,Large Blend,Foreign Large Blend,0.24
DFAW,Dimensional World Equity ETF,International Equity,Large Blend,Global Large-Stock Blend,0.24
IWP,iShares Russell Mid-Cap Growth ETF,U.S. Equity,Mid Growth,Mid-Cap Growth,0.23
AVDE,Avantis International Equity ETF,International Equity,Large Blend,Foreign Large Blend,0.23
AVGE,Avantis All Equity Markets ETF,International Equity,Large Blend,Global Large-Stock Blend,0.23
BOXA,Alpha Architect Aggregate Bond ETF,Taxable Bond,Large Blend,Intermediate Core Bond,0.23
SGVA,F/M Accumulator Ultrashort U.S. Treasury Fund,Taxable Bond,--,Ultrashort Bond,0.22
ONEQ,Fidelity Nasdaq Composite Index ETF,U.S. Equity,Large Growth,Large Growth,0.21
GVI,iShares Intermediate Government/Credit Bond ETF,Taxable Bond,--,Short-Term Bond,0.2
GBF,iShares Government/Credit Bond ETF,Taxable Bond,--,Intermediate Core Bond,0.2
IWX,iShares Russell Top 200 Value ETF,U.S. Equity,Large Value,Large Value,0.2
ACWV,iShares MSCI Global Min Vol Factor ETF,International Equity,Large Value,Global Large-Stock Blend,0.2
EFAV,iShares MSCI EAFE Min Vol Factor ETF,International Equity,Large Value,Foreign Large Blend,0.2
ICVT,iShares Convertible Bond ETF,Allocation,Small Value,Convertibles,0.2
ONEY,State Street® SPDR® Russell 1000 Yield Focus ETF,U.S. Equity,Mid Value,Mid-Cap Value,0.2
ESGD,iShares ESG Aware MSCI EAFE ETF,International Equity,Large Blend,Foreign Large Blend,0.2
GSSC,Goldman Sachs ActiveBeta® U.S. Small Cap Equity ETF,U.S. Equity,Small Blend,Small Blend,0.2
ULVM,VictoryShares US Value Momentum ETF,U.S. Equity,Mid Value,Large Value,0.2
JUST,Goldman Sachs JUST U.S. Large Cap Equity ETF,U.S. Equity,Large Blend,Large Blend,0.2
OPER,ClearShares Ultra-Short Maturity ETF,Taxable Bond,--,Ultrashort Bond,0.2
SOFR,Amplify Samsung SOFR ETF,Taxable Bond,--,Ultrashort Bond,0.2
CSHP,iShares Dynamic Short-Term Active ETF,Taxable Bond,Large Blend,Ultrashort Bond,0.2
MMKT,Texas Capital Government Money Market ETF,Money Market,--,Money Market-Taxable,0.2
PMMF,iShares Prime Money Market ETF,Money Market,--,Prime Money Market,0.2
GMMF,iShares Government Money Market ETF,Money Market,--,Money Market-Taxable,0.2
FLTW,Franklin FTSE Taiwan ETF,International Equity,Large Growth,Greater China Region,0.19
BBCA,JPMorgan BetaBuilders Canada ETF,International Equity,Large Blend,Focused Region,0.19
SOXQ,Invesco PHLX Semiconductor ETF,Sector Equity,Large Growth,Technology,0.19
BOXX,Alpha Architect 1-3 Month Box ETF,Taxable Bond,Large Blend,Ultrashort Bond,0.19
DFVX,Dimensional US Large Cap Vector ETF,U.S. Equity,Large Value,Large Value,0.19
WEEK,Roundhill Weekly T-Bill ETF,Taxable Bond,--,Ultrashort Bond,0.19
IJJ,iShares S&P Mid-Cap 400 Value ETF,U.S. Equity,Small Value,Mid-Cap Value,0.18
IJS,iShares S&P Small-Cap 600 Value ETF,U.S. Equity,Small Value,Small Value,0.18
IVW,iShares S&P 500 Growth ETF,U.S. Equity,Large Growth,Large Growth,0.18
IWF,iShares Russell 1000 Growth ETF,U.S. Equity,Large Growth,Large Growth,0.18
IWR,iShares Russell Mid-Cap ETF,U.S. Equity,Mid Blend,Mid-Cap Blend,0.18
TIP,iShares TIPS Bond ETF,Taxable Bond,--,Inflation-Protected Bond,0.18
JPUS,JPMorgan Diversified Return U.S. Equity ETF,U.S. Equity,Mid Value,Mid-Cap Value,0.18
IETC,iShares U.S. Tech Independence Focused ETF,Sector Equity,Large Growth,Technology,0.18
MUND,Northern Trust 2055 Tax-Exempt Distributing Ladder ETF,Municipal Bond,--,Muni Target Maturity,0.18
MUNA,Northern Trust 2030 Tax-Exempt Distributing Ladder ETF,Municipal Bond,--,Muni Target Maturity,0.18
MUNC,Northern Trust 2045 Tax-Exempt Distributing Ladder ETF,Municipal Bond,--,Muni Target Maturity,0.18
MUNB,Northern Trust 2035 Tax-Exempt Distributing Ladder ETF,Municipal Bond,--,Muni Target Maturity,0.18
MMK,State Street Prime Money Market ETF,Money Market,--,Prime Money Market,0.18
IJK,iShares S&P Mid-Cap 400 Growth ETF,U.S. Equity,Small Growth,Mid-Cap Growth,0.16
JMMF,Jpmorgan 100% U.S. Treasury Securities Money Market ETF,Money Market,--,Money Market-Taxable,0.16
SLYG,State Street® SPDR® S&P 600™ Small Cap Growth ETF,U.S. Equity,Small Growth,Small Growth,0.15
SLYV,State Street® SPDR® S&P 600™ Small Cap Value ETF,U.S. Equity,Small Value,Small Value,0.15
IEF,iShares 7-10 Year Treasury Bond ETF,Taxable Bond,--,Long Government,0.15
MDYG,State Street® SPDR® S&P 400™ Mid Cap Growth ETF,U.S. Equity,Small Growth,Mid-Cap Growth,0.15
MDYV,State Street® SPDR® S&P 400™ Mid Cap Value ETF,U.S. Equity,Small Value,Mid-Cap Value,0.15
SPHQ,Invesco S&P 500® Quality ETF,U.S. Equity,Large Blend,Large Blend,0.15
SHV,iShares 0–1 Year Treasury Bond ETF,Taxable Bond,--,Ultrashort Bond,0.15
TLH,iShares 10-20 Year Treasury Bond ETF,Taxable Bond,--,Long Government,0.15
IEI,iShares 3-7 Year Treasury Bond ETF,Taxable Bond,--,Intermediate Government,0.15
AGZ,iShares Agency Bond ETF,Taxable Bond,--,Short Government,0.15
AOA,iShares Core 80/20 Aggressive Allocation ETF,Allocation,Large Blend,Global Moderately Aggressive Allocation,0.15
USMV,iShares MSCI USA Min Vol Factor ETF,U.S. Equity,Large Blend,Large Blend,0.15
SMLF,iShares U.S. Small-Cap Equity Factor ETF,U.S. Equity,Small Blend,Small Blend,0.15
IGRO,iShares International Dividend Growth ETF,International Equity,Large Blend,Foreign Large Blend,0.15
FDMO,Fidelity Momentum Factor ETF,U.S. Equity,Large Blend,Large Growth,0.15
SMMD,iShares Russell 2500 ETF,U.S. Equity,Small Blend,Small Blend,0.15
AVUS,Avantis US Equity ETF,U.S. Equity,Large Blend,Large Blend,0.15
AVLV,Avantis US Large Cap Value ETF,U.S. Equity,Large Value,Large Value,0.15
AVSU,Avantis Responsible U.S. Equity ETF,U.S. Equity,Large Blend,Large Blend,0.15
CVLC,Calvert US Large-Cap Core Responsible Index ETF,U.S. Equity,Large Blend,Large Blend,0.15
AVLC,Avantis U.S. Large Cap Equity ETF,U.S. Equity,Large Blend,Large Blend,0.15
SBIL,Simplify Government Money Market ETF,Money Market,--,Money Market-Taxable,0.15
CMBO,Wayfinder Dynamic U.S. Interest Rate ETF,Taxable Bond,Large Blend,Ultrashort Bond,0.15
IQMM,Proshares Genius Money Market ETF,Money Market,--,Money Market-Taxable,0.15
XBOX,Roundhill Ultra Short Duration No Dividend Target ETF,Alternative,Large Blend,Equity Market Neutral,0.1449
LQD,iShares iBoxx $ Investment Grade Corporate Bond ETF,Taxable Bond,--,Corporate Bond,0.14
CDEI,"Calvert US Large-Cap Diversity, Equity And Inclusion Index ETF",U.S. Equity,Large Blend,Large Blend,0.14
BILZ,PIMCO Ultra Short Government Active Exchange-Traded Fund,Taxable Bond,--,Ultrashort Bond,0.14
DCOR,Dimensional US Core Equity 1 ETF,U.S. Equity,Large Blend,Large Blend,0.14
CBOX,Calamos Tax-Aware Collateral ETF,Alternative,--,Relative Value Arbitrage,0.14
BILS,State Street® SPDR® Bloomberg 3-12 Month T-Bill ETF,Taxable Bond,--,Ultrashort Bond,0.1354
BIL,State Street® SPDR® Bloomberg 1-3 Month T-Bill ETF,Taxable Bond,--,Ultrashort Bond,0.1353
VNQ,Vanguard Real Estate Index Fund ETF Shares,Sector Equity,Mid Blend,Real Estate,0.13
SPMO,Invesco S&P 500® Momentum ETF,U.S. Equity,Large Growth,Large Blend,0.13
VFMV,Vanguard U.S. Minimum Volatility ETF ETF Shares,U.S. Equity,Mid Value,Mid-Cap Blend,0.13
WTV,WisdomTree U.S. Value Fund,U.S. Equity,Mid Value,Mid-Cap Value,0.12
GBIL,Goldman Sachs Access Treasury 0-1 Year ETF,Taxable Bond,--,Ultrashort Bond,0.12
DMXF,iShares ESG Advanced MSCI EAFE Index ETF,International Equity,Large Growth,Foreign Large Blend,0.12
BBRE,JPMorgan BetaBuilders MSCI U.S. REIT ETF,Sector Equity,Mid Blend,Real Estate,0.11
IVOG,Vanguard S&P Mid-Cap 400 Growth Index Fund ETF Shares,U.S. Equity,Small Growth,Mid-Cap Growth,0.1
IVOV,Vanguard S&P Mid-Cap 400 Value Index Fund ETF Shares,U.S. Equity,Small Value,Mid-Cap Value,0.1
VIOV,Vanguard S&P Small-Cap 600 Value Index Fund ETF Shares,U.S. Equity,Small Value,Small Value,0.1
GLDM,SPDR® Gold MiniShares,Commodities,--,Commodities Focused,0.1
SUSL,iShares ESG MSCI USA Leaders ETF,U.S. Equity,Large Blend,Large Blend,0.1
TIPB,Northern Trust 2035 Inflation-Linked Distributing Ladder ETF,Taxable Bond,--,Target Maturity,0.1
TIPC,Northern Trust 2045 Inflation-Linked Distributing Ladder ETF,Taxable Bond,--,Target Maturity,0.1
TIPD,Northern Trust 2055 Inflation-Linked Distributing Ladder ETF,Taxable Bond,--,Target Maturity,0.1
TIPA,Northern Trust 2030 Inflation-Linked Distributing Ladder ETF,Taxable Bond,--,Target Maturity,0.1
VFH,Vanguard Financials Index Fund ETF Shares,Sector Equity,Large Value,Financial,0.09
VGT,Vanguard Information Technology Index Fund ETF Shares,Sector Equity,Large Growth,Technology,0.09
EUSA,iShares MSCI USA Equal Weighted ETF,U.S. Equity,Mid Blend,Mid-Cap Blend,0.09
SPGM,State Street® SPDR® Portfolio MSCI Global Stock Market ETF,International Equity,Large Blend,Global Large-Stock Blend,0.09
IPAC,iShares Core MSCI Pacific ETF,International Equity,Large Blend,Focused Region,0.09
GSLC,Goldman Sachs ActiveBeta® U.S. Large Cap Equity ETF,U.S. Equity,Large Blend,Large Blend,0.09
SPXT,ProShares S&P 500® ex-Technology ETF,U.S. Equity,Large Value,Large Blend,0.09
GSEW,Goldman Sachs Equal Weight U.S. Large Cap Equity ETF,U.S. Equity,Mid Blend,Large Blend,0.09
ESGV,Vanguard ESG U.S. Stock ETF,U.S. Equity,Large Blend,Large Blend,0.09
KOKU,Xtrackers MSCI Kokusai Equity ETF,International Equity,Large Blend,Global Large-Stock Blend,0.09
SGOV,iShares® 0-3 Month Treasury Bond ETF,Taxable Bond,--,Ultrashort Bond,0.09
BBSC,JPMorgan BetaBuilders U.S. Small Cap Equity ETF,U.S. Equity,Small Blend,Small Blend,0.09
VTEL,Vanguard Long-Term Tax-Exempt Bond ETF Shares,Municipal Bond,--,Muni National Long,0.09
MUNY,Vanguard New York Tax-Exempt Bond ETF Shares,Municipal Bond,--,Muni New York Intermediate,0.09
NYSX,Global X NYSE 100 ETF,U.S. Equity,Large Growth,Large Growth,0.09
FDIS,Fidelity MSCI Consumer Discretionary Index ETF,Sector Equity,Large Blend,Consumer Cyclical,0.084
FIDU,Fidelity MSCI Industrials Index ETF,Sector Equity,Mid Blend,Industrials,0.084
XLY,State Street® Consumer Discretionary Select Sector SPDR® ETF,Sector Equity,Large Blend,Consumer Cyclical,0.08
TBLL,Invesco Short Term Treasury ETF,Taxable Bond,--,Ultrashort Bond,0.08
XLC,State Street® Communication Services Select Sector SPDR® ETF,Sector Equity,Large Value,Communications,0.08
USCL,Ishares Climate Conscious & Transition MSCI USA ETF,U.S. Equity,Large Blend,Large Blend,0.08
VTEI,Vanguard Intermediate-Term Tax-Exempt Bond ETF,Municipal Bond,--,Muni National Interm,0.08
RSSL,Global X Russell 2000 ETF,U.S. Equity,Small Blend,Small Blend,0.08
VPL,Vanguard FTSE Pacific Index Fund ETF Shares,International Equity,Large Blend,Focused Region,0.07
SUB,iShares Short-Term National Muni Bond ETF,Municipal Bond,--,Muni National Short,0.07
IVOO,Vanguard S&P Mid-Cap 400 Index Fund ETF Shares,U.S. Equity,Small Blend,Mid-Cap Blend,0.07
VIOO,Vanguard S&P Small-Cap 600 Index Fund ETF Shares,U.S. Equity,Small Blend,Small Blend,0.07
VOOG,Vanguard S&P 500 Growth Index Fund ETF Shares,U.S. Equity,Large Growth,Large Growth,0.07
IEFA,iShares Core MSCI EAFE ETF,International Equity,Large Blend,Foreign Large Blend,0.07
IXUS,iShares Core MSCI Total International Stock ETF,International Equity,Large Blend,Foreign Large Blend,0.07
VIGI,Vanguard International Dividend Appreciation Index Fund ETF Shares,International Equity,Large Blend,Foreign Large Growth,0.07
VYMI,Vanguard International High Dividend Yield Index Fund ETF Shares,International Equity,Large Value,Foreign Large Value,0.07
BBMC,JPMorgan BetaBuilders U.S. Mid Cap Equity ETF,U.S. Equity,Small Blend,Mid-Cap Blend,0.07
GSUS,Goldman Sachs MarketBeta US Equity ETF,U.S. Equity,Large Blend,Large Blend,0.07
CLIP,Global X 1-3 Month T-Bill ETF,Taxable Bond,--,Ultrashort Bond,0.07
VEXC,Vanguard Emerging Markets Ex-China ETF,International Equity,Large Blend,Diversified Emerging Mkts,0.07
IJR,iShares Core S&P Small-Cap ETF,U.S. Equity,Small Blend,Small Blend,0.06
IMCG,iShares Morningstar Mid-Cap Growth ETF,U.S. Equity,Mid Growth,Mid-Cap Growth,0.06
IMCV,iShares Morningstar Mid-Cap Value ETF,U.S. Equity,Mid Value,Mid-Cap Value,0.06
VGK,Vanguard FTSE Europe ETF,International Equity,Large Blend,Europe Stock,0.06
VONG,Vanguard Russell 1000 Growth Index Fund ETF Shares,U.S. Equity,Large Growth,Large Growth,0.06
VONV,Vanguard Russell 1000 Value Index Fund ETF Shares,U.S. Equity,Large Value,Large Value,0.06
VTWO,Vanguard Russell 2000 Index Fund ETF Shares,U.S. Equity,Small Blend,Small Blend,0.06
VTEC,Vanguard California Tax-Exempt Bond ETF,Municipal Bond,--,Muni California Intermediate,0.06
MUB,iShares National Muni Bond ETF,Municipal Bond,--,Muni National Interm,0.05
MGK,Vanguard Morningstar Mega Cap Growth ETF,U.S. Equity,Large Growth,Large Growth,0.05
VXUS,Vanguard Total International Stock Index Fund ETF Shares,International Equity,Large Blend,Foreign Large Blend,0.05
VOTE,TCW Transform 500 ETF,U.S. Equity,Large Blend,Large Blend,0.05
VTES,Vanguard Short-Term Tax-Exempt Bond ETF Shares,Municipal Bond,--,Muni National Short,0.05
SPYG,State Street® SPDR® Portfolio S&P 500 Growth ETF,U.S. Equity,Large Growth,Large Growth,0.04
IUSV,iShares Core S&P U.S. Value ETF,U.S. Equity,Large Value,Large Value,0.04
ILCG,iShares Morningstar Growth ETF,U.S. Equity,Large Growth,Large Growth,0.04
ILCV,iShares Morningstar Value ETF,U.S. Equity,Large Value,Large Value,0.04
IMCB,iShares Morningstar Mid-Cap ETF,U.S. Equity,Mid Blend,Mid-Cap Blend,0.04
MBB,iShares MBS ETF,Taxable Bond,--,Government Mortgage-Backed Bond,0.04
IDEV,iShares Core MSCI International Developed Markets ETF,International Equity,Large Blend,Foreign Large Blend,0.04
BBIB,Jpmorgan Betabuilders U.S. Treasury Bond 3-10 Year ETF,Taxable Bond,--,Intermediate Government,0.04
BBSB,Jpmorgan Betabuilders U.S. Treasury Bond 1-3 Year ETF,Taxable Bond,--,Short Government,0.04
AGG,iShares Core U.S. Aggregate Bond ETF,Taxable Bond,--,Intermediate Core Bond,0.03
ILCB,iShares Morningstar U.S. Equity ETF,U.S. Equity,Large Blend,Large Blend,0.03
VUG,Vanguard Morningstar Growth ETF,U.S. Equity,Large Growth,Large Growth,0.03
SPTM,State Street® SPDR® Portfolio S&P 1500 Composite Stock Market ETF,U.S. Equity,Large Blend,Large Blend,0.03
STIP,iShares 0-5 Year TIPS Bond ETF,Taxable Bond,--,Short-Term Inflation-Protected Bond,0.03
SPYM,State Street® SPDR® Portfolio S&P 500® ETF,U.S. Equity,Large Blend,Large Blend,0.02
BBUS,JPMorgan BetaBuilders U.S. Equity ETF,U.S. Equity,Large Blend,Large Blend,0.02
GXLC,Global X U.S. 500 ETF,U.S. Equity,Large Blend,Large Blend,0.02
ETMLF,WisdomTree Physical Silver,,--,Commodities - Precious Metals,
Highlighted cells have been user-added and may not meet the criteria included in the screen.,,,,,
The data and information in this spreadsheet is provided to you solely for your use and is not for distribution.,,,,,
"The spreadsheet is provided for informational purposes only, and is not intended to provide advice, nor should it be construed ",,,,,
"as an offer to sell, a solicitation of an offer to buy or a recommendation for any security by Fidelity or any third party.",,,,,
Data and information shown is based on information known to Fidelity as of the date it was exported and is subject to change.,,,,,
"For more information on the data included in this spreadsheet, including any limitations thereof, go to Fidelity.com.",,,,,
Performance data quoted represents past performance and the return and principal value of an investment will fluctuate ,,,,,
so that an investor's shares when redeemed may be worth more or less than their original cost.,,,,,
"Brokerage services are provided by Fidelity Brokerage Services LLC, 900 Salem Street, Smithfield RI 02917.",,,,,
Custody and other services provided by National Financial Servicess LLC.,,,,,
"Both are Fidelity Investment companies and members SIPC, NYSE.",,,,,
AS OF 03:19 AM ET 08/11/2026 Quotes delayed at least 15 minutes.,,,,,
BWET,Breakwave Tanker Shipping ETF,Commodities,Large Value,Commodities Focused,3.5
NUGT,Direxion Daily Gold Miners Index Bull 2X Shares,Miscellaneous,Mid Blend,Trading--Leveraged Equity,1.13
AMUU,Direxion Daily AMD Bull 2X Shares,Miscellaneous,Large Growth,Trading--Leveraged Equity,1.06
JNUG,Direxion Daily Junior Gold Miners Index Bull 2X Shares,Miscellaneous,Mid Growth,Trading--Leveraged Equity,1.03
FNGG,Direxion Daily NYSE FANG+ Bull 2X Shares,Miscellaneous,Large Growth,Trading--Leveraged Equity,0.97
LABU,Direxion Daily S&P Biotech Bull 3X Shares,Miscellaneous,Small Blend,Trading--Leveraged Equity,0.96
SURE,AdvisorShares Insider Advantage ETF,U.S. Equity,Mid Blend,Mid-Cap Blend,0.9
FAS,Direxion Daily Financial Bull 3X Shares,Miscellaneous,Large Value,Trading--Leveraged Equity,0.88
TECL,Direxion Daily Technology Bull 3X Shares,Miscellaneous,Large Growth,Trading--Leveraged Equity,0.87
NXTG,First Trust IndXX NextG ETF,Sector Equity,Large Blend,Technology,0.7
FAD,First Trust Multi Cap Growth AlphaDEX® Fund,U.S. Equity,Mid Growth,Mid-Cap Growth,0.63
IWC,iShares Micro-Cap ETF,U.S. Equity,Small Value,Small Blend,0.6
PRN,Invesco Dorsey Wright Industrials Momentum ETF,Sector Equity,Small Growth,Industrials,0.6
FXL,First Trust Technology AlphaDEX® Fund,Sector Equity,Mid Growth,Technology,0.6
GLTR,abrdn Physical Precious Metals Basket Shares ETF,Commodities,--,Commodities Focused,0.6
SKYY,First Trust Cloud Computing ETF,Sector Equity,Mid Growth,Technology,0.6
FTXL,First Trust Nasdaq Semiconductor ETF,Sector Equity,Large Growth,Technology,0.6
EWY,iShares MSCI South Korea ETF,International Equity,Large Blend,Focused Region,0.59
PPA,Invesco Aerospace & Defense ETF,Sector Equity,Mid Growth,Industrials,0.58
FTC,First Trust Large Cap Growth AlphaDEX® Fund,U.S. Equity,Mid Growth,Large Growth,0.58
FPX,First Trust US Equity Opportunities ETF,U.S. Equity,Mid Growth,Mid-Cap Growth,0.57
GRID,First Trust NASDAQ® Clean Edge® Smart Grid Infrastructure Index Fund,Sector Equity,Large Growth,Infrastructure,0.56
PWB,Invesco Large Cap Growth ETF,U.S. Equity,Large Growth,Large Growth,0.55
QQEW,First Trust Nasdaq-100 Select Equal Weight ETF,U.S. Equity,Large Growth,Large Growth,0.55
QTEC,First Trust NASDAQ-100-Technology Sector Index Fund,Sector Equity,Large Growth,Technology,0.55
FBT,First Trust NYSE Arca Biotechnology Index Fund,Sector Equity,Mid Blend,Health,0.55
DGT,State Street® SPDR® Global Dow ETF,International Equity,Large Value,Global Large-Stock Value,0.5
FDN,First Trust Dow Jones Internet Index Fund,Sector Equity,Large Blend,Technology,0.49
GMF,State Street® SPDR® S&P® Emerging Asia Pacific ETF,International Equity,Large Blend,Pacific/Asia ex-Japan Stk,0.49
DXJ,WisdomTree Japan Hedged Equity Fund,International Equity,Large Value,Japan Stock,0.48
XITK,State Street® SPDR® FactSet Innovative Technology ETF,Sector Equity,Small Growth,Technology,0.45
GVIP,Goldman Sachs Hedge Industry VIP ETF,U.S. Equity,Large Growth,Large Growth,0.45
IBB,iShares Biotechnology ETF,Sector Equity,Mid Blend,Health,0.44
ESGG,FlexShares STOXX Global ESG Select Index Fund,International Equity,Large Blend,Global Large-Stock Blend,0.42
GLD,SPDR® Gold Shares,Commodities,--,Commodities Focused,0.4
KNCT,Invesco Next Gen Connectivity ETF,Sector Equity,Large Growth,Technology,0.4
QTUM,Defiance Quantum ETF,Sector Equity,Large Growth,Technology,0.4
RWK,Invesco S&P MidCap 400 Revenue ETF,U.S. Equity,Small Value,Mid-Cap Value,0.39
DVY,iShares Select Dividend ETF,U.S. Equity,Mid Value,Mid-Cap Value,0.38
IYJ,iShares U.S. Industrials ETF,Sector Equity,Large Blend,Industrials,0.38
IYM,iShares U.S. Basic Materials ETF,Sector Equity,Mid Blend,Natural Resources,0.38
IYW,iShares U.S. Technology ETF,Sector Equity,Large Growth,Technology,0.38
EXI,iShares Global Industrials ETF,Sector Equity,Large Growth,Industrials,0.38
IGM,iShares Expanded Tech Sector ETF,Sector Equity,Large Growth,Technology,0.37
IAI,iShares U.S. Broker-Dealers & Securities Exchanges ETF,Sector Equity,Large Blend,Financial,0.37
ITA,iShares U.S. Aerospace & Defense ETF,Sector Equity,Large Growth,Industrials,0.37
RXI,iShares Global Consumer Discretionary ETF,Sector Equity,Large Blend,Consumer Cyclical,0.37
XNTK,State Street® SPDR® NYSE Technology ETF,Sector Equity,Large Growth,Technology,0.35
XMMO,Invesco S&P MidCap Momentum ETF,U.S. Equity,Mid Growth,Mid-Cap Blend,0.35
SDY,State Street® SPDR® S&P® Dividend ETF,U.S. Equity,Mid Value,Mid-Cap Value,0.35
KCE,State Street® SPDR® S&P® Capital Markets ETF,Sector Equity,Small Blend,Financial,0.35
XSD,State Street® SPDR® S&P® Semiconductor ETF,Sector Equity,Mid Growth,Technology,0.35
XBI,State Street® SPDR® S&P® Biotech ETF,Sector Equity,Small Blend,Health,0.35
RFV,Invesco S&P MidCap 400® Pure Value ETF,U.S. Equity,Small Value,Small Value,0.35
RZV,Invesco S&P SmallCap 600® Pure Value ETF,U.S. Equity,Small Value,Small Value,0.35
XOP,State Street® SPDR® S&P® Oil & Gas Exploration & Production ETF,Sector Equity,Small Value,Equity Energy,0.35
XTL,State Street® SPDR® S&P® Telecom ETF,Sector Equity,Small Blend,Communications,0.35
XAR,State Street® SPDR® S&P® Aerospace & Defense ETF,Sector Equity,Mid Growth,Industrials,0.35
XSW,State Street® SPDR® S&P® Software & Services ETF,Sector Equity,Small Blend,Technology,0.35
BBH,VanEck Biotech ETF,Sector Equity,Mid Blend,Health,0.35
OIH,VanEck Oil Services ETF,Sector Equity,Mid Blend,Equity Energy,0.35
RTH,VanEck Retail ETF,Sector Equity,Large Value,Consumer Cyclical,0.35
SMH,VanEck Semiconductor ETF,Sector Equity,Large Growth,Technology,0.35
SOXX,iShares Semiconductor ETF,Sector Equity,Large Growth,Technology,0.33
ACWI,iShares MSCI ACWI ETF,International Equity,Large Blend,Global Large-Stock Blend,0.32
ESG,FlexShares STOXX US ESG Select Index Fund,U.S. Equity,Large Blend,Large Blend,0.32
QWLD,State Street® SPDR® MSCI World StrategicFactors ETF,International Equity,Large Blend,Global Large-Stock Blend,0.3
PSCI,Invesco S&P SmallCap Industrials ETF,Sector Equity,Small Blend,Industrials,0.29
SUSA,iShares ESG Optimized MSCI USA ETF,U.S. Equity,Large Blend,Large Blend,0.25
TOK,iShares MSCI Kokusai ETF,International Equity,Large Blend,Global Large-Stock Blend,0.25
TILT,FlexShares Morningstar US Market Factors Tilt Index Fund,U.S. Equity,Large Blend,Large Blend,0.25
LFAW,LifeX 2060 Longevity Income ETF,Taxable Bond,--,Target Maturity,0.25
LIAM,LifeX 2055 Inflation-Protected Longevity Income ETF,Taxable Bond,--,Target Maturity,0.25
LIAU,LifeX 2060 Inflation-Protected Longevity Income ETF,Taxable Bond,--,Target Maturity,0.25
LFAO,LifeX 2055 Longevity Income ETF,Taxable Bond,--,Target Maturity,0.25
LIAE,LifeX 2050 Inflation-Protected Longevity Income ETF,Taxable Bond,--,Target Maturity,0.25
LFDR,LifeX Durable Income ETF,Taxable Bond,--,Long Government,0.25
LFBE,LifeX 2065 Longevity Income ETF,Taxable Bond,--,Target Maturity,0.25
LIBD,LifeX 2065 Inflation-Protected Longevity Income ETF,Taxable Bond,--,Target Maturity,0.25
IWN,iShares Russell 2000 Value ETF,U.S. Equity,Small Value,Small Value,0.24
IWO,iShares Russell 2000 Growth ETF,U.S. Equity,Small Growth,Small Growth,0.24
URTH,iShares MSCI World ETF,International Equity,Large Blend,Global Large-Stock Blend,0.24
IWS,iShares Russell Mid-Cap Value ETF,U.S. Equity,Mid Value,Mid-Cap Value,0.23
MDY,State Street® SPDR® S&P MIDCAP 400® ETF Trust,U.S. Equity,Small Blend,Mid-Cap Blend,0.23
IWV,iShares Russell 3000 ETF,U.S. Equity,Large Blend,Large Blend,0.2
IYY,iShares Dow Jones U.S. ETF,U.S. Equity,Large Blend,Large Blend,0.2
OEF,iShares S&P 100 ETF,U.S. Equity,Large Blend,Large Blend,0.2
RSP,Invesco S&P 500® Equal Weight ETF,U.S. Equity,Mid Value,Large Blend,0.2
IWY,iShares Russell Top 200 Growth ETF,U.S. Equity,Large Growth,Large Growth,0.2
CRBN,iShares Low Carbon Optimized MSCI ACWI ETF,International Equity,Large Blend,Global Large-Stock Blend,0.2
ONEO,State Street® SPDR® Russell 1000 Momentum Focus ETF,U.S. Equity,Mid Blend,Mid-Cap Blend,0.2
ONEV,State Street® SPDR® Russell 1000 Low Volatility Focus ETF,U.S. Equity,Mid Value,Mid-Cap Value,0.2
SHE,State Street® SPDR® MSCI USA Gender Diversity ETF,U.S. Equity,Large Blend,Large Blend,0.2
IWM,iShares Russell 2000 ETF,U.S. Equity,Small Blend,Small Blend,0.19
IJT,iShares S&P Small-Cap 600 Growth ETF,U.S. Equity,Small Growth,Small Growth,0.18
IVE,iShares S&P 500 Value ETF,U.S. Equity,Large Value,Large Value,0.18
IWD,iShares Russell 1000 Value ETF,U.S. Equity,Large Value,Large Value,0.18
QQQ,Invesco QQQ Trust,U.S. Equity,Large Growth,Large Growth,0.18
VFMF,Vanguard U.S. Multifactor ETF Shares,U.S. Equity,Mid Value,Mid-Cap Value,0.18
DIA,State Street® SPDR® Dow Jones Industrial Average® ETF Trust,U.S. Equity,Large Value,Large Value,0.16
IWB,iShares Russell 1000 ETF,U.S. Equity,Large Blend,Large Blend,0.15
IWL,iShares Russell Top 200 ETF,U.S. Equity,Large Blend,Large Blend,0.15
MTUM,iShares MSCI USA Momentum Factor ETF,U.S. Equity,Large Growth,Large Blend,0.15
SIZE,iShares MSCI USA Size Factor ETF,U.S. Equity,Mid Blend,Mid-Cap Blend,0.15
VLUE,iShares MSCI USA Value Factor ETF,U.S. Equity,Large Value,Large Value,0.15
QUAL,iShares MSCI USA Quality Factor ETF,U.S. Equity,Large Blend,Large Blend,0.15
QUS,State Street® SPDR® MSCI USA StrategicFactors ETF,U.S. Equity,Large Value,Large Blend,0.15
ESGU,iShares ESG Aware MSCI USA ETF,U.S. Equity,Large Blend,Large Blend,0.15
QQQM,Invesco NASDAQ 100 ETF,U.S. Equity,Large Growth,Large Growth,0.15
VFVA,Vanguard U.S. Value Factor ETF Shares,U.S. Equity,Small Value,Mid-Cap Value,0.13
VFQY,Vanguard U.S. Quality Factor ETF Shares,U.S. Equity,Mid Blend,Mid-Cap Blend,0.13
VFMO,Vanguard U.S. Momentum Factor ETF ETF Shares,U.S. Equity,Mid Blend,Mid-Cap Blend,0.13
VLU,State Street® SPDR® S&P® 1500 Value Tilt ETF,U.S. Equity,Large Value,Large Value,0.12
MMTM,State Street® SPDR® S&P® 1500 Momentum Tilt ETF,U.S. Equity,Large Blend,Large Blend,0.12
SMLV,State Street® SPDR® US Small Cap Low Volatility Index ETF,U.S. Equity,Small Value,Small Value,0.12
LGLV,State Street® SPDR® US Large Cap Low Volatility Index ETF,U.S. Equity,Mid Value,Large Blend,0.12
VIOG,Vanguard S&P Small-Cap 600 Growth Index Fund ETF Shares,U.S. Equity,Small Growth,Small Growth,0.1
SPY,State Street® SPDR® S&P 500® ETF Trust,U.S. Equity,Large Blend,Large Blend,0.0945
VAW,Vanguard Materials Index Fund ETF Shares,Sector Equity,Mid Blend,Natural Resources,0.09
VCR,Vanguard Consumer Discretionary Index Fund ETF Shares,Sector Equity,Large Blend,Consumer Cyclical,0.09
VDC,Vanguard Consumer Staples Index Fund ETF Shares,Sector Equity,Large Value,Consumer Defensive,0.09
VDE,Vanguard Energy Index Fund ETF Shares,Sector Equity,Mid Value,Equity Energy,0.09
VHT,Vanguard Health Care Index Fund ETF Shares,Sector Equity,Large Value,Health,0.09
VIS,Vanguard Industrials Index Fund ETF Shares,Sector Equity,Mid Blend,Industrials,0.09
VOX,Vanguard Communication Services Index Fund ETF Shares,Sector Equity,Large Value,Communications,0.09
VPU,Vanguard Utilities Index Fund ETF Shares,Sector Equity,Mid Value,Utilities,0.09
PTL,Inspire 500 ETF,U.S. Equity,Mid Growth,Large Blend,0.09
FTEC,Fidelity MSCI Information Technology Index ETF,Sector Equity,Large Growth,Technology,0.084
XLI,State Street® Industrial Select Sector SPDR® ETF,Sector Equity,Large Blend,Industrials,0.08
XLK,State Street® Technology Select Sector SPDR® ETF,Sector Equity,Large Growth,Technology,0.08
XLV,State Street® Health Care Select Sector SPDR® ETF,Sector Equity,Large Value,Health,0.08
VOOV,Vanguard S&P 500 Value Index Fund ETF Shares,U.S. Equity,Large Value,Large Value,0.07
VT,Vanguard Total World Stock Index Fund ETF Shares,International Equity,Large Blend,Global Large-Stock Blend,0.06
VSS,Vanguard FTSE All-World ex-US Small-Cap Index Fund ETF Shares,International Equity,Mid Blend,Foreign Small/Mid Blend,0.06
VONE,Vanguard Russell 1000 Index Fund ETF Shares,U.S. Equity,Large Blend,Large Blend,0.06
VTHR,Vanguard Russell 3000 Index Fund ETF Shares,U.S. Equity,Large Blend,Large Blend,0.06
VTWG,Vanguard Russell 2000 Growth Index Fund ETF Shares,U.S. Equity,Small Growth,Small Growth,0.06
VTWV,Vanguard Russell 2000 Value Index Fund ETF Shares,U.S. Equity,Small Value,Small Value,0.06
MGC,Vanguard Morningstar Mega Cap ETF,U.S. Equity,Large Blend,Large Blend,0.05
VBK,Vanguard Morningstar Small-Cap Growth ETF,U.S. Equity,Small Growth,Small Growth,0.05
VBR,Vanguard Morningstar Small-Cap Value ETF,U.S. Equity,Small Value,Small Value,0.05
VXF,Vanguard Extended Market Index Fund ETF Shares,U.S. Equity,Small Blend,Mid-Cap Blend,0.05
VOT,Vanguard Morningstar Mid-Cap Growth ETF,U.S. Equity,Mid Growth,Mid-Cap Growth,0.05
VOE,Vanguard Morningstar Mid-Cap Value ETF,U.S. Equity,Mid Value,Mid-Cap Value,0.05
MGV,Vanguard Morningstar Mega Cap Value ETF,U.S. Equity,Large Value,Large Value,0.05
SFY,SoFi Select 500 ETF,U.S. Equity,Large Blend,Large Growth,0.05
IUSG,iShares Core S&P U.S. Growth ETF,U.S. Equity,Large Growth,Large Growth,0.04
VIG,Vanguard Dividend Appreciation Index Fund ETF Shares,U.S. Equity,Large Value,Large Blend,0.04
VYM,Vanguard High Dividend Yield Index Fund ETF Shares,U.S. Equity,Large Value,Large Value,0.04
ITOT,iShares Core S&P Total U.S. Stock Market ETF,U.S. Equity,Large Blend,Large Blend,0.03
IVV,iShares Core S&P 500 ETF,U.S. Equity,Large Blend,Large Blend,0.03
VB,Vanguard Morningstar Small-Cap ETF,U.S. Equity,Small Blend,Small Blend,0.03
VTI,Vanguard Morningstar Total Stock Market ETF,U.S. Equity,Large Blend,Large Blend,0.03
VTV,Vanguard Morningstar Value ETF,U.S. Equity,Large Value,Large Value,0.03
VV,Vanguard Morningstar Large-Cap ETF,U.S. Equity,Large Blend,Large Blend,0.03
VOO,Vanguard S&P 500 ETF,U.S. Equity,Large Blend,Large Blend,0.03
Highlighted cells have been user-added and may not meet the criteria included in the screen.,,,,,
The data and information in this spreadsheet is provided to you solely for your use and is not for distribution.,,,,,
"The spreadsheet is provided for informational purposes only, and is not intended to provide advice, nor should it be construed ",,,,,
"as an offer to sell, a solicitation of an offer to buy or a recommendation for any security by Fidelity or any third party.",,,,,
Data and information shown is based on information known to Fidelity as of the date it was exported and is subject to change.,,,,,
"For more information on the data included in this spreadsheet, including any limitations thereof, go to Fidelity.com.",,,,,
Performance data quoted represents past performance and the return and principal value of an investment will fluctuate ,,,,,
so that an investor's shares when redeemed may be worth more or less than their original cost.,,,,,
"Brokerage services are provided by Fidelity Brokerage Services LLC, 900 Salem Street, Smithfield RI 02917.",,,,,
Custody and other services provided by National Financial Servicess LLC.,,,,,
"Both are Fidelity Investment companies and members SIPC, NYSE.",,,,,
AS OF 03:19 AM ET 08/11/2026 Quotes delayed at least 15 minutes.,,,,,
RTAI,Rareview Tax Advantaged Income ETF,Municipal Bond,--,Muni National Long,4.59
TXXS,21Shares 2x Long Sui ETF,Miscellaneous,--,Digital Assets,4.55
NVTX,Tradr 2X Long NVTS Daily ETF,Miscellaneous,--,Trading--Leveraged Equity,2.81
YYYM,Amplify Municipal CEF High Income ETF,Municipal Bond,--,High Yield Muni,2.78
XXRP,Teucrium 2x Long Daily XRP ETF,Miscellaneous,--,Trading--Miscellaneous,2.77
PCEF,Invesco CEF Income Composite ETF,Allocation,Large Blend,Global Moderate Allocation,2.71
SURI,Simplify Propel Opportunities ETF,Sector Equity,Small Value,Health,2.56
GXLM,Grayscale® Stellar Lumens Trust (XLM),Miscellaneous,--,Digital Assets,2.5
SPCK,SPAC and New Issue ETF,Alternative,--,Event Driven,2.32
SNK,GraniteShares 2x Short SpaceX Daily ETF,Miscellaneous,--,Trading--Inverse Equity,2.2
PFFA,Virtus InfraCap U.S. Preferred Stock ETF,Taxable Bond,Mid Growth,Preferred Stock,2.11
NMBL,NovaTide Flexible Allocation ETF,Allocation,Mid Blend,Global Moderate Allocation,1.99
XMPT,VanEck CEF Municipal Income ETF,Municipal Bond,--,High Yield Muni,1.97
HF,DGA Core Plus Absolute Return ETF,Allocation,Large Blend,Moderate Allocation,1.7
ILS,Brookmont Catastrophic Bond ETF,Taxable Bond,--,Miscellaneous Fixed Income,1.58
RHTX,RH Tactical Outlook ETF,Allocation,Large Blend,Tactical Allocation,1.51
AAOX,Tradr 2X Long AAOI Daily ETF,Miscellaneous,Small Growth,Trading--Leveraged Equity,1.49
SPCG,Tradr 2X Short SpaceX Daily ETF,Miscellaneous,--,Trading--Inverse Equity,1.49
TSEU,Tradr 2X Long TSEM Daily ETF,Miscellaneous,--,Trading--Leveraged Equity,1.49
SKHA,Tradr 2X Long SK hynix Daily ETF,Miscellaneous,Large Blend,Trading--Leveraged Equity,1.49
MFUL,Mindful Conservative ETF,Allocation,Large Value,Moderate Allocation,1.48
RHRX,RH Tactical Rotation ETF,Allocation,Large Blend,Tactical Allocation,1.38
TEMT,Tradr 2X Long TEM Daily ETF,Miscellaneous,--,Trading--Leveraged Equity,1.31
XOVL,Defiance Daily Target 2X Long XOVR ETF,Miscellaneous,--,Trading--Leveraged Equity,1.31
UMAL,Defiance Daily Target 2X Long UMAC ETF,Miscellaneous,--,Trading--Leveraged Equity,1.31
OUSL,Defiance Daily Target 2X Long Oust ETF,Miscellaneous,--,Trading--Leveraged Equity,1.31
NEBX,Tradr 2X Long NBIS Daily ETF,Miscellaneous,--,Trading--Leveraged Equity,1.3
PONX,Tradr 2X Long PONY Daily ETF,Miscellaneous,--,Trading--Leveraged Equity,1.3
IBX,Tradr 2X Long IBM Daily ETF,Miscellaneous,--,Trading--Leveraged Equity,1.3
SLTY,YieldmaxTM Ultra Short Option Income Strategy ETF,Nontraditional Equity,--,Derivative Income,1.25
QQQT,Defiance Nasdaq 100 Income Target ETF,Nontraditional Equity,Large Growth,Derivative Income,1.2
CHAU,Direxion Daily CSI 300 China A Share Bull 2X Shares,Miscellaneous,Large Blend,Trading--Leveraged Equity,1.19
FDAT,Tactical Advantage ETF,Allocation,Large Blend,Tactical Allocation,1.16
CHNL,Chainlink ETF,Miscellaneous,--,Digital Assets,1.15
STLR,Stellar ETF,Miscellaneous,--,Digital Assets,1.15
DYFI,IDX Dynamic Fixed Income ETF,Taxable Bond,--,Multisector Bond,1.13
EIPI,FT Energy Income Partners Enhanced Income ETF,Nontraditional Equity,Mid Value,Derivative Income,1.11
BTGD,STKd 100% Bitcoin & 100% Gold ETF,Miscellaneous,--,Digital Assets,1.09
CVNY,YieldMax CVNA Option Income Strategy ETF,Nontraditional Equity,Mid Growth,Derivative Income,1.09
TYD,Direxion Daily 7-10 Year Treasury Bull 3X Shares,Miscellaneous,--,Trading--Leveraged Debt,1.07
TSLY,YieldMax TSLA Option Income Strategy ETF,Nontraditional Equity,--,Derivative Income,1.07
MUYY,GraniteShares YieldBOOST MU ETF,Nontraditional Equity,--,Derivative Income,1.07
XEY,GraniteShares YieldBOOST Ether ETF,Nontraditional Equity,--,Derivative Income,1.07
BIOY,Graniteshares YieldBOOST Biotech ETF,Nontraditional Equity,--,Derivative Income,1.07
TECY,Graniteshares YieldBOOST Technology ETF,Nontraditional Equity,--,Derivative Income,1.07
ATC,Graniteshares Autocallable Coin ETF,Nontraditional Equity,--,Derivative Income,1.07
UGLD,Direxion Daily Gold Bull 2X ETF,Miscellaneous,--,Trading--Leveraged Equity,1.07
MRA,Graniteshares Autocallable Mara ETF,Nontraditional Equity,--,Derivative Income,1.07
SCA,Graniteshares Autocallable Smci ETF,Nontraditional Equity,--,Derivative Income,1.07
DRV,Direxion Daily Real Estate Bear 3X Shares,Miscellaneous,--,Trading--Inverse Equity,1.06
HIBS,Direxion Daily S&P 500® High Beta Bear 3X Shares,Miscellaneous,--,Trading--Inverse Equity,1.06
IWMY,Defiance R2000 Target 30 Weekly Distribution ETF,Miscellaneous,Small Blend,Trading--Miscellaneous,1.05
FIAT,YieldMax Short COIN Option Income Strategy ETF,Nontraditional Equity,--,Derivative Income,1.05
BUFE,FT Vest Laddered Emerging Markets Buffer ETF,Nontraditional Equity,Large Blend,Defined Outcome,1.05
TKNS,21Shares Active Crypto ETF,Miscellaneous,--,Digital Assets,1.05
CONY,YieldMax COIN Option Income Strategy ETF,Nontraditional Equity,--,Derivative Income,1.04
PTIR,GraniteShares 2x Long PLTR Daily ETF,Miscellaneous,--,Trading--Leveraged Equity,1.04
DADS,Digital Asset Debt Strategy ETF,Miscellaneous,Mid Value,Digital Assets,1.04
THY,Toews Agility Shares Dynamic Tactical Income ETF,Taxable Bond,--,High Yield Bond,1.03
NFXS,Direxion Daily NFLX Bear 1X Shares,Miscellaneous,--,Trading--Inverse Equity,1.03
EVMU,Direxion Daily Ether Bull 2X ETF,Miscellaneous,--,Trading--Leveraged Equity,1.03
YBIT,YieldMax Bitcoin Option Income Strategy ETF,Miscellaneous,--,Digital Assets,1.02
LFGY,YieldMax Crypto Industry & Tech Portfolio Option Income ETF,Sector Equity,Mid Growth,Equity Digital Assets,1.02
RSBT,Return Stacked Bonds & Managed Futures ETF,Alternative,--,Multi-Asset Overlay,1.01
QQQY,Defiance Nasdaq 100 Target 30 Weekly Distribution ETF,Miscellaneous,--,Trading--Miscellaneous,1.01
RSBA,Return Stacked Bonds & Merger Arbitrage ETF,Alternative,Small Value,Multi-Asset Overlay,1.01
FIXP,FolioBeyond Enhanced Fixed Income Premium ETF,Taxable Bond,Small Value,Multisector Bond,1.01
TFFI,Chesapeake Trend-Following Fixed Income ETF,Alternative,Small Value,Systematic Trend,1.01
KYLD,Kurv High Income ETF,Nontraditional Equity,Large Growth,Derivative Income,1.0
NFLP,Kurv Yield Premium Strategy Netflix ETF,Nontraditional Equity,--,Derivative Income,0.99
MSFY,Kurv Yield Premium Strategy Microsoft ETF,Nontraditional Equity,--,Derivative Income,0.99
WEEL,Peerless Option Income Wheel ETF,Nontraditional Equity,Large Blend,Derivative Income,0.99
WMTI,Rex Wmt Growth & Income ETF,Miscellaneous,--,Trading--Leveraged Equity,0.99
GRNI,Fundstrat Granny Shots US Large Cap & Income ETF,Nontraditional Equity,Large Blend,Derivative Income,0.99
MSST,YieldMax MSTR Performance & Distribution Target 25 ETF,Nontraditional Equity,--,Derivative Income,0.99
ELOL,Leverage Shares 100% Tsla And 100% Spcx Daily ETF,Miscellaneous,--,Trading--Leveraged Equity,0.99
PILL,Direxion Daily Pharmaceutical & Medical Bull 3X Shares ETF,Miscellaneous,Small Blend,Trading--Leveraged Equity,0.98
OMAH,VistaShares Target 15 Berkshire Select Income ETF,Nontraditional Equity,Large Value,Derivative Income,0.98
FTBI,First Trust Balanced Income ETF,Allocation,Large Blend,Moderate Allocation,0.98
RSIT,Return Stacked International Stock & Managed Futures ETF,Alternative,Large Blend,Multi-Asset Overlay,0.98
AESR,Anfield U.S. Equity Sector Rotation ETF,U.S. Equity,Large Growth,Large Blend,0.97
XFLX,FundX Flexible ETF,Taxable Bond,Mid Blend,Multisector Bond,0.97
QUSA,VistaShares Target 15 USA Quality Income ETF,Nontraditional Equity,Large Blend,Derivative Income,0.97
HFMF,Unlimited HFMF Managed Futures ETF,Alternative,--,Systematic Trend,0.97
NGHT,Nicholas Bitcoin And Treasuries Afterdark ETF,Miscellaneous,--,Digital Assets,0.97
VIXY,ProShares VIX Short-Term Futures ETF,Miscellaneous,--,Trading--Miscellaneous,0.96
BUFX,FT Vest Laddered Enhance & Moderate Buffer ETF,Nontraditional Equity,Large Blend,Defined Outcome,0.96
GLDB,IDX Alternative FIAT ETF,Sector Equity,--,Miscellaneous Sector,0.96
BPRO,Bitwise Proficio Currency Debasement ETF,Sector Equity,Mid Growth,Miscellaneous Sector,0.96
DOG,ProShares Short Dow30,Miscellaneous,--,Trading--Inverse Equity,0.95
TWM,ProShares UltraShort Russell2000,Miscellaneous,--,Trading--Inverse Equity,0.95
SBB,ProShares Short SmallCap600,Miscellaneous,--,Trading--Inverse Equity,0.95
UGE,ProShares Ultra Consumer Staples,Miscellaneous,Large Value,Trading--Leveraged Equity,0.95
FXP,ProShares UltraShort FTSE China 50,Miscellaneous,--,Trading--Inverse Equity,0.95
XPP,ProShares Ultra FTSE China 50,Miscellaneous,--,Trading--Leveraged Equity,0.95
BZQ,ProShares UltraShort MSCI Brazil Capped,Miscellaneous,--,Trading--Inverse Equity,0.95
SDOW,ProShares UltraPro Short Dow30,Miscellaneous,--,Trading--Inverse Equity,0.95
SRTY,ProShares UltraPro Short Russell2000,Miscellaneous,--,Trading--Inverse Equity,0.95
YXI,ProShares Short FTSE China 50,Miscellaneous,--,Trading--Inverse Equity,0.95
HNDL,Strategy Shares Nasdaq 7 Handl™ Index ETF,Allocation,Large Blend,Moderately Conservative Allocation,0.95
NTRL,First Trust Equity Market Neutral ETF,Alternative,--,Event Driven,0.95
EETH,ProShares Ether ETF,Miscellaneous,--,Digital Assets,0.95
WCME,First Trust WCM Developing World Equity ETF,International Equity,Large Blend,Diversified Emerging Mkts,0.95
TJUN,FT Vest Emerging Markets Buffer ETF - June,Nontraditional Equity,Large Blend,Defined Outcome,0.95
BUFH,FT Vest Laddered Max Buffer ETF,Nontraditional Equity,Large Blend,Defined Outcome,0.95
ACKY,VistaShares Target 15 ACKtivist Select Income ETF,U.S. Equity,Mid Value,Large Blend,0.95
DRKY,VistaShares Target 15 DRUKMacro Distribution ETF,U.S. Equity,Large Growth,Large Blend,0.95
ESBG,"First Trust Enhanced Stocks, Bonds & Gold ETF",Alternative,Large Blend,Multi-Asset Overlay,0.95
TPRY,VistaShares Target 15 TEPRTantrum Contrarian Distribution ETF,Nontraditional Equity,Large Blend,Derivative Income,0.95
BFEW,FT Vest Laddered U.S. Equity Equal Weight Buffer ETF,Nontraditional Equity,Mid Value,Defined Outcome,0.95
HBMX,Tuttle Capital Concentrated Memory Stack ETF,Sector Equity,Large Growth,Technology,0.95
DRMP,Tuttle Capital Memory Stack Income Blast ETF,Sector Equity,--,Technology,0.95
ACOM,Harbor Active Commodity ETF,Commodities,--,Commodities Broad Basket,0.93
CVRD,Madison Covered Call ETF,Nontraditional Equity,Large Value,Derivative Income,0.92
TILL,Teucrium Agricultural Strategy No K-1 ETF,Commodities,--,Commodities Focused,0.89
MFUT,Cambria Chesapeake Pure Trend ETF,Alternative,Large Blend,Systematic Trend,0.89
DVXY,WEBs Consumer Discretionary XLY Defined Volatility ETF,Sector Equity,Large Blend,Consumer Cyclical,0.89
ARKT,Ark Diet Q4 Buffer ETF,Nontraditional Equity,Mid Growth,Defined Outcome,0.89
ARKD,ARK DIET Q1 Buffer ETF,Nontraditional Equity,Mid Growth,Defined Outcome,0.89
ARKI,Ark Diet Q2 Buffer ETF,Nontraditional Equity,Mid Growth,Defined Outcome,0.89
ARKE,Ark Diet Q3 Buffer ETF,Nontraditional Equity,Mid Growth,Defined Outcome,0.89
HYTR,Counterpoint High Yield Trend ETF,Taxable Bond,Small Growth,Nontraditional Bond,0.88
FTKI,First Trust Small Cap BuyWrite Income ETF,Nontraditional Equity,Small Growth,Derivative Income,0.86
TPZ,Tortoise Electrification Infrastructure ETF,Sector Equity,Mid Value,Equity Energy,0.85
FPEI,First Trust Institutional Preferred Securities and Income ETF,Taxable Bond,--,Preferred Stock,0.85
IGLD,FT Vest Gold Strategy Target Income ETF,Commodities,--,Commodities Focused,0.85
BITQ,Bitwise Crypto Industry Innovators ETF,Sector Equity,Mid Growth,Equity Digital Assets,0.85
AGQI,First Trust Active Global Quality Income ETF,International Equity,Large Value,Global Large-Stock Value,0.85
WCMI,First Trust WCM International Equity ETF,International Equity,Large Growth,Foreign Large Growth,0.85
FGSI,FT Vest Growth Strength & Target Income ETF,Nontraditional Equity,Large Growth,Derivative Income,0.85
WCMG,First Trust WCM Global Equity ETF,International Equity,Large Growth,Global Large-Stock Value,0.85
SLVY,FT Vest Silver Strategy & Target Income ETF,Commodities,--,Commodities Focused,0.85
OVM,Overlay Shares Municipal Bond ETF,Municipal Bond,Large Blend,Muni National Long,0.81
CARY,Angel Oak Income ETF,Taxable Bond,--,Multisector Bond,0.8
SMLL,Harbor Active Small Cap ETF,U.S. Equity,Small Blend,Small Blend,0.8
BCFN,Baron Financials ETF,Sector Equity,Large Blend,Financial,0.8
OVB,Overlay Shares Core Bond ETF,Taxable Bond,Large Blend,Intermediate Core Bond,0.79
TBJL,Innovator 20+ Year Treasury Bond Buffer ETF – July,Nontraditional Equity,--,Defined Outcome,0.79
TFJL,Innovator 20+ Year Treasury Bond 5 Floor ETF™ – Quarterly,Nontraditional Equity,--,Defined Outcome,0.79
OVT,Overlay Shares Short Term Bond ETF,Taxable Bond,Large Blend,Short-Term Bond,0.79
CTWO,COtwo Advisors Physical European Carbon Allowance Trust,Sector Equity,--,Miscellaneous Sector,0.79
DDTL,Innovator Equity Dual Directional 10 Buffer ETF - July,Nontraditional Equity,Large Blend,Defined Outcome,0.79
DDFL,Innovator Equity Dual Directional 15 Buffer ETF - July,Nontraditional Equity,Large Blend,Defined Outcome,0.79
DDFS,Innovator Equity Dual Directional 15 Buffer ETF - September,Nontraditional Equity,Large Blend,Defined Outcome,0.79
DDTS,Innovator Equity Dual Directional 10 Buffer ETF - September,Nontraditional Equity,Large Blend,Defined Outcome,0.79
DDFO,Innovator Equity Dual Directional 15 Buffer ETF - October,Nontraditional Equity,Large Blend,Defined Outcome,0.79
CBXL,Calamos Laddered Bitcoin 90 Series Structured Alt Protection ETF,Miscellaneous,--,Digital Assets,0.79
DDTN,Innovator Equity Dual Directional 10 Buffer ETF November,Nontraditional Equity,Large Blend,Defined Outcome,0.79
DDFN,Innovator Equity Dual Directional 15 Buffer ETF November,Nontraditional Equity,Large Blend,Defined Outcome,0.79
DDFD,Innovator Equity Dual Directional 15 Buffer ETF - December,Nontraditional Equity,Large Blend,Defined Outcome,0.79
DDTD,Innovator Equity Dual Directional 10 Buffer ETF - December,Nontraditional Equity,Large Blend,Defined Outcome,0.79
DDNQ,Innovator Growth-100 Dual Directional 5 Buffer ETF,Nontraditional Equity,Large Growth,Defined Outcome,0.79
DDSQ,Innovator Equity Dual Directional 5 Buffer ETF,Nontraditional Equity,Large Blend,Defined Outcome,0.79
DDTJ,Innovator Equity Dual Directional 10 Buffer ETF - January,Nontraditional Equity,Large Blend,Defined Outcome,0.79
DDFJ,Innovator Equity Dual Directional 15 Buffer ETF - January,Nontraditional Equity,Large Blend,Defined Outcome,0.79
DDTF,Innovator Equity Dual Directional 10 Buffer ETF™ - February,Nontraditional Equity,Large Blend,Defined Outcome,0.79
DDFF,Innovator Equity Dual Directional 15 Buffer ETF™ - February,Nontraditional Equity,Large Blend,Defined Outcome,0.79
DDFM,Innovator Equity Dual Directional 15 Buffer ETF - March,Nontraditional Equity,Large Blend,Defined Outcome,0.79
DDTM,Innovator Equity Dual Directional 10 Buffer ETF - March,Nontraditional Equity,Large Blend,Defined Outcome,0.79
DDFA,Innovator Equity Dual Directional 15 Buffer ETF - April,Nontraditional Equity,Large Blend,Defined Outcome,0.79
DDTA,Innovator Equity Dual Directional 10 Buffer ETF - April,Nontraditional Equity,Large Blend,Defined Outcome,0.79
DDFY,Innovator Equity Dual Directional 15 Buffer ETF - May,Nontraditional Equity,Large Blend,Defined Outcome,0.79
DDTY,Innovator Equity Dual Directional 10 Buffer ETF - May,Nontraditional Equity,Large Blend,Defined Outcome,0.79
DDFZ,Innovator Equity Dual Directional 15 Buffer ETF - June,Nontraditional Equity,Large Blend,Defined Outcome,0.79
DDTZ,Innovator Equity Dual Directional 10 Buffer ETF - June,Nontraditional Equity,Large Blend,Defined Outcome,0.79
DDTG,Innovator Equity Dual Directional 10 Buffer ETF - August,Nontraditional Equity,Large Blend,Defined Outcome,0.79
DDFG,Innovator Equity Dual Directional 15 Buffer ETF - August,Nontraditional Equity,Large Blend,Defined Outcome,0.79
IMVP,Invesco India ETF,International Equity,Large Blend,India Equity,0.78
ADIV,Guinness Atkinson Asia Pacific Dividend Builder ETF,International Equity,Large Value,Pacific/Asia ex-Japan Stk,0.78
LDSF,First Trust Low Duration Strategic Focus ETF,Taxable Bond,--,Short-Term Bond,0.77
SSFI,Day Hagan Smart Sector Fixed Income ETF,Taxable Bond,Small Value,Nontraditional Bond,0.76
FMKT,The Free Markets ETF,U.S. Equity,Mid Blend,Large Blend,0.76
PCR,Simplify VettaFi Private Credit Strategy ETF,Taxable Bond,--,Nontraditional Bond,0.76
AIHY,Defiance AI Hyperscale Leaders ETF,Sector Equity,Large Value,Technology,0.76
DBO,Invesco DB Oil Fund,Commodities,--,Commodities Focused,0.75
PBD,Invesco Global Clean Energy ETF,International Equity,Mid Blend,Global Small/Mid Stock,0.75
FTQI,First Trust Nasdaq BuyWrite Income ETF,Nontraditional Equity,Large Growth,Derivative Income,0.75
XOVR,ERShares Private-Public Crossover ETF,U.S. Equity,Large Growth,Large Growth,0.75
AWAY,Amplify Travel Tech ETF,Sector Equity,Small Blend,Consumer Cyclical,0.75
BETZ,Roundhill Sports Betting & iGaming ETF,Sector Equity,Small Blend,Consumer Cyclical,0.75
DYLD,LeaderShares® Dynamic Yield ETF,Taxable Bond,--,Multisector Bond,0.75
DOGG,FT Vest DJIA® Dogs 10 Target Income ETF,Nontraditional Equity,Large Value,Derivative Income,0.75
GMMA,Gammaroad Market Navigation ETF,Allocation,Large Blend,Tactical Allocation,0.75
PRVT,Tema Listed Private Managers ETF,Sector Equity,Mid Blend,Financial,0.75
ACYN,FT Vest Laddered Autocallable Barrier & Income ETF,Nontraditional Equity,--,Derivative Income,0.75
EHCC,Global X Ethereum Covered Call ETF,Miscellaneous,--,Digital Assets,0.75
ACYS,FT Vest Laddered Autocallable Barrier & Resilient Income ETF,Nontraditional Equity,--,Derivative Income,0.75
FOTO,Tuttle Capital Pure Play Photonics ETF,Sector Equity,Small Growth,Technology,0.75
NVPS,PurePlay Nvidia Ecosystem Picks & Shovels Index ETF,Sector Equity,Large Growth,Technology,0.75
ACYQ,FT Vest Autocallable Barrier & High Income ETF,Nontraditional Equity,--,Derivative Income,0.75
AMZG,Leverage Shares 2X Long AMZN Daily ETF,Miscellaneous,--,Trading--Leveraged Equity,0.75
RISE,Pictet Emerging Markets Rising Economies ETF,International Equity,Large Blend,Diversified Emerging Mkts,0.73
MDEV,First Trust Indxx Global Medical Devices ETF,Sector Equity,Mid Blend,Health,0.7
CPII,American Beacon Ionic Inflation Protection ETF,Taxable Bond,--,Inflation-Protected Bond,0.7
SCIO,First Trust Structured Credit Income Opportunities ETF,Taxable Bond,--,Multisector Bond,0.7
ESN,Essential 40 Stock ETF,U.S. Equity,Large Value,Large Value,0.7
CBXJ,Calamos Bitcoin 90 Series Structured Alt Protection ETF - January,Miscellaneous,--,Digital Assets,0.69
CBTA,Calamos Bitcoin 80 Series Structured Alt Protection ETF - April,Miscellaneous,--,Digital Assets,0.69
CBXA,Calamos Bitcoin 90 Series Structured Alt Protection ETF - April,Miscellaneous,--,Digital Assets,0.69
LOGO,Alpha Brands Consumption Leaders ETF,U.S. Equity,Large Growth,Mid-Cap Blend,0.69
CBTY,Calamos Bitcoin 80 Series Structured Alt Protection ETF - July,Miscellaneous,--,Digital Assets,0.69
CBXY,Calamos Bitcoin 90 Series Structured Alt Protection ETF - July,Miscellaneous,--,Digital Assets,0.69
CBTO,Calamos Bitcoin 80 Series Structured Alt Protection ETF - October,Miscellaneous,--,Digital Assets,0.69
CBXO,Calamos Bitcoin 90 Series Structured Alt Protection ETF - October,Miscellaneous,--,Digital Assets,0.69
STBQ,Amplify Stablecoin Technology Leaders ETF,Miscellaneous,Mid Growth,Digital Assets,0.69
TKNQ,Amplify TokenizationTechnology Leaders ETF,Miscellaneous,Large Blend,Digital Assets,0.69
OACP,OneAscent Core Plus Bond ETF,Taxable Bond,--,Intermediate Core-Plus Bond,0.67
DEED,First Trust Securitized Plus ETF,Taxable Bond,--,Securitized Bond - Diversified,0.66
CHIQ,Global X MSCI China Consumer Disc ETF,International Equity,Large Value,Greater China Region,0.65
ASEA,Global X FTSE Southeast Asia ETF,International Equity,Large Value,Pacific/Asia ex-Japan Stk,0.65
BKLN,Invesco Senior Loan ETF,Taxable Bond,--,Bank Loan,0.65
EMTY,ProShares Decline of the Retail Store ETF,Miscellaneous,--,Trading--Inverse Equity,0.65
KURE,KraneShares MSCI All China Health Care Index ETF,International Equity,Large Growth,Greater China Region,0.65
EKG,First Trust Nasdaq Lux Digital Health Solutions ETF,Sector Equity,Small Growth,Health,0.65
LQTI,FT Vest Investment Grade & Target Income ETF,Taxable Bond,--,Corporate Bond,0.65
HYTI,FT Vest High Yield & Target Income ETF,Taxable Bond,--,High Yield Bond,0.65
BPI,Grayscale Bitcoin Premium Income ETF,Miscellaneous,--,Digital Assets,0.65
BAGY,Amplify Bitcoin Max Income Covered Call ETF,Miscellaneous,--,Digital Assets,0.65
REXC,Sprott Rare Earths Ex-China ETF,Sector Equity,Small Growth,Natural Resources,0.65
KMCA,PLUS Korea Manufacturing Core Alliance Index ETF,Sector Equity,Large Growth,Miscellaneous Sector,0.65
FSPC,First Trust Bloomberg Space Economy ETF,U.S. Equity,Mid Growth,Large Blend,0.65
NCLD,Roundhill Neocloud ETF,Sector Equity,--,Technology,0.65
FXN,First Trust Energy AlphaDEX® Fund,Sector Equity,Mid Value,Equity Energy,0.63
ABXB,Abacus Flexible Bond Leaders ETF,Taxable Bond,--,Nontraditional Bond,0.62
FID,First Trust S&P International Dividend Aristocrats ETF,International Equity,Large Value,Foreign Large Value,0.6
QYLD,Global X NASDAQ 100 Covered Call ETF,Nontraditional Equity,Large Growth,Derivative Income,0.6
FTXG,First Trust Nasdaq Food & Beverage ETF,Sector Equity,Mid Value,Consumer Defensive,0.6
PTBD,Pacer Trendpilot US Bond ETF,Taxable Bond,--,Corporate Bond,0.6
PQDI,Principal Spectrum Preferred and Income ETF,Taxable Bond,--,Preferred Stock,0.6
SEA,U.S. Global Sea to Sky Cargo ETF,Sector Equity,Mid Value,Industrials,0.6
HAUS,Residential REIT ETF,Sector Equity,Small Value,Real Estate,0.6
DJIA,Global X Dow 30 Covered Call ETF,Nontraditional Equity,Large Value,Derivative Income,0.6
JUCY,Aptus Enhanced Yield ETF,Taxable Bond,--,Intermediate Core Bond,0.6
MAGC,Roundhill China Magnificent Seven ETF,International Equity,Large Blend,Greater China Region,0.6
RANK,Defiance KSM TipRanks Analyst ETF,U.S. Equity,Large Growth,Large Blend,0.6
UAE,iShares MSCI UAE ETF,International Equity,Mid Value,Focused Region,0.59
FPFD,Fidelity Preferred Securities & Income ETF,Taxable Bond,--,Preferred Stock,0.59
METV,Roundhill Ball Metaverse ETF,Sector Equity,Large Blend,Technology,0.59
ZSB,USCF Sustainable Battery Metals Strategy Fund,Commodities,--,Commodities Focused,0.59
REAI,Intelligent Real Estate ETF,Sector Equity,Mid Value,Real Estate,0.59
BCOR,Grayscale Bitcoin Adopters ETF,International Equity,Mid Growth,Global Large-Stock Blend,0.59
SIOO,VistaShares Target 15TM S&P 100 Distribution ETF,Nontraditional Equity,Large Blend,Derivative Income,0.59
SRET,Global X SuperDividend® REIT ETF,Sector Equity,Small Value,Real Estate,0.58
PPI,Astoria Real Asset ETF,Allocation,Mid Blend,Global Moderately Aggressive Allocation,0.57
FDD,First Trust STOXX® European Select Dividend Index Fund,International Equity,Large Value,Europe Stock,0.56
FTCB,First Trust Core Investment Grade ETF,Taxable Bond,--,Intermediate Core Bond,0.56
CEW,WisdomTree Emerging Currency Strategy Fund,Taxable Bond,--,Emerging-Markets Local-Currency Bond,0.55
EFAS,Global X MSCI SuperDividend® EAFE ETF,International Equity,Large Value,Foreign Large Value,0.55
PREF,Principal Spectrum Preferred Securities Active ETF,Taxable Bond,--,Preferred Stock,0.55
TMVE,Thrivent Mid Cap Value ETF,U.S. Equity,Mid Value,Mid-Cap Value,0.55
TSCM,TimesSquare Quality Mid Cap Growth ETF,U.S. Equity,Mid Growth,Mid-Cap Growth,0.55
MHIP,Milliman Healthcare Inflation Plus ETF,Sector Equity,Large Blend,Health,0.55
MHIG,Milliman Healthcare Inflation Guard ETF,Alternative,Large Value,Multistrategy,0.55
FFIU,Fieldstone UVA Unconstrained Medium-Term Fixed Income ETF,Taxable Bond,--,Long-Term Bond,0.54
JHPI,John Hancock Preferred Income ETF,Taxable Bond,--,Preferred Stock,0.54
PID,Invesco International Dividend Achievers ETF,International Equity,Large Value,Foreign Large Value,0.53
RPAR,RPAR Risk Parity ETF,Allocation,Large Blend,Tactical Allocation,0.52
PSQO,Palmer Square Credit Opportunities ETF,Taxable Bond,--,Multisector Bond,0.52
RFCI,ALPS Dynamic Core Income ETF,Taxable Bond,--,Corporate Bond,0.51
CCSB,Carbon Collective Short Duration Green Bond ETF,Taxable Bond,--,Short-Term Bond,0.51
EWH,iShares MSCI Hong Kong ETF,International Equity,Large Value,Greater China Region,0.5
PCY,Invesco Emerging Markets Sovereign Debt ETF,Taxable Bond,--,Emerging Markets Bond,0.5
IYLD,iShares Morningstar Multi-Asset Income ETF,Allocation,Large Value,Global Moderately Conservative Allocation,0.5
NFLT,Virtus Newfleet Multi-Sector Bond ETF,Taxable Bond,Small Growth,Multisector Bond,0.5
NERD,Roundhill Video Games ETF,Sector Equity,Mid Blend,Communications,0.5
SPRE,SP Funds S&P Global REIT Sharia ETF,Sector Equity,Mid Growth,Real Estate,0.5
AQWA,Global X Clean Water ETF,Sector Equity,Mid Blend,Natural Resources,0.5
RITA,ETFB Green SRI REITs ETF,Sector Equity,Mid Blend,Real Estate,0.5
FHYS,Federated Hermes Short Duration High Yield ETF,Taxable Bond,--,High Yield Bond,0.5
GDIV,Harbor Dividend Growth Leaders ETF,U.S. Equity,Large Blend,Large Blend,0.5
HIGH,Simplify Enhanced Income ETF,Taxable Bond,--,Short-Term Bond,0.5
MFIG,Motley Fool Innovative Growth Factor ETF,U.S. Equity,Large Growth,Large Growth,0.5
MFVL,Motley Fool Value Factor ETF,U.S. Equity,Mid Value,Large Value,0.5
WARP,VanEck Space ETF,Sector Equity,Mid Growth,Industrials,0.5
LGOV,First Trust Long Duration Opportunities ETF,Taxable Bond,--,Long Government,0.49
OBTC,Osprey Bitcoin Trust,Miscellaneous,--,Digital Assets,0.49
ISWN,Amplify BlackSwan ISWN ETF,Nontraditional Equity,Large Blend,Equity Hedged,0.49
MGOV,First Trust Intermediate Government Opportunities ETF,Taxable Bond,--,Government Mortgage-Backed Bond,0.49
FIIG,First Trust Intermediate Duration Investment Grade Corporate ETF,Taxable Bond,--,Corporate Bond,0.49
STXT,Strive Total Return Bond ETF,Taxable Bond,--,Intermediate Core-Plus Bond,0.49
PCFI,Polen Floating Rate Income ETF,Taxable Bond,Small Value,Bank Loan,0.49
MCOW,Pacer S&P MidCap 400 Quality FCF Aristocrats ETF,U.S. Equity,Small Growth,Mid-Cap Blend,0.49
REM,iShares Mortgage Real Estate Capped ETF,Sector Equity,Small Value,Real Estate,0.48
IFGL,iShares International Developed Real Estate ETF,Sector Equity,Mid Value,Global Real Estate,0.48
NJNK,Columbia U.S. High Yield ETF,Taxable Bond,--,High Yield Bond,0.46
DIV,Global X SuperDividend™ U.S. ETF,U.S. Equity,Small Value,Small Value,0.45
RIGS,ALPS Strategic Income Fund,Taxable Bond,--,Multisector Bond,0.45
PFLD,AAM Low Duration Preferred and Income Securities ETF,Taxable Bond,--,Preferred Stock,0.45
WDNA,WisdomTree BioRevolution Fund,Sector Equity,Mid Blend,Health,0.45
IRVH,Global X Interest Rate Volatility & Inflation Hedge ETF,Taxable Bond,--,Inflation-Protected Bond,0.45
ACEP,ARS Core Equity Portfolio ETF,U.S. Equity,Large Value,Large Blend,0.45
XTAI,Corgi Taiwan 2x Daily ETF,Miscellaneous,--,Trading--Leveraged Equity,0.45
XSEM,Corgi U.S. Semiconductors 2x Daily ETF,Miscellaneous,--,Trading--Leveraged Equity,0.45
XAGI,Corgi AGIX 2x Daily ETF,Miscellaneous,--,Trading--Leveraged Equity,0.45
XLKX,Corgi U.S. Technology 2x Daily ETF,Miscellaneous,--,Trading--Leveraged Equity,0.45
LRNX,Corgi LRN 2x Daily ETF,Miscellaneous,--,Trading--Leveraged Equity,0.45
KEYX,Corgi KEYS 2x Daily ETF,Miscellaneous,--,Trading--Leveraged Equity,0.45
ONTX,Corgi ONTO 2x Daily ETF,Miscellaneous,--,Trading--Leveraged Equity,0.45
CAMC,Corgi CAMT 2x Daily ETF,Miscellaneous,--,Trading--Leveraged Equity,0.45
TPLX,Corgi TPL 2x Daily ETF,Miscellaneous,--,Trading--Leveraged Equity,0.45
TWSC,Corgi TSM 2x Daily ETF,Miscellaneous,--,Trading--Leveraged Equity,0.45
ASMZ,Corgi ASML 2x Daily ETF,Miscellaneous,--,Trading--Leveraged Equity,0.45
GEVC,Corgi Gev 2x Daily ETF,Miscellaneous,--,Trading--Leveraged Equity,0.45
CRWX,Corgi CRWV 2x Daily ETF,Miscellaneous,--,Trading--Leveraged Equity,0.45
TERC,Corgi TER 2x Daily ETF,Miscellaneous,--,Trading--Leveraged Equity,0.45
COHC,Corgi COHR 2x Daily ETF,Miscellaneous,--,Trading--Leveraged Equity,0.45
CIR,Corgi CRCL 2x Daily ETF,Miscellaneous,--,Trading--Leveraged Equity,0.45
UPSC,Corgi UPST 2x Daily ETF,Miscellaneous,--,Trading--Leveraged Equity,0.45
SOFC,Corgi SOFI 2x Daily ETF,Miscellaneous,--,Trading--Leveraged Equity,0.45
CDPI,Columbia High Dividend Premium Income ETF Shares,Nontraditional Equity,Large Value,Derivative Income,0.45
NVOC,Corgi NVO 2x Daily ETF,Miscellaneous,--,Trading--Leveraged Equity,0.45
VRC,Corgi VRT 2x Daily ETF,Miscellaneous,--,Trading--Leveraged Equity,0.45
HIMC,Corgi HIMS 2x Daily ETF,Miscellaneous,--,Trading--Leveraged Equity,0.45
IREC,Corgi IREN 2x Daily ETF,Miscellaneous,--,Trading--Leveraged Equity,0.45
RIVC,Corgi RIVN 2x Daily ETF,Miscellaneous,--,Trading--Leveraged Equity,0.45
MRVX,Corgi MRVL 2x Daily ETF,Miscellaneous,--,Trading--Leveraged Equity,0.45
FSIG,First Trust Limited Duration Investment Grade Corporate ETF,Taxable Bond,--,Short-Term Bond,0.44
HYSD,Columbia Short Duration High Yield ETF,Taxable Bond,--,High Yield Bond,0.44
HYZD,WisdomTree Interest Rate Hedged High Yield Bond Fund,Taxable Bond,--,Nontraditional Bond,0.43
BSJQ,Invesco BulletShares 2026 High Yield Corporate Bond ETF,Taxable Bond,--,Target Maturity,0.43
BSJR,Invesco BulletShares 2027 High Yield Corporate Bond ETF,Taxable Bond,--,Target Maturity,0.42
BSJS,Invesco BulletShares 2028 High Yield Corporate Bond ETF,Taxable Bond,--,Target Maturity,0.42
BSJT,Invesco BulletShares 2029 High Yield Corporate Bond ETF,Taxable Bond,--,Target Maturity,0.42
WEED,Roundhill Cannabis ETF,Sector Equity,Small Blend,Miscellaneous Sector,0.41
IHY,VanEck International High Yield Bond ETF,Taxable Bond,--,High Yield Bond,0.4
HYEM,VanEck Emerging Markets High Yield Bond ETF,Taxable Bond,--,Emerging Markets Bond,0.4
PFXF,VanEck Preferred Securities ex Financials ETF,Taxable Bond,Small Growth,Preferred Stock,0.4
SHYM,iShares Short Duration High Yield Muni Active ETF,Municipal Bond,--,High Yield Muni,0.4
UCRD,VictoryShares Corporate Bond ETF,Taxable Bond,--,Corporate Bond,0.4
UBND,VictoryShares Core Plus Bond ETF,Taxable Bond,--,Intermediate Core-Plus Bond,0.4
ICLN,iShares Global Clean Energy ETF,Sector Equity,Mid Blend,Miscellaneous Sector,0.39
YLD,Principal Active High Yield ETF,Taxable Bond,--,High Yield Bond,0.39
VSHY,Virtus Newfleet Short Duration High Yield Bond ETF,Taxable Bond,--,High Yield Bond,0.39
HTAB,Hartford Schroders Tax-Aware Bond ETF,Taxable Bond,--,Intermediate Core Bond,0.39
GTOQ,Invesco High Yield Systematic Bond ETF,Taxable Bond,--,High Yield Bond,0.39
JHMB,John Hancock Mortgage Backed Securities ETF,Taxable Bond,--,Securitized Bond - Diversified,0.39
FRNW,Fidelity Clean Energy ETF,Sector Equity,Mid Blend,Miscellaneous Sector,0.39
FDRV,Fidelity Electric Vehicles and Future Transportation ETF,Sector Equity,Mid Blend,Technology,0.39
TLTP,Amplify TLT U.S. Treasury 12% Option Income ETF,Taxable Bond,--,Long Government,0.39
CRXP,Columbia Core Plus Bond ETF Shares,Taxable Bond,--,Intermediate Core-Plus Bond,0.38
MMCA,NYLI MacKay California Muni Intermediate ETF,Municipal Bond,--,Muni California Intermediate,0.36
MAGG,Madison Aggregate Bond ETF,Taxable Bond,--,Intermediate Core Bond,0.36
MSTI,Madison Short-Term Strategic Income ETF,Taxable Bond,--,Short-Term Bond,0.36
BWX,State Street® SPDR® Bloomberg International Treasury Bond ETF,Taxable Bond,--,Global Bond,0.35
PGHY,Invesco Global ex-US High Yield Corporate Bond ETF,Taxable Bond,--,High Yield Bond,0.35
FLCO,Franklin Investment Grade Corporate ETF,Taxable Bond,--,Corporate Bond,0.35
BNDC,FlexShares Core Select Bond Fund,Taxable Bond,--,Intermediate Core Bond,0.35
IBHF,iShares iBonds 2026 Term High Yield and Income ETF,Taxable Bond,--,Target Maturity,0.35
IBHG,iShares® iBonds® 2027 Term High Yield and Income ETF,Taxable Bond,--,Target Maturity,0.35
TLTW,iShares 20+ Year Treasury Bond Buywrite Strategy ETF,Taxable Bond,--,Long Government,0.35
VETZ,Academy Veteran Bond ETF,Taxable Bond,--,Government Mortgage-Backed Bond,0.35
CCRP,Columbia Corporate Bond ETF Shares,Taxable Bond,--,Corporate Bond,0.35
WATS,Corgi Battery Energy Storage Systems ETF,Sector Equity,Small Blend,Equity Energy,0.35
BLCK,Corgi Crypto Infrastructure ETF,Sector Equity,Small Growth,Technology,0.35
FSMB,First Trust Short Duration Managed Municipal ETF,Municipal Bond,--,Muni National Short,0.34
CGCP,Capital Group Core Plus Income ETF,Taxable Bond,Small Value,Intermediate Core-Plus Bond,0.34
SHYD,VanEck Short High Yield Muni ETF,Municipal Bond,--,High Yield Muni,0.32
EBND,State Street® SPDR® Bloomberg Emerging Markets Local Bond ETF,Taxable Bond,--,Emerging-Markets Local-Currency Bond,0.3
NUHY,Nuveen ESG High Yield Corporate Bond ETF,Taxable Bond,--,High Yield Bond,0.3
CPLB,NYLI MacKay Core Plus Bond ETF,Taxable Bond,Small Value,Intermediate Core-Plus Bond,0.3
AGGH,Simplify Aggregate Bond ETF,Taxable Bond,--,Intermediate Core Bond,0.3
CAAA,First Trust AAA CMBS ETF,Taxable Bond,--,Securitized Bond - Focused,0.3
EMJN,Corgi Emerging Markets Equities 15% Structured Buffer ETF June Series,Nontraditional Equity,Large Blend,Defined Outcome,0.3
FIMU,Fidelity Intermediate Municipal Income Fund ETF,Municipal Bond,--,Muni National Interm,0.3
RECI,Columbia Research Enhanced Core Premium Income ETF Shares,U.S. Equity,Large Blend,Large Blend,0.3
EEMO,Invesco S&P Emerging Markets Momentum ETF,International Equity,Large Blend,Diversified Emerging Mkts,0.29
FUMB,First Trust Ultra Short Duration Municipal ETF,Municipal Bond,--,Muni National Short,0.29
JHCB,John Hancock Corporate Bond ETF,Taxable Bond,--,Corporate Bond,0.29
TLTX,Global X Treasury Bond Enhanced Income ETF,Taxable Bond,--,Intermediate Government,0.29
HYPG,Grayscale Hyperliquid Staking ETF,Miscellaneous,--,Digital Assets,0.29
PZT,Invesco New York AMT-Free Municipal Bond ETF,Municipal Bond,--,Muni New York Long,0.28
BUXX,Strive Enhanced Income Short Maturity ETF,Taxable Bond,--,Ultrashort Bond,0.26
FLIA,Franklin International Aggregate Bond ETF,Taxable Bond,--,Global Bond-USD Hedged,0.25
PFFV,Global X Variable Rate Preferred ETF,Taxable Bond,--,Preferred Stock,0.25
MBBB,VanEck Moody's Analytics BBB Corporate Bond ETF,Taxable Bond,--,Corporate Bond,0.25
MINN,Mairs & Power Minnesota Municipal Bond ETF,Municipal Bond,--,Muni Minnesota,0.25
SBND,Columbia Short Duration Bond ETF,Taxable Bond,--,Short-Term Bond,0.25
CDX,Simplify High Yield ETF,Taxable Bond,Mid Blend,High Yield Bond,0.25
TUA,Simplify Short Term Treasury Futures Strategy ETF,Taxable Bond,--,Long Government,0.25
FETH,Fidelity Ethereum Fund,Miscellaneous,--,Digital Assets,0.25
QETH,Invesco Galaxy Ethereum ETF,Miscellaneous,--,Digital Assets,0.25
LIFT,LifeX 2028 Income Bucket ETF,Taxable Bond,--,Target Maturity,0.25
IFLN,Invesco Bloomberg Enhanced Fallen Angels ETF,Taxable Bond,--,High Yield Bond,0.23
AGZD,WisdomTree Interest Rate Hedged U.S. Aggregate Bond Fund,Taxable Bond,--,Nontraditional Bond,0.23
PFFD,Global X U.S. Preferred ETF,Taxable Bond,Small Growth,Preferred Stock,0.23
MUST,Columbia Multi-Sector Municipal Income ETF,Municipal Bond,--,Muni National Interm,0.23
ARKB,ARK 21Shares Bitcoin ETF,Miscellaneous,--,Digital Assets,0.21
PSQA,Palmer Square CLO Senior Debt ETF,Taxable Bond,--,Securitized Bond - Focused,0.21
MBSD,FlexShares Disciplined Duration MBS Index Fund,Taxable Bond,--,Government Mortgage-Backed Bond,0.2
MIG,VanEck Moody's Analytics IG Corporate Bond ETF,Taxable Bond,--,Corporate Bond,0.2
AAAC,Columbia AAA CLO ETF,Taxable Bond,--,Securitized Bond - Focused,0.2
FSTB,Fidelity Short-Term Bond Fund ETF,Taxable Bond,--,Short-Term Bond,0.2
TESC,Corgi TSLA 2x Daily ETF,Miscellaneous,--,Trading--Leveraged Equity,0.2
FLCH,Franklin FTSE China ETF,International Equity,Large Value,Greater China Region,0.19
FLBR,Franklin FTSE Brazil ETF,International Equity,Large Value,Focused Region,0.19
IG,Principal Investment Grade Corporate ETF,Taxable Bond,--,Corporate Bond,0.19
SUSC,iShares ESG USD Corporate Bond ETF,Taxable Bond,--,Corporate Bond,0.18
BSMU,Invesco BulletShares 2030 Municipal Bond ETF,Municipal Bond,--,Muni Target Maturity,0.18
BSMV,Invesco BulletShares 2031 Municipal Bond ETF,Municipal Bond,--,Muni Target Maturity,0.18
NUAG,Nuveen Enhanced Yield U.S. Aggregate Bond ETF,Taxable Bond,--,Intermediate Core Bond,0.16
TIPX,State Street® SPDR® Bloomberg 1-10 Year TIPS ETF,Taxable Bond,--,Short-Term Inflation-Protected Bond,0.15
FLCB,Franklin U.S. Core Bond ETF,Taxable Bond,--,Intermediate Core Bond,0.15
MSBT,Morgan Stanley Bitcoin Trust,Miscellaneous,--,Digital Assets,0.14
MSOL,Morgan Stanley Solana Trust,Miscellaneous,--,Digital Assets,0.14
MSSE,Morgan Stanley Ethereum Trust,Miscellaneous,--,Digital Assets,0.14
BYLD,iShares Yield Optimized Bond ETF,Taxable Bond,--,Multisector Bond,0.13
NUBD,Nuveen ESG U.S. Aggregate Bond ETF,Taxable Bond,--,Intermediate Core Bond,0.12
HAUZ,Xtrackers International Real Estate ETF,Sector Equity,Mid Value,Global Real Estate,0.1
BSCQ,Invesco BulletShares 2026 Corporate Bond ETF,Taxable Bond,--,Target Maturity,0.1
BSCR,Invesco BulletShares 2027 Corporate Bond ETF,Taxable Bond,--,Target Maturity,0.1
BSCS,Invesco BulletShares 2028 Corporate Bond ETF,Taxable Bond,--,Target Maturity,0.1
BSCT,Invesco BulletShares 2029 Corporate Bond ETF,Taxable Bond,--,Target Maturity,0.1
IBDV,iShares iBonds Dec 2030 Term Corporate ETF,Taxable Bond,--,Target Maturity,0.1
IBDW,iShares iBonds Dec 2031 Term Corporate ETF,Taxable Bond,--,Target Maturity,0.1
BSCW,Invesco Bulletshares 2032 Corporate Bond ETF,Taxable Bond,--,Target Maturity,0.1
BSCX,Invesco Bulletshares 2033 Corporate Bond ETF,Taxable Bond,--,Target Maturity,0.1
BSCY,Invesco BulletShares 2034 Corporate Bond ETF,Taxable Bond,--,Target Maturity,0.1
BSCZ,Invesco Bulletshares 2035 Corporate Bond ETF,Taxable Bond,--,Target Maturity,0.1
BSCA,Invesco Bulletshares 2036 Corporate Bond ETF,Taxable Bond,--,Target Maturity,0.1
FLGV,Franklin U.S. Treasury Bond ETF,Taxable Bond,--,Intermediate Government,0.09
IBTG,iShares iBonds Dec 2026 Term Treasury ETF,Taxable Bond,--,Target Maturity,0.07
IBTH,iShares iBonds Dec 2027 Term Treasury ETF,Taxable Bond,--,Target Maturity,0.07
IBTJ,iShares iBonds Dec 2029 Term Treasury ETF,Taxable Bond,--,Target Maturity,0.07
IBTI,iShares iBonds Dec 2028 Term Treasury ETF,Taxable Bond,--,Target Maturity,0.07
IBTK,iShares iBonds Dec 2030 Term Treasury ETF,Taxable Bond,--,Target Maturity,0.07
IBTL,iShares iBonds Dec 2031 Term Treasury ETF,Taxable Bond,--,Target Maturity,0.07
IBTM,iShares iBonds Dec 2032 Term Treasury ETF,Taxable Bond,--,Target Maturity,0.07
IBGK,iShares iBonds Dec 2054 Term Treasury ETF,Taxable Bond,--,Target Maturity,0.07
IBGL,iShares iBonds Dec 2055 Term Treasury ETF,Taxable Bond,--,Target Maturity,0.07
GOVT,iShares U.S. Treasury Bond ETF,Taxable Bond,--,Intermediate Government,0.05
SPMB,State Street® SPDR® Portfolio Mortgage Backed Bond ETF,Taxable Bond,--,Government Mortgage-Backed Bond,0.04
SPLB,State Street® SPDR® Portfolio Long Term Corporate Bond ETF,Taxable Bond,--,Long-Term Bond,0.04
SCHZ,Schwab U.S. Aggregate Bond ETF™,Taxable Bond,--,Intermediate Core Bond,0.03
SCHI,Schwab 5-10 Year Corporate Bond ETF,Taxable Bond,--,Corporate Bond,0.03
UDN,Invesco DB US Dollar Index Bearish Fund,Miscellaneous,--,Trading--Miscellaneous,0.0
HODL,VanEck Bitcoin ETF,Miscellaneous,--,Digital Assets,0.0
BRRR,CoinShares Bitcoin ETF,Miscellaneous,--,Digital Assets,0.0
GXRP,Grayscale XRP Trust ETF,Miscellaneous,--,Digital Assets,0.0
GEVX,Tradr 2X Long GEV Daily ETF,Miscellaneous,--,Trading--Leveraged Equity,
Highlighted cells have been user-added and may not meet the criteria included in the screen.,,,,,
The data and information in this spreadsheet is provided to you solely for your use and is not for distribution.,,,,,
"The spreadsheet is provided for informational purposes only, and is not intended to provide advice, nor should it be construed ",,,,,
"as an offer to sell, a solicitation of an offer to buy or a recommendation for any security by Fidelity or any third party.",,,,,
Data and information shown is based on information known to Fidelity as of the date it was exported and is subject to change.,,,,,
"For more information on the data included in this spreadsheet, including any limitations thereof, go to Fidelity.com.",,,,,
Performance data quoted represents past performance and the return and principal value of an investment will fluctuate ,,,,,
so that an investor's shares when redeemed may be worth more or less than their original cost.,,,,,
"Brokerage services are provided by Fidelity Brokerage Services LLC, 900 Salem Street, Smithfield RI 02917.",,,,,
Custody and other services provided by National Financial Servicess LLC.,,,,,
"Both are Fidelity Investment companies and members SIPC, NYSE.",,,,,
AS OF 03:12 AM ET 08/11/2026 Quotes delayed at least 15 minutes.,,,,,
RDFI,Rareview Dynamic Fixed Income ETF,Taxable Bond,Mid Value,Multisector Bond,4.23
FCEF,First Trust Income Opportunity ETF,Allocation,Large Blend,Global Moderately Conservative Allocation,3.69
PEX,ProShares Global Listed Private Equity ETF,Sector Equity,Small Value,Financial,2.95
THRV,Prospera Income ETF,Allocation,Small Value,Miscellaneous Allocation,1.8
QTAC,Q3 All-Season Tactical Advantage ETF,Allocation,Large Growth,Tactical Allocation,1.78
FFLS,The Future Fund Long/Short ETF,Nontraditional Equity,Large Growth,Long-Short Equity,1.6
RAMZ,T-REX 2X Inverse DRAM Daily Target ETF,Miscellaneous,--,Trading--Inverse Equity,1.5
PENU,T-REX 2X Long PENG Daily Target ETF,Miscellaneous,--,Trading--Leveraged Equity,1.5
AKAL,T-REX 2X Long AKAM Daily Target ETF,Miscellaneous,--,Trading--Leveraged Equity,1.5
NVII,REX NVDA Growth & Income ETF,Miscellaneous,--,Trading--Leveraged Equity,1.49
SKHN,Tradr 2X Short SK hynix Daily ETF,Miscellaneous,Large Blend,Trading--Leveraged Equity,1.49
UBOT,"Direxion Daily Robotics, Artificial Intelligence & Automation Index Bull 2X Shares",Miscellaneous,Large Growth,Trading--Leveraged Equity,1.32
FORH,Formidable ETF,International Equity,Small Blend,Global Small/Mid Stock,1.19
LALT,First Trust Multi-Strategy Alternative ETF,Alternative,Large Blend,Multistrategy,1.18
MAMB,Monarch Ambassador Income ETF,Taxable Bond,--,Intermediate Core-Plus Bond,1.15
HFND,Unlimited HFND Multi-Strategy Return Tracker ETF,Alternative,Large Blend,Multistrategy,1.07
DUKH,Ocean Park High Income ETF,Taxable Bond,Small Value,High Yield Bond,1.07
TLA,Graniteshares Autocallable Tsla ETF,Nontraditional Equity,--,Derivative Income,1.07
TMYY,GraniteShares YieldBOOST TSM ETF,Nontraditional Equity,--,Derivative Income,1.07
FIYY,Graniteshares YieldBOOST 20Y+ Treasuries ETF,Taxable Bond,--,Nontraditional Bond,1.07
ROBN,T-Rex 2X Long HOOD Daily Target ETF,Miscellaneous,--,Trading--Leveraged Equity,1.05
DUKZ,Ocean Park Diversified Income ETF,Taxable Bond,--,Nontraditional Bond,1.03
BITI,ProShares Shrt Bitcoin ETF,Miscellaneous,--,Trading--Miscellaneous,1.01
GMEY,Yieldmax Gme Option Income Strategy ETF,Nontraditional Equity,--,Derivative Income,1.01
EZRO,Alphadroid Defensive Sector Rotation ETF,Sector Equity,Large Growth,Miscellaneous Sector,1.01
SOYB,Teucrium Soybean Fund,Commodities,--,Commodities Focused,1.0
WEAT,Teucrium Wheat Fund,Commodities,--,Commodities Focused,1.0
PSIL,AdvisorShares Psychedelics ETF,Sector Equity,Small Blend,Miscellaneous Sector,1.0
BUFY,FT Vest Laddered International Moderate Buffer ETF,Nontraditional Equity,Large Blend,Defined Outcome,1.0
METW,Roundhill META WeeklyPay ETF,Miscellaneous,Large Value,Trading--Miscellaneous,1.0
RONB,Baron First Principles ETF,U.S. Equity,Large Growth,Large Growth,1.0
LUMA,KraneShares Photonic and Optical ETF,Sector Equity,Mid Growth,Technology,1.0
TIH,The Investment House ETF,U.S. Equity,Large Blend,Large Growth,1.0
CRDT,Simplify Opportunistic Income ETF,Taxable Bond,Small Value,Multisector Bond,0.99
PLTW,Roundhill PLTR WeeklyPay ETF,Miscellaneous,Large Growth,Trading--Miscellaneous,0.99
HOOW,Roundhill HOOD WeeklyPay ETF,Miscellaneous,Mid Growth,Trading--Miscellaneous,0.99
CCOM,Simplify Chinese Commodities Strategy No K-1 ETF,Commodities,--,Commodities Broad Basket,0.99
KCOP,Kurv Copper & Mining Enhanced Income ETF,Commodities,--,Commodities Focused,0.99
SPCI,Tuttle Capital Space Industry Income Blast ETF,Sector Equity,--,Industrials,0.99
ZHDG,ZEGA Buy and Hedge ETF,Nontraditional Equity,--,Derivative Income,0.97
BHDG,Nicholas Bitcoin Tail ETF,Miscellaneous,--,Digital Assets,0.97
MEIB,Direxion META Defined Income Boost ETF,Nontraditional Equity,Large Value,Derivative Income,0.97
HFEQ,Unlimited HFEQ Equity Long/Short ETF,Nontraditional Equity,Large Blend,Long-Short Equity,0.96
PST,ProShares UltraShort 7-10 Year Treasury,Miscellaneous,--,Trading--Inverse Debt,0.95
BTRN,Global X Bitcoin Trend Strategy ETF,Miscellaneous,--,Digital Assets,0.95
GLCR,GlacierShares Nasdaq Iceland ETF,International Equity,Small Blend,Focused Region,0.95
BFXU,FT Vest Laddered U.S. Equity Uncapped Accelerator ETF,Nontraditional Equity,Large Blend,Defined Outcome,0.95
UPLT,ProShares Ultra Platinum K-1 Free ETF,Miscellaneous,--,Trading--Leveraged Commodities,0.95
SNTQ,MRP SynthEquity Nasdaq 100 ETF,Nontraditional Equity,Large Growth,Defined Outcome,0.95
KLIP,KraneShares KWEB Covered Call Strategy ETF,Nontraditional Equity,Large Blend,Derivative Income,0.94
WTIB,USCF Oil Plus Bitcoin Strategy Fund,Miscellaneous,--,Trading--Miscellaneous,0.93
KAMO,Kensington Credit Opportunities ETF,Taxable Bond,Small Value,Multisector Bond,0.92
TDSB,ETC Cabana Target Beta ETF,Allocation,Large Blend,Moderately Conservative Allocation,0.91
AMEM,Amana Developing World ETF,International Equity,Large Growth,Diversified Emerging Mkts,0.91
QCAP,FT Vest NASDAQ-100 Conservative Buffer ETF - April,Nontraditional Equity,Large Growth,Defined Outcome,0.9
QCOC,FT Vest Nasdaq-100® Conservative Buffer ETF – October,Nontraditional Equity,Large Growth,Defined Outcome,0.9
QCJA,FT Vest Nasdaq-100 Conservative Buffer ETF - January,Nontraditional Equity,Large Growth,Defined Outcome,0.9
QMFE,FT Vest Nasdaq-100 Moderate Buffer ETF - February,Nontraditional Equity,Large Growth,Defined Outcome,0.9
JSTC,Adasina Social Justice All Cap Global ETF,International Equity,Mid Blend,Global Large-Stock Blend,0.89
KSTR,KraneShares China Technology & Semiconductor STAR 50 Index ETF,International Equity,Large Growth,Greater China Region,0.89
CGRO,CoreValues Alpha Greater China Growth ETF,International Equity,Large Blend,Greater China Region,0.89
DVXC,WEBs Communication Services XLC Defined Volatility ETF,Sector Equity,Large Value,Communications,0.89
DVRE,WEBs Real Estate XLRE Defined Volatility ETF,Sector Equity,Mid Blend,Real Estate,0.89
DVUT,WEBs Utilities XLU Defined Volatility ETF,Sector Equity,Mid Value,Utilities,0.89
TMGN,Tappalpha Cboe Magnificent 10 Growth & Daily Income ETF,Nontraditional Equity,Large Growth,Derivative Income,0.88
FOPC,Frontier Asset Opportunistic Credit ETF,Taxable Bond,Small Value,Intermediate Core-Plus Bond,0.87
UCON,First Trust Smith Unconstrained Plus Bond ETF,Taxable Bond,--,Nontraditional Bond,0.86
TMFM,Motley Fool Mid-Cap Growth ETF,U.S. Equity,Mid Growth,Mid-Cap Growth,0.85
SDVD,FT Vest SMID Rising Dividend Achievers Target Income ETF,Nontraditional Equity,Small Blend,Derivative Income,0.85
COAL,Range Global Coal ETF,Sector Equity,Small Value,Equity Energy,0.85
WEEI,Westwood Salient Enhanced Energy Income ETF,Sector Equity,Large Value,Equity Energy,0.85
RSSE,FT Vest U.S. Equity Equal Weight Buffer ETF - September,Nontraditional Equity,--,Defined Outcome,0.85
RSDE,FT Vest U.S. Equity Equal Weight Buffer ETF - December,Nontraditional Equity,Mid Value,Defined Outcome,0.85
RSMR,FT Vest U.S. Equity Equal Weight Buffer ETF - March,Nontraditional Equity,Mid Value,Defined Outcome,0.85
XXV,Simplify Ancorato Target 25 Distribution ETF,Nontraditional Equity,--,Derivative Income,0.85
FCBD,Frontier Asset Core Bond ETF,Taxable Bond,Small Value,Intermediate Core-Plus Bond,0.84
FLXN,Horizon Flexible Income ETF,Taxable Bond,Large Blend,High Yield Bond,0.82
IPOS,Renaissance International IPO ETF,International Equity,Large Growth,Foreign Large Growth,0.8
URNJ,Sprott Junior Uranium Miners ETF,Sector Equity,Small Growth,Natural Resources,0.8
RMOP,Rockefeller Opportunistic Municipal Bond ETF,Municipal Bond,--,High Yield Muni,0.8
CSEN,Cohen & Steers Future of Energy Active ETF,Sector Equity,Large Value,Equity Energy,0.8
VPFF,Virtus Infracap Preferred and Income Securities ETF,Taxable Bond,Mid Growth,Preferred Stock,0.8
KGRN,KraneShares MSCI China Clean Technology ETF,International Equity,Large Blend,Greater China Region,0.79
APRJ,Innovator Premium Income 30 Barrier ETF - April,Nontraditional Equity,Large Blend,Defined Outcome,0.79
APRH,Innovator Premium Income 20 Barrier ETF - April,Nontraditional Equity,Large Blend,Defined Outcome,0.79
JULH,Innovator Premium Income 20 Barrier ETF - July,Nontraditional Equity,Large Blend,Defined Outcome,0.79
JULJ,Innovator Premium Income 30 Barrier ETF - July,Nontraditional Equity,Large Blend,Defined Outcome,0.79
LOCT,Innovator Premium Income 15 Buffer ETF - October,Nontraditional Equity,--,Defined Outcome,0.79
OCTH,Innovator Premium Income 20 Barrier ETF - October,Nontraditional Equity,Large Blend,Defined Outcome,0.79
OCTJ,Innovator Premium Income 30 Barrier ETF - October,Nontraditional Equity,Large Blend,Defined Outcome,0.79
LJAN,Innovator Premium Income 15 Buffer ETF - January,Nontraditional Equity,--,Defined Outcome,0.79
JANJ,Innovator Premium Income 30 Barrier ETF - January,Nontraditional Equity,Large Blend,Defined Outcome,0.79
JANH,Innovator Premium Income 20 Barrier ETF - January,Nontraditional Equity,Large Blend,Defined Outcome,0.79
QBUL,TrueShares Quarterly Bull Hedge ETF,Taxable Bond,--,Nontraditional Bond,0.79
QBER,TrueShares Quarterly Bear Hedge ETF,Taxable Bond,--,Nontraditional Bond,0.79
LJUL,Innovator Premium Income 15 Buffer ETF - July,Nontraditional Equity,--,Defined Outcome,0.79
EDGF,3EDGE Dynamic Fixed Income ETF,Taxable Bond,--,Intermediate Core Bond,0.79
ACEI,Innovator Equity Autocallable Income Strategy ETF,Nontraditional Equity,--,Derivative Income,0.79
DDTO,Innovator Equity Dual Directional 10 Buffer ETF - October,Nontraditional Equity,Large Blend,Defined Outcome,0.79
CBOL,Calamos Laddered Bitcoin Structured Alt Protection ETF,Miscellaneous,--,Digital Assets,0.79
RKNG,Defiance Retail Kings ETF,Sector Equity,Mid Growth,Consumer Cyclical,0.79
KIQQ,KraneShares InspereX Nasdaq Dynamic Buffered High Income Index ETF,Nontraditional Equity,Large Growth,Derivative Income,0.79
ONEH,TrueShares Equity Hedge ETF,Nontraditional Equity,--,Equity Hedged,0.79
HYGM,Amplify Hyg High Yield 10% Target Income ETF,Taxable Bond,--,High Yield Bond,0.79
BGEG,Baillie Gifford Emerging Markets ETF,International Equity,Large Blend,Diversified Emerging Mkts,0.79
FTHI,First Trust BuyWrite Income ETF,Nontraditional Equity,Large Blend,Derivative Income,0.75
MJ,Amplify Alternative Harvest ETF,Sector Equity,Small Value,Miscellaneous Sector,0.75
FDND,FT Vest Dow Jones Internet & Target Income ETF,Nontraditional Equity,Large Blend,Derivative Income,0.75
GIND,Goldman Sachs India Equity ETF,International Equity,Large Growth,India Equity,0.75
XV,Simplify Target 15 Distribution ETF,Nontraditional Equity,--,Derivative Income,0.75
CNQQ,Rayliant-ChinaAMC Transformative China Tech ETF,International Equity,Large Growth,Greater China Region,0.75
TNUK,Tortoise Nuclear Renaissance ETF,Sector Equity,Mid Growth,Equity Energy,0.75
SASS,M.D. Sass Concentrated Equities ETF,U.S. Equity,Mid Blend,Large Blend,0.75
XSPC,VegaShares SpaceX & Beyond Earth ETF,Sector Equity,Mid Growth,Technology,0.75
TKNZ,T. Rowe Price Active Crypto ETF,Miscellaneous,--,Digital Assets,0.75
PAYH,TrueShares S&P Autocallable High Income ETF,Nontraditional Equity,--,Derivative Income,0.74
VAIE,Vegashares US Equity Autocallable Income ETF,Nontraditional Equity,--,Derivative Income,0.74
BNAV,Amplify Fairlead Tactical Bitcoin ETF,Miscellaneous,--,Digital Assets,0.74
SFYI,SoFi Social 50 Income ETF,Nontraditional Equity,Large Blend,Derivative Income,0.72
RTRE,Rareview Total Return Bond ETF,Taxable Bond,Mid Value,Intermediate Core-Plus Bond,0.7
DGLO,First Trust RBA Deglobalization ETF,U.S. Equity,Small Blend,Large Blend,0.7
HELS,Hedgeye 130/30 Equity ETF,Nontraditional Equity,Mid Blend,Long-Short Equity,0.7
NICO,Hexis Active Nicotine Engagement ETF,Sector Equity,Large Value,Miscellaneous Sector,0.7
ADDS,Hedgeye Index Adds ETF,U.S. Equity,Mid Growth,Large Blend,0.7
KHYB,KraneShares Asia Pacific High Income USD Bond ETF,Taxable Bond,Small Value,Emerging Markets Bond,0.69
CBOJ,Calamos Bitcoin Structured Alt Protection ETF - January,Miscellaneous,--,Digital Assets,0.69
CBOA,Calamos Bitcoin Structured Alt Protection ETF - April,Miscellaneous,--,Digital Assets,0.69
CBOY,Calamos Bitcoin Structured Alt Protection ETF - July,Miscellaneous,--,Digital Assets,0.69
CBOO,Calamos Bitcoin Structured Alt Protection ETF - October,Miscellaneous,--,Digital Assets,0.69
BTCK,7RCC Spot Bitcoin And Carbon Credit Futures ETF,Miscellaneous,--,Digital Assets,0.68
BNDY,Horizon Core Bond ETF,Taxable Bond,Large Blend,Intermediate Core Bond,0.66
CHDG,Calamos Active Hedged Equity ETF,Nontraditional Equity,--,Equity Hedged,0.66
BFOR,Barron's 400 ETF,U.S. Equity,Small Blend,Mid-Cap Blend,0.65
STBF,Performance Trust Short Term Bond ETF,Taxable Bond,--,Short-Term Bond,0.65
SJCP,SanJac Alpha Core Plus Bond ETF,Taxable Bond,Small Value,Intermediate Core-Plus Bond,0.65
NDAA,Ned Davis Research 360 Dynamic Allocation ETF,Allocation,Large Blend,Moderate Allocation,0.65
ABI,VictoryShares Pioneer Asset-Based Income ETF,Taxable Bond,--,Multisector Bond,0.65
DRNZ,REX Drone ETF,Sector Equity,Small Growth,Industrials,0.65
WMSB,Weitz Multisector Bond ETF,Taxable Bond,--,Multisector Bond,0.65
ATCL,Rex Autocallable Income ETF,Nontraditional Equity,--,Derivative Income,0.65
SMRF,"ALPS Nautilus SMR, Nuclear & Technology ETF",U.S. Equity,Mid Growth,Large Blend,0.65
FTHB,FIS Faith Income ETF,Taxable Bond,Small Value,Intermediate Core Bond,0.65
LEND,SEI High Yield Bond & Alternative Credit ETF,Taxable Bond,Mid Value,High Yield Bond,0.65
EMEM,Sophus Capital Emerging Market ETF,International Equity,Large Blend,Diversified Emerging Mkts,0.65
XIGV,Defiance US 100 Tech Ex Software ETF,Sector Equity,Large Growth,Technology,0.65
AIX,Defiance US 100 Tech AI Moat ETF,Sector Equity,Large Growth,Technology,0.65
PMTL,First Trust Indxx Quality Precious Metals Miners ETF,Sector Equity,Mid Blend,Equity Precious Metals,0.65
LYTE,Roundhill Photonics & Optics ETF,Sector Equity,--,Technology,0.65
KDRN,Kingsbarn Tactical Bond ETF,Taxable Bond,--,Intermediate Core-Plus Bond,0.62
JHLN,JHancock Global Senior Loan ETF,Taxable Bond,--,Bank Loan,0.62
FAN,First Trust Global Wind Energy ETF,Sector Equity,Mid Growth,Miscellaneous Sector,0.6
PALL,abrdn Physical Palladium Shares ETF,Commodities,--,Commodities Focused,0.6
EDOG,ALPS Emerging Sector Dividend Dogs ETF,International Equity,Large Value,Diversified Emerging Mkts,0.6
FRTY,Alger Mid Cap 40 ETF,U.S. Equity,Mid Growth,Mid-Cap Growth,0.6
WTBN,Wisdomtree Bianco Fixed Income Total Return Fund,Taxable Bond,Small Growth,Intermediate Core Bond,0.6
MLPD,Global X MLP & Energy Infrastructure Covered Call ETF,Nontraditional Equity,Mid Value,Derivative Income,0.6
PCSG,Polen 5Perspectives Small-Mid Growth ETF,U.S. Equity,Mid Growth,Mid-Cap Growth,0.6
KWH,GMO Power Infrastructure ETF,Sector Equity,--,Infrastructure,0.6
PHOX,Aura AI Photonics ETF,Sector Equity,Mid Growth,Technology,0.6
TCHI,iShares MSCI China Multisector Tech ETF,International Equity,Large Growth,Greater China Region,0.59
SCOW,Pacer S&P SmallCap 600 Quality FCF Aristocrats ETF,U.S. Equity,Small Blend,Small Blend,0.59
PFOE,Pathfinder Focused Opportunities ETF,U.S. Equity,Large Growth,Large Growth,0.59
CABZ,Roundhill Robotaxi Autonomous Vehicles & Technology ETF,Sector Equity,Large Growth,Technology,0.59
ARMS,Aristotle Multi-Sector Income ETF,Taxable Bond,--,Multisector Bond,0.59
WTRE,WisdomTree New Economy Real Estate ETF,Sector Equity,Mid Blend,Global Real Estate,0.58
SDIV,Global X SuperDividend™ ETF,International Equity,Small Value,Global Small/Mid Stock,0.58
GCC,WisdomTree Enhanced Commodity Strategy Fund,Commodities,--,Commodities Broad Basket,0.57
SEIX,Virtus Seix Senior Loan ETF,Taxable Bond,Small Value,Bank Loan,0.57
FPRO,Fidelity Real Estate Investment ETF,Sector Equity,Mid Blend,Real Estate,0.57
FREI,Fidelity Real Estate Income Fund ETF,Allocation,Mid Blend,Miscellaneous Allocation,0.57
PCHI,Polen High Income ETF,Taxable Bond,--,High Yield Bond,0.56
SAWS,AAM Sawgrass U.S. Small Cap Quality Growth ETF,U.S. Equity,Small Growth,Small Growth,0.55
RMCA,Rockefeller California Municipal Bond ETF,Municipal Bond,--,Muni California Long,0.55
RMNY,Rockefeller New York Municipal Bond ETF,Municipal Bond,--,Muni New York Long,0.55
TMB,Thornburg Multi Sector Bond ETF,Taxable Bond,--,Multisector Bond,0.55
PRIV,State Street® IG Public & Private Credit ETF,Taxable Bond,--,Intermediate Core-Plus Bond,0.55
AGGA,EA Astoria Beacon Dynamic Core US Fixed Income ETF,Taxable Bond,Small Value,Multisector Bond,0.55
SCMC,Sterling Capital Multi-Strategy Income ETF,Taxable Bond,--,Multisector Bond,0.55
TPFI,Timothy Plan Fixed Income ETF,Taxable Bond,--,Intermediate Core-Plus Bond,0.55
PCEB,Polen Euro High Yield Bond ETF,Taxable Bond,--,High Yield Bond,0.55
TISC,Thrivent International Small Cap ETF,International Equity,--,Foreign Small/Mid Blend,0.55
NUIF,Nuveen U.S. Infrastructure ETF,Sector Equity,Mid Value,Infrastructure,0.55
AMHI,American Beacon Aberdeen Municipal High Income ETF,Municipal Bond,--,High Yield Muni,0.55
FESC,First Eagle Small Cap Equity ETF,U.S. Equity,--,Small Value,0.55
PEY,Invesco High Yield Equity Dividend Achievers™ ETF,U.S. Equity,Small Value,Mid-Cap Value,0.54
LQDM,Amplify LQD Investment Grade 12% Target Income ETF,Taxable Bond,--,Corporate Bond,0.54
NMB,Simplify National Muni Bond ETF,Municipal Bond,--,Muni National Interm,0.52
SHRD,Arimathea Catholic Bond Index ETF,Taxable Bond,--,Intermediate Core Bond,0.52
VNAM,Global X MSCI Vietnam ETF,International Equity,Mid Blend,Focused Region,0.51
RJVI,RJ Eagle Vertical Income ETF,Taxable Bond,Large Value,Multisector Bond,0.51
PICB,Invesco International Corporate Bond ETF,Taxable Bond,--,Global Bond,0.5
VRP,Invesco Variable Rate Preferred ETF,Taxable Bond,--,Preferred Stock,0.5
CBON,VanEck China Bond ETF,Taxable Bond,--,Emerging-Markets Local-Currency Bond,0.5
FISR,State Street® Fixed Income Sector Rotation ETF,Taxable Bond,Mid Growth,Intermediate Core Bond,0.5
GXDW,Global X Dorsey Wright Thematic ETF,International Equity,Mid Growth,Global Small/Mid Stock,0.5
TMFX,Motley Fool Next Index ETF,U.S. Equity,Mid Growth,Mid-Cap Growth,0.5
RCLO,Reckoner BBB-B CLO ETF,Taxable Bond,--,Securitized Bond - Focused,0.5
MFMO,Motley Fool Momentum Factor ETF,U.S. Equity,Large Growth,Large Growth,0.5
DSCO,DoubleLine Securitized Credit ETF,Taxable Bond,--,Securitized Bond - Diversified,0.5
PCLC,Polen 5Perspectives Large Growth ETF,U.S. Equity,Large Growth,Large Growth,0.5
PQXX,PGIM S&P 500 Quarterly Buffer 20 ETF,Nontraditional Equity,Large Blend,Defined Outcome,0.5
BDIV,AAM Brentview Dividend Growth ETF,U.S. Equity,Large Value,Large Value,0.49
SAWG,AAM Sawgrass U.S. Large Cap Quality Growth ETF,U.S. Equity,Large Growth,Large Blend,0.49
MILK,Pacer US Cash Cows Bond ETF,Taxable Bond,--,Corporate Bond,0.49
HTAX,Nomura National High-Yield Municipal Bond ETF,Municipal Bond,--,High Yield Muni,0.49
PCLG,Polen Focus Growth ETF,U.S. Equity,Large Growth,Large Growth,0.49
FDRS,Founder-Led ETF Shares,U.S. Equity,Large Growth,Large Blend,0.49
CSSD,Cohen & Steers Short Duration Preferred And Income Active ETF,Taxable Bond,--,Preferred Stock,0.49
AOTS,AOT Software Platform ETF,Sector Equity,--,Technology,0.49
BMOP,BNY Mellon Municipal Opportunities ETF,Municipal Bond,--,Muni National Interm,0.49
BRIB,FIS Bright Portfolios Core Bond ETF,Taxable Bond,--,Intermediate Core Bond,0.49
PBSC,Pacer Barings Secured Credit Flex ETF,Taxable Bond,--,Securitized Bond - Focused,0.49
GTOH,Invesco Short Duration High Yield ETF,Taxable Bond,--,High Yield Bond,0.48
FHIL,Federated Hermes International Leaders ETF,International Equity,Large Blend,Foreign Large Blend,0.48
FLBL,Franklin Senior Loan ETF,Taxable Bond,--,Bank Loan,0.45
BFIX,Build Bond Innovation ETF,Taxable Bond,--,Short-Term Bond,0.45
TPLS,Thornburg Core Plus Bond ETF,Taxable Bond,--,Intermediate Core-Plus Bond,0.45
WCPB,Weitz Core Plus Bond ETF,Taxable Bond,--,Intermediate Core-Plus Bond,0.45
PRSD,State Street Short Duration Ig Public & Private Credit ETF,Taxable Bond,--,Short-Term Bond,0.45
TEMD,Templeton Emerging Markets Debt ETF,Taxable Bond,--,Emerging Markets Bond,0.45
WSDB,Weitz Short Duration Bond ETF,Taxable Bond,--,Short-Term Bond,0.45
PRIZ,Zacks Preferred Income ETF,Taxable Bond,--,Preferred Stock,0.45
BRZX,Corgi Brazil 2x Daily ETF,Miscellaneous,--,Trading--Leveraged Equity,0.45
CCPX,Corgi China 2x Daily ETF,Miscellaneous,--,Trading--Leveraged Equity,0.45
EMXX,Corgi Emerging Markets 2x Daily ETF,Miscellaneous,--,Trading--Leveraged Equity,0.45
MGKX,Corgi U.S. Mega-Cap Growth 2x Daily ETF,Miscellaneous,--,Trading--Leveraged Equity,0.45
XLUX,Corgi U.S. Utilities 2x Daily ETF,Sector Equity,--,Utilities,0.45
XW,Corgi Ex-U.S. Equities 2x Daily ETF,Miscellaneous,--,Trading--Leveraged Equity,0.45
XVUG,Corgi U.S. Growth 2x Daily ETF,Miscellaneous,--,Trading--Leveraged Equity,0.45
XCOM,Corgi All Commodities 2x Daily ETF,Miscellaneous,--,Trading--Leveraged Commodities,0.45
MNSX,Corgi MNST 2x Daily ETF,Miscellaneous,--,Trading--Leveraged Equity,0.45
ASTT,Corgi ASTS 2x Daily ETF,Miscellaneous,--,Trading--Leveraged Equity,0.45
ORAC,Corgi ORCL 2x Daily ETF,Miscellaneous,--,Trading--Leveraged Equity,0.45
NFX,Corgi NFLX 2x Daily ETF,Miscellaneous,--,Trading--Leveraged Equity,0.45
UN,Corgi UNH 2x Daily ETF,Miscellaneous,--,Trading--Leveraged Equity,0.45
AXTC,Corgi AXTI 2x Daily ETF,Miscellaneous,--,Trading--Leveraged Equity,0.45
SMRX,Corgi SMR 2x Daily ETF,Miscellaneous,--,Trading--Leveraged Equity,0.45
LITC,Corgi LITE 2x Daily ETF,Miscellaneous,--,Trading--Leveraged Equity,0.45
CRD,Corgi CRDO 2x Daily ETF,Miscellaneous,--,Trading--Leveraged Equity,0.45
ARCP,Aristotle Core Plus Income ETF,Taxable Bond,--,Intermediate Core-Plus Bond,0.45
BSJW,Invesco BulletShares 2032 High Yield Corporate Bond ETF,Taxable Bond,--,Target Maturity,0.42
BSJX,Invesco Bulletshares 2033 High Yield Corporate Bond ETF,Taxable Bond,--,Target Maturity,0.42
BSJY,Invesco Bulletshares 2034 High Yield Corporate Bond ETF,Taxable Bond,--,High Yield Bond,0.42
IBD,Inspire Corporate Bond ETF,Taxable Bond,--,Corporate Bond,0.41
RJMI,RJ Eagle Municipal Income ETF,Municipal Bond,--,Muni National Interm,0.41
SJNK,State Street® SPDR® Bloomberg Short Term High Yield Bond ETF,Taxable Bond,Small Value,High Yield Bond,0.4
FLHY,Franklin High Yield Corporate ETF,Taxable Bond,--,High Yield Bond,0.4
GPZ,VanEck Alternative Asset Manager ETF,Sector Equity,Mid Value,Financial,0.4
LVLN,State Street SPDR S&P Leveraged Ln ETF,Taxable Bond,Mid Growth,Bank Loan,0.4
BKFI,BNY Mellon Active Core Bond ETF,Taxable Bond,--,Intermediate Core Bond,0.4
BCPL,BNY Mellon Core Plus ETF,Taxable Bond,--,Intermediate Core-Plus Bond,0.4
HBRD,Invesco U.S. Hybrid Bond ETF,Taxable Bond,--,Corporate Bond,0.4
BGFI,Bny Mellon Global Fixed Income ETF,Taxable Bond,--,Global Bond-USD Hedged,0.4
EMBD,Global X Emerging Markets Bond ETF,Taxable Bond,--,Emerging Markets Bond,0.39
VABS,Virtus Newfleet Securitized Income ETF,Taxable Bond,--,Securitized Bond - Diversified,0.39
USFI,Brandywineglobal-U.S. Fixed Income ETF,Taxable Bond,--,Intermediate Core Bond,0.39
FTRB,Federated Hermes Total Return Bond ETF,Taxable Bond,Small Value,Intermediate Core-Plus Bond,0.39
ABLS,Abacus FCF Small Cap Leaders ETF,U.S. Equity,Small Growth,Small Blend,0.39
SCEC,Sterling Capital Enhanced Core Bond ETF,Taxable Bond,--,Intermediate Core-Plus Bond,0.39
HBDC,Hilton Bdc Corporate Bond ETF,Taxable Bond,--,Corporate Bond,0.39
CGHY,Capital Group High Yield Bond ETF,Taxable Bond,Small Value,High Yield Bond,0.39
MULT,Franklin Multisector Income ETF,Taxable Bond,--,Multisector Bond,0.39
LTAX,Nomura Tax-Free USA ETF,Municipal Bond,--,Muni National Long,0.39
TABD,Transamerica Bond Active ETF,Taxable Bond,--,Intermediate Core-Plus Bond,0.39
MYHE,State Street® My2031 High Yield Corporate Bond ETF,Taxable Bond,--,Target Maturity,0.39
MYHD,State Street® My2030 High Yield Corporate Bond ETF,Taxable Bond,--,Target Maturity,0.39
MYHB,State Street® My2028 High Yield Corporate Bond ETF,Taxable Bond,--,Target Maturity,0.39
MYHC,State Street® My2029 High Yield Corporate Bond ETF,Taxable Bond,--,Target Maturity,0.39
MYHA,State Street® My2027 High Yield Corporate Bond ETF,Taxable Bond,--,Target Maturity,0.39
PRAB,State Street IG Public & Private ABS ETF,Taxable Bond,--,Securitized Bond - Diversified,0.39
VBNB,VanEck BNB ETF,Miscellaneous,--,Digital Assets,0.39
BD,Russell Investments Core Plus Bond ETF,Taxable Bond,--,Intermediate Core-Plus Bond,0.39
LSCP,Natixis Loomis Sayles Dynamic Core Plus ETF,Taxable Bond,--,Intermediate Core-Plus Bond,0.39
LSTB,Natixis Loomis Sayles Total Return Bond ETF,Taxable Bond,--,Intermediate Core-Plus Bond,0.39
SDUR,Aristotle Short Term Income ETF,Taxable Bond,--,Short-Term Bond,0.39
NSCI,Nuveen Securitized Income ETF,Taxable Bond,--,Securitized Bond - Diversified,0.38
NSIG,North Square Growth Opportunities ETF,U.S. Equity,Large Growth,Large Growth,0.38
AINP,Allspring Income Plus ETF,Taxable Bond,Small Value,Multisector Bond,0.36
JHCP,JHancock Core Plus Bond ETF,Taxable Bond,--,Intermediate Core-Plus Bond,0.36
HYMB,State Street® SPDR® Nuveen ICE High Yield Municipal Bond ETF,Municipal Bond,--,High Yield Muni,0.35
IBHI,iShares iBonds 2029 Term High Yield and Income ETF,Taxable Bond,--,Target Maturity,0.35
IBHH,iShares iBonds 2028 Term High Yield and Income ETF,Taxable Bond,--,Target Maturity,0.35
RYLG,Global X Russell 2000 Covered Call & Growth ETF,Nontraditional Equity,Small Blend,Derivative Income,0.35
BUCK,Simplify Treasury Option Income ETF,Taxable Bond,--,Ultrashort Bond,0.35
APMU,ActivePassive Intermediate Municipal Bond ETF,Municipal Bond,--,Muni National Interm,0.35
UPGR,Xtrackers US Green Infrastructure Select Equity ETF,Sector Equity,Small Blend,Infrastructure,0.35
WABF,Western Asset Bond ETF,Taxable Bond,--,Intermediate Core-Plus Bond,0.35
CAFX,Congress Intermediate Bond ETF,Taxable Bond,--,Intermediate Core Bond,0.35
SJLD,SanJac Alpha Low Duration ETF,Taxable Bond,--,Short-Term Bond,0.35
LDRH,iShares iBonds 1-5 Year High Yield and Income Ladder ETF,Taxable Bond,--,High Yield Bond,0.35
NHYM,Nuveen High Yield Municipal Income ETF,Municipal Bond,--,High Yield Muni,0.35
WTMY,Wisdomtree High Income Laddered Municipal Fund,Municipal Bond,--,High Yield Muni,0.35
XLSI,State Street® Consumer Staples Select Sector SPDR® Premium Income ETF,Nontraditional Equity,Large Value,Derivative Income,0.35
XLCI,State Street® Communication Services Select Sector SPDR® Premium Income ETF,Nontraditional Equity,Large Value,Derivative Income,0.35
XLYI,State Street® Consumer Discretionary Select Sector SPDR® Premium Income ETF,Nontraditional Equity,Large Blend,Derivative Income,0.35
XLFI,State Street® Financial Select Sector SPDR® Premium Income ETF,Nontraditional Equity,Large Value,Derivative Income,0.35
XLRI,State Street® Real Estate Select Sector SPDR® Premium Income ETF,Nontraditional Equity,Mid Blend,Derivative Income,0.35
XLUI,State Street® Utilities Select Sector SPDR® Premium Income ETF,Nontraditional Equity,Mid Value,Derivative Income,0.35
XLBI,State Street® Materials Select Sector SPDR® Premium Income ETF,Nontraditional Equity,Mid Blend,Derivative Income,0.35
DANA,Dana Limited Volatility ETF,Taxable Bond,--,Short-Term Bond,0.35
SCNM,Sterling Capital National Municipal Bond ETF,Municipal Bond,--,Muni National Interm,0.35
MMMA,NYLI MacKay Muni Allocation ETF,Municipal Bond,--,Muni National Long,0.35
LQID,Kurv Enhanced Short Maturity ETF,Taxable Bond,--,Ultrashort Bond,0.35
XDEF,Xtrackers Europe Defense Technologies ETF,Sector Equity,Large Growth,Industrials,0.35
YCLO,Franklin BSP CLO ETF,Taxable Bond,--,Securitized Bond - Focused,0.35
IBHM,iShares iBonds 2033 Term High Yield and Income ETF,Taxable Bond,--,High Yield Bond,0.35
DIPR,Corgi Space & Satellite Communications ETF,Sector Equity,Mid Growth,Industrials,0.35
PTNT,Corgi IP Licensing & Royalties ETF,International Equity,Mid Blend,Global Large-Stock Blend,0.35
JOUL,Corgi High Voltage Grid Equipment ETF,Sector Equity,Mid Growth,Industrials,0.35
GASZ,Corgi Natural Gas Power & Turbines ETF,Sector Equity,Mid Blend,Industrials,0.35
LQDW,iShares Investment Grade Corporate Bond Buywrite Strategy ETF,Taxable Bond,--,Corporate Bond,0.34
MFSB,MFS Active Core Plus Bond ETF,Taxable Bond,--,Intermediate Core-Plus Bond,0.34
MFSM,MFS Active Intermediate Muni Bond ETF,Municipal Bond,--,Muni National Interm,0.34
TCAL,T. Rowe Price Capital Appreciation Premium Income ETF,Nontraditional Equity,Large Blend,Derivative Income,0.34
SCSB,Sterling Capital Short Duration Bond ETF,Taxable Bond,--,Short-Term Bond,0.33
RESM,Columbia Research Enhanced Small Cap ETF,U.S. Equity,Small Blend,Small Blend,0.32
REFA,Columbia Research Enhanced International Equity ETF,International Equity,Large Blend,Foreign Large Blend,0.32
REMC,Columbia Research Enhanced Mid Cap ETF,U.S. Equity,Mid Blend,Mid-Cap Blend,0.32
NCPB,Nuveen Core Plus Bond ETF,Taxable Bond,--,Intermediate Core-Plus Bond,0.31
APLU,Allspring Core Plus ETF,Taxable Bond,Small Value,Intermediate Core-Plus Bond,0.31
VRIG,Invesco Variable Rate Investment Grade ETF,Taxable Bond,--,Ultrashort Bond,0.3
FLMI,Franklin Dynamic Municipal Bond ETF,Municipal Bond,--,High Yield Muni,0.3
FLMB,Franklin Municipal Green Bond ETF,Municipal Bond,--,Muni National Long,0.3
MMIT,NYLI MacKay Muni Intermediate ETF,Municipal Bond,--,Muni National Interm,0.3
MMIN,NYLI MacKay Muni Insured ETF,Municipal Bond,--,Muni National Long,0.3
INMU,iShares Intermediate Muni Income Active ETF,Municipal Bond,--,Muni National Interm,0.3
FCSH,Federated Hermes Short Duration Corporate ETF,Taxable Bond,--,Short-Term Bond,0.3
GTOS,Invesco Short Duration Total Return Bond ETF,Taxable Bond,--,Short-Term Bond,0.3
NUMI,Nuveen Municipal Income ETF,Municipal Bond,--,Muni National Interm,0.3
PQNT,Pictet AI Enhanced International Equity ETF,International Equity,Large Blend,Foreign Large Blend,0.3
SCUB,Sterling Capital Ultra Short Bond ETF,Taxable Bond,--,Ultrashort Bond,0.3
EMMY,Corgi Emerging Markets Equities 15% Structured Buffer ETF - May Series,Nontraditional Equity,Large Blend,Defined Outcome,0.3
QQJN,Corgi Growth & Technology 15% Structured Buffer ETF - June Series,Nontraditional Equity,Large Growth,Defined Outcome,0.3
HJUN,Corgi U.S. Equities 100% Structured Buffer ETF - June Series,Nontraditional Equity,Large Blend,Defined Outcome,0.3
QJN,Corgi Growth & Technology 10% Structured Buffer ETF - June Series,Nontraditional Equity,Large Growth,Defined Outcome,0.3
RMHY,Global X Adaptive Risk Managed High Yield ETF,Taxable Bond,--,Multisector Bond,0.3
SCJL,Corgi U.S. Small-Cap 15% Structured Buffer ETF - July Series,Nontraditional Equity,Small Blend,Defined Outcome,0.3
EMJL,Corgi Emerging Markets Equities 15% Structured Buffer ETF - July Series,Nontraditional Equity,Large Blend,Defined Outcome,0.3
QJL,Corgi Growth & Technology 10% Structured Buffer ETF - July Series,Nontraditional Equity,Large Growth,Defined Outcome,0.3
QQJL,Corgi Growth & Technology 15% Structured Buffer ETF - July Series,Nontraditional Equity,Large Growth,Defined Outcome,0.3
HAUG,Corgi U.S. Equities 100% Structured Buffer ETF - August Series,Nontraditional Equity,--,Defined Outcome,0.3
CAUG,Corgi U.S. Equities 15% Structured Buffer ETF - August Series,Nontraditional Equity,--,Defined Outcome,0.3
EMAU,Corgi Emerging Markets Equities 15% Structured Buffer ETF - August Series,Nontraditional Equity,--,Defined Outcome,0.3
IDAU,Corgi International Developed Equities 15% Structured Buffer ETF - August Series,Nontraditional Equity,--,Defined Outcome,0.3
SCAU,Corgi U.S. Small-Cap 15% Structured Buffer ETF - August Series,Nontraditional Equity,--,Defined Outcome,0.3
PBP,Invesco S&P 500 BuyWrite ETF,Nontraditional Equity,Large Blend,Derivative Income,0.29
HIDE,Alpha Architect High Inflation And Deflation ETF,Nontraditional Equity,Mid Blend,Equity Hedged,0.29
PCLO,Virtus SEIX AAA Private Credit CLO ETF,Taxable Bond,--,Securitized Bond - Focused,0.29
JHCR,JHancock Core Bond ETF,Taxable Bond,--,Intermediate Core Bond,0.29
MUNX,AMG GW&K Muni Income ETF,Municipal Bond,--,Muni National Interm,0.29
PZA,Invesco National AMT-Free Municipal Bond ETF,Municipal Bond,--,Muni National Long,0.28
PWZ,Invesco California AMT-Free Municipal Bond ETF,Municipal Bond,--,Muni California Long,0.28
TAFM,AB Tax-Aware Intermediate Municipal ETF,Municipal Bond,--,Muni National Interm,0.28
TAFL,AB Tax-Aware Long Municipal ETF,Municipal Bond,--,Muni National Long,0.28
SECR,NYLI MacKay Securitized Income ETF,Taxable Bond,--,Securitized Bond - Diversified,0.28
TAFI,AB Tax-Aware Short Duration Municipal ETF,Municipal Bond,--,Muni National Short,0.27
CAM,AB California Intermediate Municipal ETF,Municipal Bond,--,Muni Single State Short,0.27
NYM,AB New York Intermediate Municipal ETF,Municipal Bond,--,Muni Single State Short,0.27
BCI,abrdn Bloomberg All Commodity Strategy K-1 Free ETF,Commodities,--,Commodities Broad Basket,0.26
NCLO,Nuveen AA-BBB CLO ETF,Taxable Bond,--,Securitized Bond - Focused,0.26
GTOC,Invesco Core Fixed Income ETF,Taxable Bond,--,Intermediate Core Bond,0.26
PVI,Invesco Floating Rate Municipal Income ETF,Municipal Bond,--,Muni National Short,0.25
MMSD,NYLI MacKay Muni Short Duration ETF,Municipal Bond,--,Muni National Short,0.25
INVG,GMO Systematic Investment Grade Credit ETF,Taxable Bond,--,Corporate Bond,0.25
ETHB,Ishares Staked Ethereum Trust ETF,Miscellaneous,--,Digital Assets,0.25
CLOO,NYLI Investment Grade CLO ETF,Taxable Bond,--,Securitized Bond - Focused,0.25
TPUT,T. Rowe Price Capital Appreciation Market Opportunities ETF,Allocation,--,Miscellaneous Allocation,0.25
FECM,First Eagle Core Municipal ETF,Municipal Bond,--,Muni National Interm,0.25
EMHC,State Street® SPDR® Bloomberg Emerging Markets USD Bond ETF,Taxable Bond,--,Emerging Markets Bond,0.23
BLST,Bluemonte Short Term Bond ETF,Taxable Bond,--,Short-Term Bond,0.23
BLTD,Bluemonte Long Term Bond ETF,Taxable Bond,--,Long-Term Bond,0.23
BDBT,Bluemonte Core Bond ETF,Taxable Bond,--,Intermediate Core Bond,0.23
PFIG,Invesco Fundamental Investment Grade Corporate Bond ETF,Taxable Bond,--,Corporate Bond,0.22
GRNB,VanEck Green Bond ETF,Taxable Bond,Mid Growth,Global Bond,0.2
KCSH,Kraneshares Sustainable Ultra Short Duration Index ETF,Taxable Bond,--,Ultrashort Bond,0.2
MYMH,State Street® My2028 Municipal Bond ETF,Municipal Bond,--,Muni Target Maturity,0.2
MYMF,State Street® My2026 Municipal Bond ETF,Municipal Bond,--,Muni Target Maturity,0.2
MYMJ,State Street® My2030 Municipal Bond ETF,Municipal Bond,--,Muni Target Maturity,0.2
MYMI,State Street® My2029 Municipal Bond ETF,Municipal Bond,--,Muni Target Maturity,0.2
MYMG,State Street® My2027 Municipal Bond ETF,Municipal Bond,--,Muni Target Maturity,0.2
AFIX,Allspring Broad Market Core Bond ETF,Taxable Bond,--,Intermediate Core Bond,0.2
MYMK,State Street® My2031 Municipal Bond ETF,Municipal Bond,--,Muni Target Maturity,0.2
TLDR,The Laddered T-Bill ETF,Taxable Bond,--,Ultrashort Bond,0.2
WX,Corgi All World 2x Daily ETF,Miscellaneous,--,Trading--Leveraged Equity,0.2
AAA,Alternative Access First Priority CLO Bond ETF,Taxable Bond,--,Securitized Bond - Focused,0.19
IND,Xtrackers Nifty 500 India ETF,International Equity,Large Blend,India Equity,0.19
DWWN,Principal Long Duration ETF,Taxable Bond,--,Long Government,0.19
RIZE,Principal Inflation Protection ETF,Taxable Bond,--,Short-Term Inflation-Protected Bond,0.19
UUPP,Principal CLO ETF,Taxable Bond,--,Securitized Bond - Focused,0.19
TDTF,FlexShares iBoxx 5-Year Target Duration TIPS Index Fund,Taxable Bond,--,Inflation-Protected Bond,0.18
TDTT,FlexShares iBoxx 3-Year Target Duration TIPS Index Fund,Taxable Bond,--,Short-Term Inflation-Protected Bond,0.18
BSMR,Invesco BulletShares (R) 2027 Municipal Bond ETF,Municipal Bond,--,Muni Target Maturity,0.18
BSMS,Invesco BulletShares (R) 2028 Municipal Bond ETF,Municipal Bond,--,Muni Target Maturity,0.18
BSMQ,Invesco BulletShares (R) 2026 Municipal Bond ETF,Municipal Bond,--,Muni Target Maturity,0.18
BSMT,Invesco BulletShares 2029 Municipal Bond ETF,Municipal Bond,--,Muni Target Maturity,0.18
BSMW,Invesco Bulletshares 2032 Municipal Bond ETF,Municipal Bond,--,Muni Target Maturity,0.18
IBMR,iShares iBonds Dec 2029 Term Muni Bond ETF,Municipal Bond,--,Muni Target Maturity,0.18
BSMY,Invesco Bulletshares 2034 Municipal Bond ETF,Municipal Bond,--,Muni Target Maturity,0.18
AUSM,Allspring Ultra Short Municipal ETF,Municipal Bond,--,Muni National Short,0.18
BSMZ,Invesco BulletShares 2035 Municipal Bond ETF,Municipal Bond,--,Muni Target Maturity,0.18
CLOC,AAM Crescent Clo ETF,Taxable Bond,--,Securitized Bond - Focused,0.18
IBMV,iShares iBonds Dec 2033 Term Muni Bond ETF,Municipal Bond,--,Muni Target Maturity,0.18
IBMU,iShares iBonds Dec 2032 Term Muni Bond ETF,Municipal Bond,--,Muni Target Maturity,0.18
IBMW,iShares iBonds Dec 2034 Term Muni Bond ETF,Municipal Bond,--,Muni Target Maturity,0.18
IBMX,iShares iBonds Dec 2035 Term Muni Bond ETF,Municipal Bond,--,Muni Target Maturity,0.18
FUSD,Federated Hermes Ultrashort Bond ETF,Taxable Bond,Small Value,Ultrashort Bond,0.18
NUSB,Nuveen Ultra Short Income ETF,Taxable Bond,--,Ultrashort Bond,0.17
TRUR,Vaneck Real Estate TruSector ETF,Sector Equity,Mid Blend,Real Estate,0.17
SCCR,Schwab® Core Bond ETF,Taxable Bond,--,Intermediate Core Bond,0.16
RVNU,Xtrackers Municipal Infrastructure Revenue Bond Active ETF,Municipal Bond,--,Muni National Long,0.15
FLUD,Franklin Ultra Short Bond ETF,Taxable Bond,--,Ultrashort Bond,0.15
MYCL,State Street® My2032 Corporate Bond ETF,Taxable Bond,--,Target Maturity,0.15
MYCK,State Street® My2031 Corporate Bond ETF,Taxable Bond,--,Target Maturity,0.15
MYCF,State Street® My2026 Corporate Bond ETF,Taxable Bond,--,Target Maturity,0.15
MYCI,State Street® My2029 Corporate Bond ETF,Taxable Bond,--,Target Maturity,0.15
MYCH,State Street® My2028 Corporate Bond ETF,Taxable Bond,--,Target Maturity,0.15
MYCN,State Street® My2034 Corporate Bond ETF,Taxable Bond,--,Target Maturity,0.15
MYCM,State Street® My2033 Corporate Bond ETF,Taxable Bond,--,Target Maturity,0.15
MYCG,State Street® My2027 Corporate Bond ETF,Taxable Bond,--,Target Maturity,0.15
MYCJ,State Street® My2030 Corporate Bond ETF,Taxable Bond,--,Target Maturity,0.15
LODI,AAM SLC Low Duration Income ETF,Taxable Bond,--,Short-Term Bond,0.15
GXIG,Global X Investment Grade Corporate Bond ETF,Taxable Bond,--,Corporate Bond,0.15
MYCO,State Street® My2035 Corporate Bond ETF,Taxable Bond,--,Target Maturity,0.15
LQ,Simplify Tax Aware Alternatives ETF,Alternative,--,Multistrategy,0.15
DINE,Simplify Tax Aware Diversified Income Strategy ETF,Alternative,--,Multistrategy,0.15
CHYG,Corgi 0-5 Year High Yield Corporate Bond ETF,Taxable Bond,--,High Yield Bond,0.15
IGBH,iShares Interest Rate Hedged Long-Term Corporate Bond ETF,Taxable Bond,--,Ultrashort Bond,0.14
NUSA,Nuveen ESG 1-5 Year U.S. Aggregate Bond ETF,Taxable Bond,--,Short-Term Bond,0.14
SCUS,Schwab Ultra-Short Income ETF,Taxable Bond,--,Ultrashort Bond,0.14
IIGD,Invesco Investment Grade Defensive ETF,Taxable Bond,--,Short-Term Bond,0.13
SPIP,State Street® SPDR® Portfolio TIPS ETF,Taxable Bond,--,Inflation-Protected Bond,0.12
SUSB,iShares ESG 1-5 Year USD Corporate Bond ETF,Taxable Bond,--,Short-Term Bond,0.12
IBDR,iShares iBonds Dec 2026 Term Corporate ETF,Taxable Bond,--,Target Maturity,0.1
IBDS,iShares iBonds Dec 2027 Term Corporate ETF,Taxable Bond,--,Target Maturity,0.1
IBDT,iShares iBonds Dec 2028 Term Corporate ETF,Taxable Bond,--,Target Maturity,0.1
IBDU,iShares iBonds Dec 2029 Term Corporate ETF,Taxable Bond,--,Target Maturity,0.1
IBDX,iShares iBonds Dec 2032 Term Corporate ETF,Taxable Bond,--,Target Maturity,0.1
IBDY,Shares iBonds Dec 2033 Term Corporate ETF,Taxable Bond,--,Target Maturity,0.1
IBII,iShares iBonds Oct 2032 Term TIPS ETF,Taxable Bond,--,Target Maturity,0.1
IBIJ,iShares iBonds Oct 2033 Term TIPS ETF,Taxable Bond,--,Target Maturity,0.1
IBIK,iShares iBonds Oct 2034 Term TIPS ETF,Taxable Bond,--,Target Maturity,0.1
FPAS,FPA Short Duration Government ETF,Taxable Bond,--,Short Government,0.1
LDRI,iShares iBonds 1-5 Year TIPS Ladder ETF,Taxable Bond,--,Short-Term Inflation-Protected Bond,0.1
LDRC,iShares iBonds 1-5 Year Corporate Ladder ETF,Taxable Bond,--,Short-Term Bond,0.1
IBIL,iShares iBonds Oct 2035 Term TIPS ETF,Taxable Bond,--,Target Maturity,0.1
IBCA,iShares iBonds Dec 2035 Term Corporate ETF,Taxable Bond,--,Target Maturity,0.1
IBIM,iShares iBonds Oct 2036 Term TIPS ETF,Taxable Bond,--,Target Maturity,0.1
IBCB,iShares iBonds Dec 2036 Term Corporate ETF,Taxable Bond,--,Target Maturity,0.1
QNDX,State Street® SPDR® Portfolio Nasdaq® 100 ETF,U.S. Equity,Large Growth,Large Blend,0.1
TRUU,Vaneck Utilities TruSector ETF,Sector Equity,Mid Value,Utilities,0.1
IQQ,iShares Nasdaq 100 ETF,U.S. Equity,Large Growth,Large Growth,0.1
NHYB,Nuveen High Yield Corporate Bond ETF,Taxable Bond,--,High Yield Bond,0.08
NXUS,Nuveen International Aggregate Bond ETF,Taxable Bond,--,Global Bond-USD Hedged,0.08
SCHH,Schwab U.S. REIT ETF™,Sector Equity,Mid Blend,Real Estate,0.07
IBTO,iShares iBonds Dec 2033 Term Treasury ETF,Taxable Bond,--,Target Maturity,0.07
IBTP,iShares iBonds Dec 2034 Term Treasury ETF,Taxable Bond,--,Target Maturity,0.07
IBGA,iShares iBonds Dec 2044 Term Treasury ETF,Taxable Bond,--,Target Maturity,0.07
LDRT,iShares iBonds 1-5 Year Treasury Ladder ETF,Taxable Bond,--,Short Government,0.07
IBGB,iShares iBonds Dec 2045 Term Treasury ETF,Taxable Bond,--,Target Maturity,0.07
IBTQ,iShares iBonds Dec 2035 Term Treasury ETF,Taxable Bond,--,Target Maturity,0.07
TOT,Lionshares U.S. Equity Total Return ETF,U.S. Equity,Large Blend,Large Blend,0.07
IBTR,iShares iBonds Dec 2036 Term Treasury ETF,Taxable Bond,--,Target Maturity,0.07
IBGC,iShares iBonds Dec 2046 Term Treasury ETF,Taxable Bond,--,Target Maturity,0.07
BSTS,Invesco Bulletshares 2028 Treasury Bond ETF,Taxable Bond,--,Target Maturity,0.07
BSGR,Invesco Bulletshares 2027 Treasury Bond ETF,Taxable Bond,--,Target Maturity,0.07
BSGT,Invesco Bulletshares 2029 Treasury Bond ETF,Taxable Bond,--,Target Maturity,0.07
BSTU,Invesco Bulletshares 2030 Treasury Bond ETF,Taxable Bond,--,Target Maturity,0.07
BSTV,Invesco Bulletshares 2031 Treasury Bond ETF,Taxable Bond,--,Target Maturity,0.07
SPHY,State Street® SPDR® Portfolio High Yield Bond ETF,Taxable Bond,Small Value,High Yield Bond,0.05
SPTU,State Street® SPDR® Portfolio Ultra Short T-Bill ETF,Taxable Bond,--,Ultrashort Bond,0.05
GOVM,iShares 1-10 Year Treasury Bond ETF,Taxable Bond,--,Intermediate Government,0.05
CUST,Corgi 1-3 Year Treasury Bond ETF,Taxable Bond,--,Short Government,0.05
CIVG,Corgi 1-5 Year Investment Grade Corporate Bond ETF,Taxable Bond,--,Corporate Bond,0.05
CBIL,Corgi 3-12 Month T-Bill ETF,Taxable Bond,--,Short Government,0.05
CGOV,Corgi 0-3 Month T-Bill ETF,Taxable Bond,--,Ultrashort Bond,0.05
CIEI,Corgi 3-7 Year Treasury Bond ETF,Taxable Bond,--,Intermediate Government,0.05
SPAB,State Street® SPDR® Portfolio Aggregate Bond ETF,Taxable Bond,--,Intermediate Core Bond,0.03
SPTL,State Street® SPDR® Portfolio Long Term Treasury ETF,Taxable Bond,--,Long Government,0.03
SCHO,Schwab Short-Term U.S. Treasury ETF™,Taxable Bond,--,Short Government,0.03
SCHR,Schwab Intermediate-Term U.S. Treasury ETF™,Taxable Bond,--,Intermediate Government,0.03
SCHJ,Schwab 1-5 Year Corporate Bond ETF,Taxable Bond,--,Short-Term Bond,0.03
SMBS,Schwab® Mortgage-Backed Securities ETF,Taxable Bond,--,Government Mortgage-Backed Bond,0.03
GBHI,Gabelli High Income ETF,Taxable Bond,Mid Value,High Yield Bond,0.01
Highlighted cells have been user-added and may not meet the criteria included in the screen.,,,,,
The data and information in this spreadsheet is provided to you solely for your use and is not for distribution.,,,,,
"The spreadsheet is provided for informational purposes only, and is not intended to provide advice, nor should it be construed ",,,,,
"as an offer to sell, a solicitation of an offer to buy or a recommendation for any security by Fidelity or any third party.",,,,,
Data and information shown is based on information known to Fidelity as of the date it was exported and is subject to change.,,,,,
"For more information on the data included in this spreadsheet, including any limitations thereof, go to Fidelity.com.",,,,,
Performance data quoted represents past performance and the return and principal value of an investment will fluctuate ,,,,,
so that an investor's shares when redeemed may be worth more or less than their original cost.,,,,,
"Brokerage services are provided by Fidelity Brokerage Services LLC, 900 Salem Street, Smithfield RI 02917.",,,,,
Custody and other services provided by National Financial Servicess LLC.,,,,,
"Both are Fidelity Investment companies and members SIPC, NYSE.",,,,,
AS OF 03:12 AM ET 08/11/2026 Quotes delayed at least 15 minutes.,,,,,
LBO,WHITEWOLF Publicly Listed Private Equity ETF,Sector Equity,Mid Value,Financial,6.53
EHLS,Even Herd Long Short ETF,Nontraditional Equity,Small Growth,Long-Short Equity,3.35
CEFS,Saba Closed-End Funds ETF,Alternative,Large Blend,Event Driven,2.61
MKTN,Federated Hermes MDT Market Neutral ETF,Alternative,Mid Blend,Equity Market Neutral,1.94
WBIG,WBI BullBear Yield 3000 ETF,Allocation,Mid Value,Tactical Allocation,1.59
APHU,T-Rex 2x Long Aph Daily Target ETF,Miscellaneous,--,Trading--Leveraged Equity,1.5
OCNL,T-REX 2X Long DOCN Daily Target ETF,Miscellaneous,--,Trading--Leveraged Equity,1.5
XYZY,YieldMax XYZ Option Income Strategy ETF,Nontraditional Equity,--,Derivative Income,1.36
ULTY,YieldMax Ultra Option Income Strategy ETF,Nontraditional Equity,Large Growth,Derivative Income,1.3
URAA,Direxion Daily Uranium Bull 2X ETF,Miscellaneous,Mid Growth,Trading--Leveraged Equity,1.3
CCOR,Core Alternative ETF,Nontraditional Equity,Large Value,Equity Hedged,1.29
CWEB,Direxion Daily CSI China Internet Bull 2X Shares,Miscellaneous,Large Blend,Trading--Leveraged Equity,1.27
PLGI,PL Growth and Income ETF,Allocation,Large Blend,Tactical Allocation,1.25
BUFT,FT Vest Buffered Allocation Defensive ETF,Nontraditional Equity,Large Blend,Defined Outcome,1.21
LBAY,Leatherback Long/Short Alternative Yield ETF,Nontraditional Equity,Mid Value,Long-Short Equity,1.2
KEO,Kurv Equity Option Income ETF,Nontraditional Equity,--,Derivative Income,1.19
MSFL,GraniteShares 2x Long MSFT Daily ETF,Miscellaneous,--,Trading--Leveraged Equity,1.15
IFV,First Trust Dorsey Wright International Focus 5 ETF,International Equity,Large Value,Foreign Large Blend,1.14
LCO,Logiq Contrarian Opportunities ETF,Allocation,Large Blend,Moderate Allocation,1.13
THMR,THOR AdaptiveRisk Dynamic ETF,Allocation,Large Blend,Tactical Allocation,1.1
USDX,SGI Enhanced Core ETF,Taxable Bond,--,Intermediate Core Bond,1.08
ANV,Graniteshares Autocallable Nvda ETF,Nontraditional Equity,--,Derivative Income,1.07
FINY,Graniteshares YieldBOOST Financials ETF,Nontraditional Equity,--,Derivative Income,1.07
AHD,Graniteshares Autocallable Hood ETF,Nontraditional Equity,--,Derivative Income,1.07
PLA,Graniteshares Autocallable Pltr ETF,Nontraditional Equity,--,Derivative Income,1.07
BAMU,Brookstone Ultra-Short Bond ETF,Taxable Bond,--,Ultrashort Bond,1.05
MSFX,T-Rex 2X Long Microsoft Daily Target ETF,Miscellaneous,Large Value,Trading--Leveraged Equity,1.05
YANG,Direxion Daily FTSE China Bear 3X Shares,Miscellaneous,--,Trading--Inverse Equity,1.03
BAMB,Brookstone Intermediate Bond ETF,Taxable Bond,--,Intermediate Core Bond,1.03
BRKU,Direxion Daily BRKB Bull 2X Shares,Miscellaneous,Large Value,Trading--Leveraged Equity,1.02
WRTH,Worth Charting Options Income ETF,Nontraditional Equity,--,Derivative Income,1.02
MUU,Direxion Daily MU Bull 2X Shares,Miscellaneous,Large Growth,Trading--Leveraged Equity,1.01
LOTI,Liberty One Tactical Income ETF,Allocation,Large Value,Moderate Allocation,1.01
FIZY,Fitz-Gerald Must Have Portfolio and Options Overlay ETF,Nontraditional Equity,--,Derivative Income,1.01
TAGS,Teucrium Agricultural Fund,Commodities,--,Commodities Focused,1.0
KPRO,KraneShares 100% KWEB Defined Outcome January 2027 ETF,Nontraditional Equity,Large Blend,Defined Outcome,1.0
BABW,Roundhill BABA WeeklyPay ETF,Miscellaneous,Large Value,Trading--Miscellaneous,1.0
BESO,GSR Crypto Core3 ETF,Miscellaneous,--,Digital Assets,1.0
SARK,Tradr 1X Short Innovation Daily ETF,Miscellaneous,--,Trading--Inverse Equity,0.99
AAPY,Kurv Yield Premium Strategy Apple ETF,Nontraditional Equity,--,Derivative Income,0.99
RSSY,Return Stacked® U.S. Stocks & Futures Yield ETF,Alternative,Large Blend,Multi-Asset Overlay,0.99
HOOY,YieldMax HOOD Option Income Strategy ETF,Nontraditional Equity,--,Derivative Income,0.99
UFOD,Tuttle Capital UFO Disclosure ETF,U.S. Equity,Mid Growth,Large Blend,0.99
KHPI,Kensington Hedged Premium Income ETF,Nontraditional Equity,Large Blend,Derivative Income,0.98
NEHI,NEOS Ethereum High Income ETF,Miscellaneous,--,Digital Assets,0.98
MUIB,Direxion MU Defined Income Boost ETF,Nontraditional Equity,Large Growth,Derivative Income,0.97
GOIB,Direxion GOOGL Defined Income Boost ETF,Nontraditional Equity,Large Value,Derivative Income,0.97
TSIB,Direxion TSLA Defined Income Boost ETF,Nontraditional Equity,Large Growth,Derivative Income,0.97
NVIB,Direxion NVDA Defined Income Boost ETF,Nontraditional Equity,Large Growth,Derivative Income,0.97
TIME,Clockwise U.S. Core Equity ETF,U.S. Equity,Large Blend,Large Growth,0.96
GLIX,Lazard Listed Infrastructure ETF,Sector Equity,Mid Value,Infrastructure,0.96
PSQ,ProShares Short QQQ,Miscellaneous,--,Trading--Inverse Equity,0.95
TBF,ProShares Short 20+ Year Treasury,Miscellaneous,--,Trading--Inverse Debt,0.95
TSEP,FT Vest Emerging Markets Buffer ETF - September,Nontraditional Equity,--,Defined Outcome,0.95
TDEC,FT Vest Emerging Markets Buffer ETF - December,Nontraditional Equity,Large Blend,Defined Outcome,0.95
TMAR,FT Vest Emerging Markets Buffer ETF - March,Nontraditional Equity,Large Blend,Defined Outcome,0.95
RW,Rainwater Equity ETF,International Equity,Large Growth,Global Large-Stock Growth,0.95
TOAO,Twin Oak Active Opportunities III ETF,Allocation,Large Growth,Moderate Allocation,0.95
HRSK,Toews Agility Shares Hedged Risk ETF,Nontraditional Equity,Large Blend,Equity Hedged,0.95
JDST,Direxion Daily Junior Gold Miners Index Bear 2X Shares,Miscellaneous,--,Trading--Inverse Equity,0.92
ZTAX,X-Square Municipal Income Tax Free ETF,Municipal Bond,--,Muni National Interm,0.92
GOLY,Strategy Shares Gold-Hedged Bond ETF,Commodities,--,Commodities Broad Basket,0.9
YJUN,FT Vest International Equity Moderate Buffer ETF – June,Nontraditional Equity,Large Blend,Defined Outcome,0.9
SNOV,FT Vest U.S. Small Cap Moderate Buffer ETF - November,Nontraditional Equity,Small Blend,Defined Outcome,0.9
SFEB,FT Vest U.S. Small Cap Moderate Buffer ETF – February,Nontraditional Equity,Small Blend,Defined Outcome,0.9
QMMY,FT Vest NASDAQ-100 Moderate Buffer ETF - May,Nontraditional Equity,Large Growth,Defined Outcome,0.9
QCJL,FT Vest NASDAQ-100 Conservative Buffer ETF - July,Nontraditional Equity,Large Growth,Defined Outcome,0.9
QMAG,FT Vest Nasdaq-100 Moderate Buffer ETF - August,Nontraditional Equity,Large Growth,Defined Outcome,0.9
QMNV,FT Vest Nasdaq-100® Moderate Buffer ETF – November,Nontraditional Equity,Large Growth,Defined Outcome,0.9
CLIM,Climate Resilient US REIT Index ETF,Sector Equity,--,Real Estate,0.9
HWO,Hotchkis & Wiley Opportunities Fund ETF Class,U.S. Equity,Mid Value,Mid-Cap Value,0.9
BFRZ,Innovator Equity Managed 100 Buffer ETF,Nontraditional Equity,Large Blend,Defined Outcome,0.89
DVXP,WEBs Consumer Staples XLP Defined Volatility ETF,Sector Equity,Large Value,Consumer Defensive,0.89
AVRY,Avory Foundational ETF,U.S. Equity,Mid Blend,Large Blend,0.89
CAS,Simplify China A Shares PLUS Income ETF,International Equity,--,Greater China Region,0.88
EPMV,Harbor Mid Cap Value ETF,U.S. Equity,Mid Blend,Mid-Cap Value,0.88
EPMB,Harbor Mid Cap Core ETF,U.S. Equity,Mid Blend,Mid-Cap Blend,0.88
INDQ,Pacer Activealpha India Quality ETF,International Equity,Large Growth,India Equity,0.88
HEGD,Swan Hedged Equity US Large Cap ETF,Nontraditional Equity,Large Blend,Equity Hedged,0.87
JAPN,Horizon Kinetics Japan Owner Operator ETF,International Equity,Small Growth,Japan Stock,0.85
MANI,Man Active Income ETF,Taxable Bond,Small Value,Multisector Bond,0.85
HYP,Golden Eagle Dynamic Hypergrowth ETF,U.S. Equity,Small Growth,Large Growth,0.85
EASY,Liberty One Defensive Dividend Growth ETF,U.S. Equity,Large Value,Large Blend,0.85
ARWG,Archer Growth ETF,U.S. Equity,Mid Blend,Large Growth,0.85
EMSC,Sophus Capital Emerging Market Small Cap ETF,International Equity,Mid Blend,Diversified Emerging Mkts,0.85
TDAQ,TappAlpha Innovation 100 Growth & Daily Income ETF,Nontraditional Equity,Large Growth,Long-Short Equity,0.83
EZMO,Alphadroid Broad Markets Momentum ETF,U.S. Equity,Large Blend,Large Growth,0.83
CLSM,ETC Cabana Target Leading Sector Moderate ETF,Allocation,Large Blend,Tactical Allocation,0.82
FLN,First Trust Latin America AlphaDEX® Fund,International Equity,Large Value,Focused Region,0.8
ASMF,Virtus Alphasimplex Managed Futures ETF,Alternative,Large Blend,Systematic Trend,0.8
KMID,Virtus KAR Mid-Cap ETF,U.S. Equity,Mid Growth,Mid-Cap Growth,0.8
QALT,SEI DBi Multi-Strategy Alternative ETF,Alternative,Large Blend,Multistrategy,0.8
SGRW,Harbor Active Small Cap Growth ETF,U.S. Equity,Small Growth,Small Growth,0.8
NFRX,Harrison Street Infrastructure Active ETF,Sector Equity,Large Value,Infrastructure,0.8
BCEM,Baron Emerging Markets Select ETF,International Equity,Large Growth,Diversified Emerging Mkts,0.8
LAPR,Innovator Premium Income 15 Buffer ETF - April,Nontraditional Equity,--,Defined Outcome,0.79
APOC,Innovator Equity Defined Protection ETF - 6 Mo Apr/Oct,Nontraditional Equity,Large Blend,Defined Outcome,0.79
DEFR,Aptus Deferred Income ETF,Taxable Bond,Large Growth,Intermediate Core-Plus Bond,0.79
ZDEK,Innovator Equity Defined Protection ETF - 1 Yr December,Nontraditional Equity,Large Blend,Defined Outcome,0.79
ZFEB,Innovator Equity Defined Protection ETF - 1 Yr February,Nontraditional Equity,Large Blend,Defined Outcome,0.79
TAPR,Innovator Equity Defined Protection ETF - 2 Yr to April 2027,Nontraditional Equity,Large Blend,Defined Outcome,0.79
ZAPR,Innovator Equity Defined Protection ETF - 1 Yr April,Nontraditional Equity,Large Blend,Defined Outcome,0.79
ZMAY,Innovator Equity Defined Protection ETF - 1 Yr May,Nontraditional Equity,Large Blend,Defined Outcome,0.79
ACII,Innovator Index Autocallable Income Strategy ETF,Nontraditional Equity,--,Derivative Income,0.79
TOCT,Innovator Equity Defined Protection ETF - 2 Yr To October 2027,Nontraditional Equity,Large Blend,Defined Outcome,0.79
YLDW,Westwood Enhanced Income Opportunity ETF,Allocation,Large Value,Moderately Conservative Allocation,0.79
JANI,AllianzIM International Equity Buffer15 Uncapped Jan ETF,International Equity,Large Blend,Foreign Large Blend,0.79
BRES,Burney U.S. Equity Select ETF,U.S. Equity,Large Blend,Large Blend,0.79
XBFR,Innovator Equity Managed 10 Buffer ETF,Nontraditional Equity,Large Blend,Equity Hedged,0.79
NBFR,Innovator Nasdaq-100 Managed 10 Buffer ETF,Nontraditional Equity,Large Growth,Equity Hedged,0.79
ARLI,AllianzIM International Equity Buffer15 Uncapped Apr ETF,Nontraditional Equity,Large Blend,Defined Outcome,0.79
SMCP,SMART Mid Cap ETF,U.S. Equity,Small Growth,Mid-Cap Growth,0.79
SSCP,SMART Small Cap ETF,U.S. Equity,Small Blend,Small Growth,0.79
THOR,Thornburg Premium Income Builder ETF,International Equity,Large Value,Global Large-Stock Blend,0.79
JULI,AllianzIM International Equity Buffer15 Uncapped Jul ETF,Nontraditional Equity,Large Blend,Defined Outcome,0.79
ARIA,ARIA Opportunities ETF,International Equity,--,Global Large-Stock Blend,0.78
GARY,Mango Growth ETF,U.S. Equity,Large Growth,Large Growth,0.77
CNBS,Amplify Seymour Cannabis ETF,Sector Equity,Small Value,Miscellaneous Sector,0.76
MUSQ,MUSQ Global Music Industry Index ETF,Sector Equity,Mid Blend,Miscellaneous Sector,0.76
GAEM,Simplify Gamma Emerging Market Bond ETF,Taxable Bond,--,Emerging Markets Bond,0.76
KNRG,Simplify Kayne Anderson Energy and Infrastructure Credit ETF,Taxable Bond,--,Nontraditional Bond,0.76
ODTE,VegaShares SPX NDX RTY Premium Income ETF,Nontraditional Equity,Large Blend,Derivative Income,0.76
AMEI,Amana Equity Income ETF,U.S. Equity,Large Blend,Large Value,0.76
DBB,Invesco DB Base Metals Fund,Commodities,--,Commodities Focused,0.75
CTA,Simplify Managed Futures Strategy ETF,Alternative,--,Systematic Trend,0.75
POW,VistaShares Electrification Supercycle ETF,Sector Equity,Mid Growth,Industrials,0.75
SBAR,Simplify Barrier Income ETF,Nontraditional Equity,--,Derivative Income,0.75
BLUI,Bluemonte Diversified Income ETF,Taxable Bond,Mid Value,Multisector Bond,0.75
CDIG,City Different Investments Global Equity ETF,International Equity,Mid Blend,Global Large-Stock Blend,0.75
OEI,Optimized Equity Income ETF,U.S. Equity,Large Blend,Large Value,0.75
BCSM,Baron SMID Cap ETF,U.S. Equity,Mid Growth,Mid-Cap Growth,0.75
BCGD,Baron Global Durable Advantage ETF,International Equity,Large Growth,Global Large-Stock Blend,0.75
FFF,Founders 100 ETF,U.S. Equity,Large Growth,Large Blend,0.75
INDZ,VanEck India Select ETF,International Equity,Large Growth,India Equity,0.75
IVSX,Applied Finance IVS International SMID ETF,International Equity,Mid Value,Foreign Small/Mid Blend,0.75
NASA,Tema Space Innovators ETF,U.S. Equity,Small Growth,Large Blend,0.75
IVEP,Dan IVES Wedbush AI Power & Infrastructure ETF,Sector Equity,Mid Growth,Industrials,0.75
CLUB,Bancreek Billionaires Club ETF,International Equity,Large Blend,Global Large-Stock Blend,0.75
HALX,Tuttle Capital Heavy Asset Low Obsolescence ETF,U.S. Equity,Mid Value,Large Blend,0.75
FITZ,Fitz-Gerald Must Have Portfolio ETF,U.S. Equity,Large Blend,Large Growth,0.75
PCPP,Porter & Company Porter Portfolio Index ETF,Allocation,Mid Blend,Global Moderate Allocation,0.75
IINC,Alki Consolidated Income ETF,Nontraditional Equity,Mid Value,Derivative Income,0.75
GALX,VistaShares Space Supercycle ETF,Sector Equity,Mid Growth,Technology,0.75
RTOO,VistaShares Robotics Supercycle ETF,Sector Equity,Mid Growth,Technology,0.75
WSMD,Wasatch Small/Mid Cap ETF,U.S. Equity,--,Mid-Cap Growth,0.75
CAIE,Calamos US Eq Autocallable Income ETF,Nontraditional Equity,--,Derivative Income,0.74
CAIQ,Calamos Nasdaq Autocallable Income ETF,Nontraditional Equity,--,Derivative Income,0.74
PAYM,TrueShares S&P Autocallable Defensive Income ETF,Nontraditional Equity,--,Derivative Income,0.74
QBQV,AllianzIM Growth-100 Buffer5 ETF,Nontraditional Equity,Large Growth,Defined Outcome,0.74
QBIF,AllianzIM International Equity Buffer15 ETF,Nontraditional Equity,Large Blend,Defined Outcome,0.74
QBIV,AllianzIM International Equity Buffer5 ETF,Nontraditional Equity,Large Blend,Defined Outcome,0.74
QBQF,AllianzIM Growth-100 Buffer15 ETF,Nontraditional Equity,Large Growth,Defined Outcome,0.74
QBKF,Allianzim U.S. Small Cap Buffer15 ETF,Nontraditional Equity,Small Blend,Defined Outcome,0.74
IOPP,Simplify Tara India Opportunities ETF,International Equity,Large Growth,India Equity,0.73
BGCG,Baillie Gifford International Concentrated Growth ETF,International Equity,Large Growth,Foreign Large Growth,0.72
TSPY,TappAlpha S&P 500 Growth & Daily Income ETF,Nontraditional Equity,Large Blend,Derivative Income,0.71
PGJ,Invesco Golden Dragon China ETF,International Equity,Large Value,Greater China Region,0.7
HEFT,Hedgeye Fourth Turning ETF,Nontraditional Equity,Mid Blend,Long-Short Equity,0.7
NISM,NYLI International Small-Mid Cap Equity ETF,International Equity,Mid Blend,Foreign Small/Mid Blend,0.7
LCTO,Kurv U.S. Large Cap TaxOptimized ETF,Nontraditional Equity,Large Blend,Derivative Income,0.7
BWQG,BWM Quality Growth ETF,U.S. Equity,Large Growth,Large Growth,0.7
HWIV,Hotchkis and Wiley International Value Fund ETF Class,International Equity,Large Value,Foreign Large Value,0.7
CPSD,Calamos S&P 500 Structured Alt Protection ETF - December,Nontraditional Equity,--,Defined Outcome,0.69
CPSY,Calamos S&P 500 Structured Alt Protection ETF - January,Nontraditional Equity,--,Defined Outcome,0.69
CPSF,Calamos S&P 500 Structured Alt Protection ETF - February,Nontraditional Equity,--,Defined Outcome,0.69
CPNM,Calamos Nasdaq-100 Structured Alt Protection ETF - March,Nontraditional Equity,--,Defined Outcome,0.69
CPSR,Calamos S&P 500 Structured Alt Protection ETF - March,Nontraditional Equity,--,Defined Outcome,0.69
CPSP,Calamos S&P 500 Structured Alt Protection ETF - April,Nontraditional Equity,--,Defined Outcome,0.69
AGIQ,Sofi Agentic AI ETF,Sector Equity,Large Growth,Technology,0.69
MHY,Man Active High Yield ETF,Taxable Bond,--,High Yield Bond,0.69
ACTS,FIS Tactical Equity ETF,International Equity,Mid Growth,Global Large-Stock Blend,0.69
FINX,Global X FinTech ETF,Sector Equity,Mid Growth,Technology,0.68
ARMY,Tema International Defense Innovation ETF,Sector Equity,Large Growth,Industrials,0.68
RSSX,Return Stacked U.S. Stocks & Gold/Bitcoin ETF,Alternative,Large Blend,Multi-Asset Overlay,0.67
PRNT,The 3D Printing ETF,Sector Equity,Small Value,Miscellaneous Sector,0.66
DIVL,Madison Dividend Value ETF,U.S. Equity,Large Value,Large Value,0.65
HCOW,Amplify COWS Covered Call ETF,Nontraditional Equity,Mid Value,Derivative Income,0.65
EAFG,Pacer Developed Markets Cash Cows Growth Leaders ETF,International Equity,Large Growth,Foreign Large Growth,0.65
BITY,Amplify Bitcoin 2% Monthly Option Income ETF,Miscellaneous,--,Digital Assets,0.65
AQLG,HCM Large Cap Growth ETF,U.S. Equity,Large Value,Large Growth,0.65
SCEP,Sterling Capital Hedged Equity Premium Income ETF,Nontraditional Equity,Large Blend,Equity Hedged,0.65
TSIC,Truth Social American Icons ETF,U.S. Equity,Large Value,Large Blend,0.65
BGUS,Baillie Gifford U.S. Equity Growth ETF,U.S. Equity,--,Large Growth,0.65
PYLD,PIMCO Multisector Bond Active Exchange-Traded Fund,Taxable Bond,--,Multisector Bond,0.64
AIOO,AllianzIM U.S. Equity Buffer100 Protection ETF,Nontraditional Equity,Large Blend,Defined Outcome,0.64
QBSF,AllianzIM U.S. Equity Buffer15 ETF,Nontraditional Equity,Large Blend,Defined Outcome,0.64
QBSV,AllianzIM U.S. Equity Buffer5 ETF,Nontraditional Equity,Large Blend,Defined Outcome,0.64
OAKG,Oakmark Global Large Cap ETF,International Equity,Large Value,Global Large-Stock Value,0.62
AMGR,Amana Growth ETF,U.S. Equity,Large Growth,Large Growth,0.61
EMIF,iShares Emerging Markets Infrastructure ETF,International Equity,Large Value,Diversified Emerging Mkts,0.6
NETL,Colterpoint Net Lease Real Estate ETF,Sector Equity,Small Value,Real Estate,0.6
BYRE,Principal Real Estate Active Opportunities ETF,Sector Equity,Mid Blend,Real Estate,0.6
EMOT,First Trust S&P 500 Economic Moat ETF,U.S. Equity,Large Blend,Large Blend,0.6
QTPI,North Square RCIM Tax-Advantaged Preferred and Income Securities ETF,Taxable Bond,--,Preferred Stock,0.6
VNIE,Vontobel International Equity Active ETF,International Equity,Large Growth,Foreign Large Growth,0.6
BLDX,Impax Global Sustainable Infrastructure ETF,Sector Equity,Large Blend,Infrastructure,0.6
IDVY,First Trust International Rising Dividend Achievers ETF,International Equity,Large Blend,Foreign Large Blend,0.6
EPHE,iShares MSCI Philippines ETF,International Equity,Large Value,Focused Region,0.59
BLDG,Cambria Global Real Estate ETF,Sector Equity,Small Value,Global Real Estate,0.59
RNMN,RiverNorth Market Neutral ETF,Sector Equity,--,Financial,0.59
SMTH,ALPS Smith Core Plus Bond ETF,Taxable Bond,--,Intermediate Core-Plus Bond,0.59
TYLD,Cambria Tactical Yield ETF,Taxable Bond,--,Multisector Bond,0.59
THNR,Amplify Weight Loss Drug & Treatment ETF,Sector Equity,Large Blend,Health,0.59
CSPF,Cohen & Steers Preferred and Income Opportunities Active ETF,Taxable Bond,--,Preferred Stock,0.59
STRN,SMART Trend 25 ETF,U.S. Equity,Large Growth,Large Blend,0.59
DPRE,Virtus Duff & Phelps Real Estate Income ETF,Sector Equity,Mid Blend,Real Estate,0.59
JELH,Janus Henderson Equity Linked High Income ETF,Nontraditional Equity,--,Derivative Income,0.59
JELM,Janus Henderson Equity Linked Moderate Income ETF,Nontraditional Equity,--,Derivative Income,0.59
TPFG,Timothy Plan Free Cash Flow Growth ETF,U.S. Equity,Large Growth,Large Growth,0.59
BGIA,Baillie Gifford International Alpha ETF,International Equity,Large Blend,Foreign Large Growth,0.59
RMRC,ARMOR Core Risk-Managed ETF,Allocation,Large Value,Tactical Allocation,0.58
MIVL,MFS Active International Value ETF,International Equity,Large Value,Foreign Large Value,0.57
NPFI,Nuveen Preferred And Income ETF,Taxable Bond,--,Preferred Stock,0.56
OBND,State Street® Loomis Sayles Opportunistic Bond ETF,Taxable Bond,Small Value,Multisector Bond,0.55
BPAY,iShares FinTech Active ETF,Sector Equity,Mid Growth,Financial,0.55
EFFI,Harbor Osmosis International Resource Efficient ETF,International Equity,Large Blend,Foreign Large Blend,0.55
INVN,Alger Russell Innovation ETF,U.S. Equity,Small Blend,Mid-Cap Blend,0.55
PGRI,Putnam International Stock ETF,International Equity,Large Growth,Foreign Large Growth,0.55
CVSM,Cresalta Small And Mid-Cap ETF,U.S. Equity,Small Value,Small Blend,0.55
ZINC,Zacks Income ETF,U.S. Equity,Mid Value,Large Value,0.55
MTRA,Invesco International Growth Focus ETF,International Equity,Large Growth,Foreign Large Growth,0.54
HIS,Humilis US Focused Opportunities ETF,U.S. Equity,Large Blend,Large Blend,0.54
PRXI,Praxis Impact International ETF,International Equity,Large Blend,Foreign Large Blend,0.54
JHHY,John Hancock High Yield ETF,Taxable Bond,--,High Yield Bond,0.52
TILC,Thrivent International Large Cap ETF,International Equity,Large Blend,Foreign Large Blend,0.52
USDU,WisdomTree Bloomberg U.S. Dollar Bullish Fund,Miscellaneous,--,Trading--Miscellaneous,0.51
KWIN,KraneShares Wahed Alternative Income Index ETF,U.S. Equity,Large Growth,Large Value,0.51
XDAT,Franklin Exponential Data ETF,Sector Equity,Large Growth,Technology,0.5
SIO,Touchstone Strategic Income ETF,Taxable Bond,Large Value,Multisector Bond,0.5
CLOZ,Eldridge BBB-B CLO ETF,Taxable Bond,--,Securitized Bond - Focused,0.5
PMMR,PGIM S&P 500 Max Buffer ETF - March,Nontraditional Equity,Large Blend,Defined Outcome,0.5
CFIT,Cambria Fixed Income Trend ETF,Taxable Bond,Small Value,Long-Term Bond,0.5
MMAX,iShares Large Cap Max Buffer Mar ETF,Nontraditional Equity,Large Blend,Defined Outcome,0.5
PMAP,PGIM S&P 500 Max Buffer ETF - April,Nontraditional Equity,Large Blend,Defined Outcome,0.5
PMMY,PGIM S&P 500 Max Buffer ETF - May,Nontraditional Equity,Large Blend,Defined Outcome,0.5
PMJN,PGIM S&P 500 Max Buffer ETF - June,Nontraditional Equity,--,Defined Outcome,0.5
PMJL,PGIM S&P 500 Max Buffer ETF - July,Nontraditional Equity,Large Blend,Defined Outcome,0.5
PMAU,PGIM S&P 500 Max Buffer ETF - August,Nontraditional Equity,Large Blend,Defined Outcome,0.5
PMSE,PGIM S&P 500 Max Buffer ETF - September,Nontraditional Equity,Large Blend,Defined Outcome,0.5
PMOC,PGIM S&P 500 Max Buffer ETF - October,Nontraditional Equity,Large Blend,Defined Outcome,0.5
PMNV,PGIM S&P 500 Max Buffer ETF - November,Nontraditional Equity,Large Blend,Defined Outcome,0.5
PMDE,PGIM S&P 500 Max Buffer ETF - December,Nontraditional Equity,Large Blend,Defined Outcome,0.5
CVGD,Cresalta Global Dividend ETF,International Equity,Large Value,Global Large-Stock Blend,0.5
PQX,PGIM S&P 500 Quarterly Buffer 10 ETF,Nontraditional Equity,Large Blend,Defined Outcome,0.5
PQXV,PGIM S&P 500 Quarterly Buffer 15 ETF,Nontraditional Equity,Large Blend,Defined Outcome,0.5
PQV,PGIM S&P 500 Quarterly Buffer 5 ETF,Nontraditional Equity,Large Blend,Defined Outcome,0.5
QFF,Qualivian Focus Fund ETF,U.S. Equity,Large Blend,Large Growth,0.5
EWK,iShares MSCI Belgium ETF,International Equity,Mid Growth,Focused Region,0.49
KEMQ,KraneShares Public-Private Emerging Markets Internet and Technology ETF,International Equity,Large Blend,Diversified Emerging Mkts,0.49
FMNY,First Trust New York High Income Municipal ETF,Municipal Bond,--,Muni New York Long,0.49
ODDS,Pacer BlueStar Digital Entertainment ETF,Sector Equity,Mid Growth,Technology,0.49
MBSF,Regan Floating Rate MBS ETF,Taxable Bond,--,Government Mortgage-Backed Bond,0.49
LCOW,Pacer S&P 500 Quality FCF Aristocrats ETF,U.S. Equity,Large Blend,Large Blend,0.49
GQGU,GQG US Equity ETF,U.S. Equity,Large Value,Large Growth,0.49
AQEC,AQE Core ETF,U.S. Equity,Large Value,Large Blend,0.49
VEM,Virtus Emerging Markets Dividend ETF,International Equity,Large Value,Diversified Emerging Mkts,0.49
OWN,Inside Ownership 100 ETF,U.S. Equity,Large Blend,Large Blend,0.49
FPAA,FPA Global Allocation ETF,Allocation,Large Value,Global Moderate Allocation,0.49
CRIB,Russell Investments Global Real Estate ETF,Sector Equity,Mid Blend,Global Real Estate,0.49
NQLT,Neuberger Quality Select ETF,U.S. Equity,Large Blend,Large Blend,0.48
GTND,Goaltender ETF,Allocation,Large Blend,Tactical Allocation,0.46
CGIB,Capital Group International Bond ETF (USD-Hedged),Taxable Bond,--,Global Bond-USD Hedged,0.45
BROL,Baron Risk Optimized Large Cap ETF,U.S. Equity,Large Growth,Large Growth,0.45
TAJX,Corgi India 2x Daily ETF,Miscellaneous,--,Trading--Leveraged Equity,0.45
USX,Corgi Total U.S. Market 2x Daily ETF,Miscellaneous,--,Trading--Leveraged Equity,0.45
XLIX,Corgi U.S. Industrials 2x Daily ETF,Miscellaneous,--,Trading--Leveraged Equity,0.45
XIWC,Corgi U.S. Micro-Cap 2x Daily ETF,Miscellaneous,--,Trading--Leveraged Equity,0.45
XEUR,Corgi Europe Equities 2x Daily ETF,Miscellaneous,--,Trading--Leveraged Equity,0.45
XPAV,Corgi U.S. Infrastructure 2x Daily ETF,Sector Equity,--,Infrastructure,0.45
XLPX,Corgi U.S. Consumer Staples 2x Daily ETF,Miscellaneous,--,Trading--Leveraged Equity,0.45
XLBX,Corgi U.S. Materials 2x Daily ETF,Miscellaneous,--,Trading--Leveraged Equity,0.45
XLYX,Corgi U.S. Consumer Discretionary 2x Daily ETF,Miscellaneous,--,Trading--Leveraged Equity,0.45
XLEX,Corgi U.S. Energy 2x Daily ETF,Miscellaneous,--,Trading--Leveraged Equity,0.45
VBX,Corgi U.S. Small-Cap 2x Daily ETF,Miscellaneous,--,Trading--Leveraged Equity,0.45
WEBX,Corgi Chinese Internet 2x Daily ETF,Miscellaneous,--,Trading--Leveraged Equity,0.45
XHOA,Corgi U.S. Real Estate 2x Daily ETF,Miscellaneous,--,Trading--Leveraged Equity,0.45
XVO,Corgi U.S. Mid-Cap 2x Daily ETF,Miscellaneous,--,Trading--Leveraged Equity,0.45
BRKL,Corgi BRKB 2x Daily ETF,Miscellaneous,--,Trading--Leveraged Equity,0.45
MPWC,Corgi MPWR 2x Daily ETF,Miscellaneous,--,Trading--Leveraged Equity,0.45
UUUC,Corgi UUUU 2x Daily ETF,Miscellaneous,--,Trading--Leveraged Equity,0.45
MNBD,ALPS Intermediate Municipal Bond ETF,Municipal Bond,--,Muni National Interm,0.44
BREE,MFS Blended Research Emerging Markets Equity ETF,International Equity,Large Blend,Diversified Emerging Mkts,0.44
BSJU,Invesco Bulletshares 2030 High Yield Corporate Bond ETF,Taxable Bond,--,Target Maturity,0.42
BSJV,Invesco BulletShares 2031 High Yield Corporate Bond ETF,Taxable Bond,--,Target Maturity,0.42
IQHI,NYLI MacKay High Income ETF,Taxable Bond,--,High Yield Bond,0.41
MBND,State Street® Nuveen Municipal Bond ETF,Municipal Bond,--,Muni National Interm,0.4
TSEC,Touchstone Securitized Income ETF,Taxable Bond,--,Securitized Bond - Diversified,0.4
MBSX,Regan Fixed Rate MBS ETF,Taxable Bond,--,Intermediate Government,0.4
BDVL,iShares Disciplined Volatility Equity Active ETF,International Equity,Large Blend,Global Large-Stock Blend,0.4
BFLX,iShares Flexible Equity Active ETF,Nontraditional Equity,Large Blend,Long-Short Equity,0.4
POWR,iShares U.S. Power Infrastructure ETF,Sector Equity,Mid Blend,Infrastructure,0.39
CGMS,Capital Group U.S. Multi-Sector Income ETF,Taxable Bond,Small Value,Multisector Bond,0.39
JHMU,John Hancock Dynamic Municipal Bond ETF,Municipal Bond,--,Muni National Interm,0.39
SSMG,Virtus Silvant Small/Mid Growth ETF,U.S. Equity,Small Growth,Mid-Cap Growth,0.39
AAAP,Pacer Barings CLO Market Flex ETF,Taxable Bond,--,Securitized Bond - Focused,0.39
DRVR,Amplify S&P 500 Dividend Drivers ETF,U.S. Equity,Mid Value,Large Value,0.39
JLCO,JHancock Large Cap Opportunities ETF,U.S. Equity,Large Blend,Large Value,0.39
BRSM,MFS Blended Research Small-Mid Cap ETF,U.S. Equity,Small Blend,Mid-Cap Blend,0.38
NSIV,North Square Disciplined Value ETF,U.S. Equity,Large Value,Large Value,0.38
BWZ,State Street® SPDR® Bloomberg Short Term International Treasury Bond ETF,Taxable Bond,--,Global Bond,0.35
CCSO,Carbon Collective Climate Solutions U.S. Equity ETF,U.S. Equity,Mid Growth,Mid-Cap Growth,0.35
IBHJ,iShares iBonds 2030 Term High Yield and Income ETF,Taxable Bond,--,Target Maturity,0.35
SDCP,Virtus Newfleet Short Duration Core Plus Bond ETF,Taxable Bond,--,Short-Term Bond,0.35
IBHK,iShares iBonds 2031 Term High Yield And Income ETF,Taxable Bond,--,Target Maturity,0.35
XMAG,Defiance Large Cap ex-Mag 7 ETF,U.S. Equity,Large Blend,Large Blend,0.35
SMDX,Intech S&P Small-Mid Cap Diversified Alpha ETF,U.S. Equity,Small Blend,Small Blend,0.35
IBHL,iShares iBonds 2032 Term High Yield and Income ETF,Taxable Bond,--,Target Maturity,0.35
XLII,State Street® Industrial Select Sector SPDR® Premium Income ETF,Nontraditional Equity,Large Blend,Derivative Income,0.35
XLKI,State Street® Technology Select Sector SPDR® Premium Income ETF,Nontraditional Equity,Large Growth,Derivative Income,0.35
XLVI,State Street® Health Care Select Sector SPDR® Premium Income ETF,Nontraditional Equity,Large Value,Derivative Income,0.35
XLEI,State Street® Energy Select Sector SPDR® Premium Income ETF,Nontraditional Equity,Large Value,Derivative Income,0.35
XEML,Xtrackers Europe Market Leaders ETF,International Equity,Large Blend,Europe Stock,0.35
VGRO,Virtus Silvant Growth Opportunities ETF,U.S. Equity,Large Growth,Large Growth,0.35
BKMS,BNY Mellon Municipal Short Duration ETF,Municipal Bond,--,Muni National Short,0.35
BKMI,BNY Mellon Municipal Intermediate ETF,Municipal Bond,--,Muni National Interm,0.35
SDMF,Simplify DBi CTA Managed Futures Index ETF,Alternative,Large Blend,Systematic Trend,0.35
KYC,Corgi Digital Banking & Fintech Infrastructure ETF,Sector Equity,Mid Growth,Financial,0.35
CBOT,Corgi Robots & Humanoids ETF,Sector Equity,Large Growth,Technology,0.35
EUV,Corgi Lithography & Semiconductor Photonics ETF,Sector Equity,Large Growth,Technology,0.35
BREW,Corgi Coffee & Energy Drinks ETF,Sector Equity,Mid Value,Consumer Defensive,0.35
DOCK,"Corgi Ports, Rail & Freight ETF",Sector Equity,--,Industrials,0.35
HULL,Corgi Shipping & Global Logistics ETF,Sector Equity,Mid Value,Industrials,0.35
BZZ,Corgi Drones & Urban Air Mobility ETF,Sector Equity,Small Growth,Industrials,0.35
ODDZ,Corgi Sports Betting & Gambling ETF,Sector Equity,Small Blend,Consumer Cyclical,0.35
CQTM,Corgi Quantum Computing ETF,Sector Equity,Small Growth,Technology,0.35
WR,Corgi U.S. War Machine ETF,U.S. Equity,Mid Value,Large Blend,0.35
LOHA,Roundhill HALO ETF,U.S. Equity,Mid Value,Large Blend,0.35
CGHM,Capital Group Municipal High-Income ETF,Municipal Bond,--,High Yield Muni,0.34
WAMA,Wisdomtree U.S. Adaptive Moving Average Fund,U.S. Equity,Large Blend,Large Blend,0.32
EMLC,VanEck J.P. Morgan EM Local Currency Bond ETF,Taxable Bond,--,Emerging-Markets Local-Currency Bond,0.3
MAYC,Corgi U.S. Equities 10% Structured Buffer ETF - May Series,Nontraditional Equity,Large Blend,Defined Outcome,0.3
CMAY,Corgi U.S. Equities 15% Structured Buffer ETF - May Series,Nontraditional Equity,Large Blend,Defined Outcome,0.3
QQMY,Corgi Technology Leaders 15% Structured Buffer ETF - May Series,Nontraditional Equity,Large Growth,Defined Outcome,0.3
CTMA,Corgi U.S. Equities 30% Structured Buffer ETF - May Series,Nontraditional Equity,Large Blend,Defined Outcome,0.3
HMAY,Corgi U.S. Equities 100% Structured Buffer ETF - May Series,Nontraditional Equity,Large Blend,Defined Outcome,0.3
SCMY,Corgi U.S. Small-Cap 15% Structured Buffer ETF - May Series,Nontraditional Equity,Small Blend,Defined Outcome,0.3
QMY,Corgi Growth & Technology 10% Structured Buffer ETF May Series,Nontraditional Equity,Large Growth,Defined Outcome,0.3
IDMY,Corgi International Developed Equities 15% Structured Buffer ETF - May Ser,Nontraditional Equity,Large Blend,Defined Outcome,0.3
ALDB,Aptus Laddered Deep Buffer ETF,Nontraditional Equity,Large Blend,Defined Outcome,0.3
CJUN,Corgi U.S. Equities 15% Structured Buffer ETF - June Series,Nontraditional Equity,Large Blend,Defined Outcome,0.3
IDJN,Corgi International Developed Equities 15% Structured Buffer ETF - June Series,Nontraditional Equity,Large Blend,Defined Outcome,0.3
SCJN,Corgi U.S. Small-Cap 15% Structured Buffer ETF - June Series,Nontraditional Equity,Small Blend,Defined Outcome,0.3
JUNC,Corgi U.S. Equities 10% Structured Buffer ETF - June Series,Nontraditional Equity,Large Blend,Defined Outcome,0.3
CTJN,Corgi U.S. Equities 30% Structured Buffer ETF - June Series,Nontraditional Equity,Large Blend,Defined Outcome,0.3
CTJL,Corgi U.S. Equities 30% Structured Buffer ETF - July Series,Nontraditional Equity,Large Blend,Defined Outcome,0.3
JULC,Corgi U.S. Equities 10% Structured Buffer ETF - July Series,Nontraditional Equity,Large Blend,Defined Outcome,0.3
CJUL,Corgi U.S. Equities 15% Structured Buffer ETF - July Series,Nontraditional Equity,Large Blend,Defined Outcome,0.3
HJLY,Corgi U.S. Equities 100% Structured Buffer ETF - July Series,Nontraditional Equity,Large Blend,Defined Outcome,0.3
IDJL,Corgi International Developed Equities 15% Structured Buffer ETF - July Series,Nontraditional Equity,Large Blend,Defined Outcome,0.3
SEUS,SEI QiM U.S. Equity Factor Allocation Active ETF,U.S. Equity,Large Value,Large Blend,0.3
CTAU,Corgi U.S. Equities 30% Structured Buffer ETF - August Series,Nontraditional Equity,--,Defined Outcome,0.3
QAU,Corgi Growth & Technology 10% Structured Buffer ETF - August Series,Nontraditional Equity,--,Defined Outcome,0.3
QQAU,Corgi Growth & Technology 15% Structured Buffer ETF - August Series,Nontraditional Equity,--,Defined Outcome,0.3
AUGC,Corgi U.S. Equities 10% Structured Buffer ETF - August Series,Nontraditional Equity,--,Defined Outcome,0.3
STAX,Nomura Tax-Free USA Short Term ETF,Municipal Bond,--,Muni National Short,0.29
BAB,Invesco Taxable Municipal Bond ETF,Municipal Bond,--,Muni National Long,0.28
FSEV,Fidelity Enhanced Small Cap Value ETF,U.S. Equity,Small Value,Small Value,0.28
CGMU,Capital Group Municipal Income ETF,Municipal Bond,--,Muni National Interm,0.27
CGCB,Capital Group Core Bond ETF,Taxable Bond,--,Intermediate Core Bond,0.27
FALN,iShares Fallen Angels USD Bond ETF,Taxable Bond,--,High Yield Bond,0.25
COMB,GraniteShares Bloomberg Commodity Broad Strategy No K-1 ETF,Commodities,--,Commodities Broad Basket,0.25
DDX,Defined Duration 10 ETF,Allocation,Large Blend,Tactical Allocation,0.25
TUSI,Touchstone Ultra Short Income ETF,Taxable Bond,--,Ultrashort Bond,0.25
CGSD,Capital Group Short Duration Income ETF,Taxable Bond,--,Short-Term Bond,0.25
CGSM,Capital Group Short Duration Municipal Income ETF,Municipal Bond,--,Muni National Short,0.25
VLLU,Harbor AlphaEdge Large Cap Value ETF,U.S. Equity,Large Value,Large Value,0.25
QQLV,Invesco QQQ Low Volatility ETF,U.S. Equity,Large Value,Large Blend,0.25
LGDX,Intech S&P Large Cap Diversified Alpha ETF,U.S. Equity,Large Blend,Large Blend,0.25
WTMU,Wisdomtree Core Laddered Municipal Fund,Municipal Bond,--,Muni National Interm,0.25
APRB,Aptus April Buffer ETF,Nontraditional Equity,Large Blend,Defined Outcome,0.25
AMUN,abrdn Ultra Short Municipal Income Active ETF,Municipal Bond,--,Muni National Short,0.25
DDV,Defined Duration 5 ETF,Taxable Bond,Large Value,Short-Term Bond,0.25
OCDB,Aptus October Deep Buffer ETF,Nontraditional Equity,Large Blend,Defined Outcome,0.25
JUDB,Aptus July Deep Buffer ETF,Nontraditional Equity,Large Blend,Defined Outcome,0.25
APDB,Aptus April Deep Buffer ETF,Nontraditional Equity,Large Blend,Defined Outcome,0.25
JADB,Aptus January Deep Buffer ETF,Nontraditional Equity,Large Blend,Defined Outcome,0.25
FEMG,Fidelity Enhanced Mid Cap Growth ETF,U.S. Equity,Mid Growth,Mid-Cap Growth,0.23
CLOX,Eldridge AAA CLO ETF,Taxable Bond,--,Securitized Bond - Focused,0.2
ETHV,VanEck Ethereum ETF,Miscellaneous,--,Digital Assets,0.2
CMAG,Corgi Mag 7 ETF,Sector Equity,Large Blend,Technology,0.2
VOOX,Corgi U.S. Large-Cap 2x Daily ETF,Miscellaneous,--,Trading--Leveraged Equity,0.2
COIX,Corgi COIN 2x Daily ETF,Miscellaneous,--,Trading--Leveraged Equity,0.2
GOGL,Corgi GOOGL 2x Daily ETF,Miscellaneous,--,Trading--Leveraged Equity,0.2
FLLA,Franklin FTSE Latin America ETF,International Equity,Large Value,Focused Region,0.19
DFAR,Dimensional US Real Estate ETF,Sector Equity,Mid Blend,Real Estate,0.19
ICLO,Invesco AAA CLO Floating Rate Note ETF,Taxable Bond,--,Securitized Bond - Focused,0.19
NVOH,Novo Nordisk A/S (B Shares) ADRhedged,Sector Equity,Large Blend,Health,0.19
LQDI,iShares Inflation Hedged Corporate Bond ETF,Taxable Bond,--,Corporate Bond,0.18
IBMO,iShares iBonds Dec 2026 Term Muni Bond ETF,Municipal Bond,--,Muni Target Maturity,0.18
IBMP,iShares iBonds Dec 2027 Term Muni Bond ETF,Municipal Bond,--,Muni Target Maturity,0.18
IBMQ,iShares iBonds Dec 2028 Term Muni Bond ETF,Municipal Bond,--,Muni Target Maturity,0.18
BSSX,Invesco Bulletshares 2033 Municipal Bond ETF,Municipal Bond,--,Muni Target Maturity,0.18
IBMS,iShares iBonds Dec 2030 Term Muni Bond ETF,Municipal Bond,--,Muni Target Maturity,0.18
IBMT,iShares iBonds Dec 2031 Term Muni Bond ETF,Municipal Bond,--,Muni Target Maturity,0.18
TRUD,VanEck Consumer Disc TruSector ETF,Sector Equity,Large Blend,Consumer Cyclical,0.16
TRUN,Vaneck Energy TruSector ETF,Sector Equity,Large Value,Equity Energy,0.16
GOVI,Invesco Equal Weight 0-30 Year Treasury ETF,Taxable Bond,--,Long Government,0.15
GXPD,Global X Purecap MSCI Consumer Discretionary ETF,Sector Equity,Large Blend,Consumer Cyclical,0.15
GXPS,Global X Purecap MSCI Consumer Staples ETF,Sector Equity,Large Value,Consumer Defensive,0.15
TRUM,Vaneck Materials TruSector ETF,Sector Equity,Mid Blend,Natural Resources,0.15
FLTR,VanEck IG Floating Rate ETF,Taxable Bond,--,Ultrashort Bond,0.14
TRUC,VanEck Communication Services TruSector ETF,Sector Equity,Large Value,Communications,0.14
TRUO,Vaneck Consumer Staples TruSector ETF,Sector Equity,Large Value,Consumer Defensive,0.14
AGRH,iShares Interest Rate Hedged U.S. Aggregate Bond ETF,Taxable Bond,--,Ultrashort Bond,0.13
IBID,iShares iBonds Oct 2027 Term TIPS ETF,Taxable Bond,--,Target Maturity,0.1
IBIE,iShares iBonds Oct 2028 Term TIPS ETF,Taxable Bond,--,Target Maturity,0.1
IBIC,iShares iBonds Oct 2026 Term TIPS ETF,Taxable Bond,--,Target Maturity,0.1
IBIF,iShares iBonds Oct 2029 Term TIPS ETF,Taxable Bond,--,Target Maturity,0.1
IBIH,iShares iBonds Oct 2031 Term TIPS ETF,Taxable Bond,--,Target Maturity,0.1
IBIG,iShares iBonds Oct 2030 Term TIPS ETF,Taxable Bond,--,Target Maturity,0.1
IBDZ,iShares iBonds Dec 2034 Term Corporate ETF,Taxable Bond,--,Target Maturity,0.1
TRUI,Vaneck Industrials TruSector ETF,Sector Equity,Large Blend,Industrials,0.1
BKLG,Bny Mellon US Large Cap Equity Growth ETF,U.S. Equity,Large Growth,Large Growth,0.1
ANGU,Sei ANG Research Enhanced U.S. Large Cap ETF,U.S. Equity,--,Large Blend,0.1
FINA,Fidelity MSCI North American Subset Index ETF,U.S. Equity,Large Blend,Large Blend,0.09
PBTP,Invesco 0-5 Yr US TIPS ETF,Taxable Bond,--,Short-Term Inflation-Protected Bond,0.07
SCHP,Schwab U.S. TIPS ETF™,Taxable Bond,--,Inflation-Protected Bond,0.03
SCMB,Schwab Municipal Bond ETF,Municipal Bond,--,Muni National Interm,0.03
SCYB,Schwab High Yield Bond ETF,Taxable Bond,--,High Yield Bond,0.03
GOLS,Gabelli Opportunities in Live and Sports ETF,Sector Equity,Small Blend,Consumer Cyclical,0.0
EDGX,Global X U.S. 500 Income Edge ETF,Nontraditional Equity,Large Blend,Derivative Income,0.0
Highlighted cells have been user-added and may not meet the criteria included in the screen.,,,,,
The data and information in this spreadsheet is provided to you solely for your use and is not for distribution.,,,,,
"The spreadsheet is provided for informational purposes only, and is not intended to provide advice, nor should it be construed ",,,,,
"as an offer to sell, a solicitation of an offer to buy or a recommendation for any security by Fidelity or any third party.",,,,,
Data and information shown is based on information known to Fidelity as of the date it was exported and is subject to change.,,,,,
"For more information on the data included in this spreadsheet, including any limitations thereof, go to Fidelity.com.",,,,,
Performance data quoted represents past performance and the return and principal value of an investment will fluctuate ,,,,,
so that an investor's shares when redeemed may be worth more or less than their original cost.,,,,,
"Brokerage services are provided by Fidelity Brokerage Services LLC, 900 Salem Street, Smithfield RI 02917.",,,,,
Custody and other services provided by National Financial Servicess LLC.,,,,,
"Both are Fidelity Investment companies and members SIPC, NYSE.",,,,,
AS OF 03:13 AM ET 08/11/2026 Quotes delayed at least 15 minutes.,,,,,
PBDC,Putnam BDC Income ETF,Sector Equity,Small Value,Financial,13.49
CCEF,Calamos CEF Income & Arbitrage ETF,Alternative,Large Blend,Relative Value Arbitrage,3.19
ICAP,Infrastructure Capital Equity Income Fund ETF,U.S. Equity,Large Value,Mid-Cap Value,2.47
NDOW,Anydrus Advantage ETF,Allocation,Large Blend,Global Moderately Conservative Allocation,2.11
CBLS,Clough Hedged Equity ETF,Nontraditional Equity,Mid Growth,Equity Hedged,1.89
RULE,Adaptive Core ETF,Allocation,Large Growth,Moderate Allocation,1.84
NELS,Nelson Select ETF,U.S. Equity,Large Blend,Large Blend,1.69
SNDQ,Tradr 2X Short SNDK Daily ETF,Miscellaneous,Small Value,Trading--Inverse Equity,1.49
BAMY,Brookstone Yield ETF,Allocation,Small Value,Moderate Allocation,1.46
QVOY,Q3 All-Season Active Rotation ETF,Allocation,Mid Value,Tactical Allocation,1.32
PYPY,Yieldmax PYPL Option Income Strategy ETF,Nontraditional Equity,--,Derivative Income,1.31
LNOK,Defiance Daily Target 2X Long NOK ETF,Miscellaneous,--,Trading--Leveraged Equity,1.31
SPCL,Defiance Pure Space Daily 2X Strategy ETF,Miscellaneous,--,Trading--Leveraged Equity,1.31
STXL,Defiance Daily Target 2X Long Stx ETF,Miscellaneous,--,Trading--Leveraged Equity,1.31
HECA,Hedgeye Capital Allocation ETF,Allocation,Mid Value,Global Moderate Allocation,1.3
MEXX,Direxion Daily MSCI Mexico Bull 3X Shares Direxion Daily MSCI Mexico Bull 3,Miscellaneous,Large Blend,Trading--Leveraged Equity,1.23
CVY,Invesco Zacks Multi-Asset Income ETF,Allocation,Small Value,Aggressive Allocation,1.21
MDPL,Monarch Dividend Plus ETF,U.S. Equity,Mid Value,Mid-Cap Value,1.19
BUFG,FT Vest Buffered Allocation Growth ETF,Nontraditional Equity,Large Blend,Defined Outcome,1.13
TFPN,Blueprint Chesapeake Multi-Asset Trend ETF,Alternative,Large Growth,Systematic Trend,1.13
BTR,Beacon Tactical Risk ETF,Allocation,Large Value,Tactical Allocation,1.08
BSR,Beacon Unified Catalyst ETF,Allocation,Large Blend,Tactical Allocation,1.07
WDTE,Defiance S&P 500 Target 30 Weekly Distribution ETF,Miscellaneous,--,Trading--Miscellaneous,1.03
DUKX,Ocean Park International ETF,International Equity,Large Blend,Foreign Large Blend,1.03
FFOX,FundX Future Fund Opportunities ETF,U.S. Equity,Small Growth,Mid-Cap Growth,1.02
NVDD,Direxion Daily NVDA Bear 1X Shares,Miscellaneous,--,Trading--Inverse Equity,1.01
TSPX,Twin Oak Active Opportunities ETF,Allocation,Large Blend,Moderate Allocation,1.01
OARK,YieldMax® Innovation Option Income Strategy ETF,Nontraditional Equity,--,Derivative Income,1.0
LPRE,Long Pond Real Estate Select ETF,Sector Equity,Small Blend,Real Estate,1.0
KGLD,Kurv Gold Enhanced Income ETF,Commodities,--,Commodities Focused,1.0
PRMR,PeakShares RMR Prime Equity ETF,U.S. Equity,Large Blend,Large Blend,1.0
EQTY,Kovitz Core Equity ETF,U.S. Equity,Large Blend,Large Blend,0.99
AMZP,Kurv Yield Premium Strategy Amazon ETF,Nontraditional Equity,--,Derivative Income,0.99
KQQQ,Kurv Technology Titans Select ETF,Nontraditional Equity,Large Blend,Derivative Income,0.99
BTCI,NEOS Bitcoin High Income ETF,Miscellaneous,--,Digital Assets,0.99
SWP,SWP Growth & Income ETF,U.S. Equity,Large Value,Large Blend,0.99
METL,Sprott Active Metals & Miners ETF,Sector Equity,Mid Growth,Natural Resources,0.99
UBEW,Roundhill UBER WeeklyPay ETF,Miscellaneous,Large Value,Trading--Miscellaneous,0.99
IALT,iShares Systematic Alternatives Active ETF,Alternative,Large Value,Multistrategy,0.99
FTGC,First Trust Global Tactical Commodity Strategy Fund,Commodities,--,Commodities Broad Basket,0.98
KBUF,KraneShares 90% KWEB Defined Outcome January 2027 ETF,Nontraditional Equity,Large Blend,Defined Outcome,0.97
RDTE,Roundhill Russell 2000 0DTE Covered Call Strategy ETF,Nontraditional Equity,Small Blend,Derivative Income,0.97
ORCS,Direxion Daily ORCL Bear 1X ETF,Miscellaneous,--,Trading--Inverse Equity,0.97
ADBU,Direxion Daily Adbe Bull 2X ETF,Miscellaneous,Large Value,Trading--Leveraged Equity,0.97
WEBL,Direxion Daily Dow Jones Internet Bull 3X Shares,Miscellaneous,Large Blend,Trading--Leveraged Equity,0.96
AHLT,American Beacon AHL Trend ETF,Alternative,Large Blend,Systematic Trend,0.96
BBB,CYBER HORNET S&P 500® and Bitcoin 75/25 Strategy ETF,Allocation,Large Blend,Miscellaneous Allocation,0.96
QDTE,Roundhill Innovation-100 0DTE Covered Call Strategy ETF,Nontraditional Equity,--,Derivative Income,0.96
ONEZ,TrueShares Seasonality Laddered Buffered ETF,Nontraditional Equity,Large Blend,Defined Outcome,0.96
SNTH,MRP SynthEquity ETF,Nontraditional Equity,Large Blend,Equity Hedged,0.96
HEDG,Equable Shares Hedged Equity ETF,Nontraditional Equity,Large Blend,Equity Hedged,0.96
UBR,ProShares Ultra MSCI Brazil Capped,Miscellaneous,--,Trading--Leveraged Equity,0.95
TBX,ProShares Short 7-10 Year Treasury,Miscellaneous,--,Trading--Inverse Debt,0.95
BUFD,FT Vest Laddered Deep Buffer ETF,Nontraditional Equity,Large Blend,Defined Outcome,0.95
MMSC,First Trust Multi-Manager Small Cap Opportunities ETF,U.S. Equity,Small Growth,Small Growth,0.95
BETE,Proshares Bitcoin & Ether Equal Weight ETF,Miscellaneous,--,Digital Assets,0.95
BUFZ,FT Vest Laddered Moderate Buffer ETF,Nontraditional Equity,Large Blend,Defined Outcome,0.95
FARX,Frontier Asset Absolute Return ETF,Allocation,Mid Blend,Global Conservative Allocation,0.95
RSMV,Relative Strength Managed Volatility Strategy ETF,U.S. Equity,Large Blend,Large Growth,0.95
CCFE,Concourse Capital Focused Equity ETF,U.S. Equity,Small Value,Small Value,0.95
UPAL,ProShares Ultra Palladium K-1 Free ETF,Miscellaneous,--,Trading--Leveraged Commodities,0.95
CANQ,Calamos Nasdaq® Equity & Income ETF,Allocation,Small Value,Miscellaneous Allocation,0.94
DALI,First Trust Dorsey Wright DALI 1 ETF,Allocation,Large Value,Tactical Allocation,0.91
TMF,Direxion Daily 20+ Year Treasury Bull 3X Shares,Miscellaneous,--,Trading--Leveraged Debt,0.9
TDSC,ETC Cabana Target Drawdown 10 ETF,Allocation,Large Value,Moderate Allocation,0.9
KMLM,KraneShares Mount Lucas Managed Futures Index Strategy ETF,Alternative,--,Systematic Trend,0.9
YDEC,FT Vest International Equity Moderate Buffer ETF – December,Nontraditional Equity,Large Blend,Defined Outcome,0.9
YMAR,FT Vest International Equity Moderate Buffer ETF - March,Nontraditional Equity,Large Blend,Defined Outcome,0.9
YSEP,FT Vest International Equity Moderate Buffer ETF - September,Nontraditional Equity,--,Defined Outcome,0.9
SMAY,FT Vest U.S. Small Cap Moderate Buffer ETF - May,Nontraditional Equity,Small Blend,Defined Outcome,0.9
SAUG,FT Vest U.S. Small Cap Moderate Buffer ETF - August,Nontraditional Equity,Small Blend,Defined Outcome,0.9
RAA,SMI 3Fourteen REAL Asset Allocation ETF,Allocation,Large Blend,Moderate Allocation,0.9
DQJN,FT Vest NASDAQ-100 Dual Directional Buffer ETF - June,Nontraditional Equity,--,Defined Outcome,0.9
EJUL,Innovator Emerging Markets Power Buffer ETF - July,Nontraditional Equity,Large Blend,Defined Outcome,0.89
AETH,Bitwise Trendwise Ethereum & Treasuries Rotation Strategy ETF,Miscellaneous,--,Digital Assets,0.89
MEMS,Matthews Emerging Markets Discovery Active ETF,International Equity,Mid Growth,Diversified Emerging Mkts,0.89
USAF,Atlas America Fund,Allocation,Mid Blend,Moderate Allocation,0.89
DVSP,WEBs SPY Defined Volatility ETF,U.S. Equity,Large Blend,Large Blend,0.89
DVIN,WEBs Industrials XLI Defined Volatility ETF,Sector Equity,Large Blend,Industrials,0.89
DVXB,WEBs Materials XLB Defined Volatility ETF,Sector Equity,Mid Blend,Natural Resources,0.89
DVXF,WEBs Financial XLF Defined Volatility ETF,Sector Equity,Large Value,Financial,0.89
KSPY,Kraneshares Hedgeye Hedged Equity Index ETF,Nontraditional Equity,Large Blend,Equity Hedged,0.88
EPSB,Harbor SMID Cap Core ETF,U.S. Equity,Small Blend,Small Blend,0.88
EPAI,Harbor AI Inflection Strategy ETF,Sector Equity,Mid Growth,Technology,0.88
CVAR,Cultivar ETF,U.S. Equity,Mid Value,Mid-Cap Value,0.87
DBC,Invesco DB Commodity Index Tracking Fund,Commodities,--,Commodities Broad Basket,0.85
DBA,Invesco DB Agriculture Fund,Commodities,--,Commodities Focused,0.85
FEMB,First Trust Emerging Markets Local Currency Bond ETF,Taxable Bond,--,Emerging-Markets Local-Currency Bond,0.85
XISE,FT Vest U.S. Equity Buffer & Premium Income ETF – September,Nontraditional Equity,Large Blend,Defined Outcome,0.85
XIDE,FT Vest U.S. Equity Buffer & Premium Income ETF - December,Nontraditional Equity,Large Blend,Defined Outcome,0.85
XIJN,FT Vest U.S. Equity Buffer & Premium Income ETF - June,Nontraditional Equity,Large Blend,Defined Outcome,0.85
FCTE,SMI 3Fourteen Full-Cycle Trend ETF,U.S. Equity,Large Blend,Large Blend,0.85
IAUG,Innovator International Developed Power Buffer ETF - August,Nontraditional Equity,Large Blend,Defined Outcome,0.85
CEPI,REX Crypto Equity Premium Income ETF,Nontraditional Equity,Large Growth,Derivative Income,0.85
ALLW,State Street® Bridgewater® All Weather® ETF,Allocation,Large Blend,Tactical Allocation,0.85
QGRD,Horizon NASDAQ-100 Defined Risk ETF,Nontraditional Equity,Large Growth,Equity Hedged,0.85
SPCT,Liberty One Spectrum ETF,U.S. Equity,Large Value,Large Blend,0.85
MEMA,Man Active Emerging Markets Alternative ETF,International Equity,Large Blend,Diversified Emerging Mkts,0.85
TEXX,Horizon Kinetics Texas ETF,Sector Equity,Mid Value,Equity Energy,0.85
MCVT,Miller Convertible Total Return ETF,Allocation,--,Convertibles,0.85
DGAP,FT Vest U.S. Equity Buffer & Digital Return ETF - April,Nontraditional Equity,Large Blend,Defined Outcome,0.85
DLMY,FT Vest U.S. Equity Dual Directional Buffer ETF - May,Nontraditional Equity,--,Defined Outcome,0.85
DGJL,FT Vest U.S. Equity Buffer & Digital Return ETF July,Nontraditional Equity,--,Defined Outcome,0.85
BEEX,The BeeHive ETF,U.S. Equity,Large Blend,Large Blend,0.84
EPEM,Harbor Emerging Markets Equity ETF,International Equity,Large Blend,Diversified Emerging Mkts,0.84
TMAT,Main Thematic Innovation ETF,International Equity,Mid Growth,Global Small/Mid Stock,0.82
PRTO,RCN Pareto Strategic Allocation ETF,Allocation,Mid Blend,Tactical Allocation,0.82
ROPE,Coastal Compass 100 ETF,Allocation,Large Value,Tactical Allocation,0.81
FOXY,Simplify Currency Strategy ETF,Miscellaneous,--,Single Currency,0.81
FCA,First Trust China AlphaDEX® Fund,International Equity,Large Value,Greater China Region,0.8
MAPP,Harbor Multi-Asset Explorer ETF,Allocation,Large Blend,Tactical Allocation,0.8
BCIL,Bancreek International Large Cap ETF,International Equity,Large Growth,Foreign Large Growth,0.8
MDST,Westwood Salient Enhanced Midstream Income ETF,Sector Equity,Mid Value,Energy Limited Partnership,0.8
ISMF,iShares Managed Futures Active ETF,Alternative,--,Systematic Trend,0.8
EPIN,Harbor International Equity ETF,International Equity,Large Blend,Foreign Large Blend,0.8
WSGE,Warren Street Global Equity ETF,International Equity,Large Blend,Global Large-Stock Blend,0.8
BCGS,Bancreek Global Select ETF,International Equity,Mid Growth,Global Large-Stock Blend,0.8
SQS,Sapient Quality Select ETF,U.S. Equity,Large Blend,Large Blend,0.8
OBOR,KraneShares MSCI One Belt One Road Index ETF,International Equity,Large Blend,Greater China Region,0.79
MCH,Matthews China Active ETF,International Equity,Large Blend,Greater China Region,0.79
TJUL,Innovator Equity Defined Protection ETF – 2 Yr to July 2027,Nontraditional Equity,Large Blend,Defined Outcome,0.79
INDE,Matthews India Active ETF,International Equity,Large Growth,India Equity,0.79
AJAN,Innovator Equity Defined Protection ETF - 2 Yr To January 2028,Nontraditional Equity,Large Blend,Defined Outcome,0.79
AAPR,Innovator Equity Defined Protection ETF - 2 Yr To April 2028,Nontraditional Equity,Large Blend,Defined Outcome,0.79
KJUN,Innovator U.S. Small Cap Power Buffer ETF - June,Nontraditional Equity,Small Blend,Defined Outcome,0.79
AJUL,Innovator Equity Defined Protection ETF - 2 Yr to July 2028,Nontraditional Equity,Large Blend,Defined Outcome,0.79
JAJL,Innovator Equity Defined Protection ETF - 6 Mo Jan/Jul,Nontraditional Equity,Large Blend,Defined Outcome,0.79
ZJUL,Innovator Equity Defined Protection ETF - 1 Yr July,Nontraditional Equity,Large Blend,Defined Outcome,0.79
QBUF,Innovator Nasdaq-100 10 Buffer ETF - Quarterly,Nontraditional Equity,Large Growth,Defined Outcome,0.79
KAUG,Innovator U.S. Small Cap Power Buffer ETF - August,Nontraditional Equity,Small Blend,Defined Outcome,0.79
ZAUG,Innovator Equity Defined Protection ETF - 1 Yr August,Nontraditional Equity,Large Blend,Defined Outcome,0.79
ZSEP,Innovator Equity Defined Protection ETF - 1 Yr September,Nontraditional Equity,Large Blend,Defined Outcome,0.79
CPSL,Calamos Laddered S&P 500 Structured Alt Protection ETF,Nontraditional Equity,--,Defined Outcome,0.79
ZOCT,Innovator Equity Defined Protection ETF - 1 Yr October,Nontraditional Equity,Large Blend,Defined Outcome,0.79
AOCT,Innovator Equity Defined Protection ETF - 2 Yr to October 2026,Nontraditional Equity,Large Blend,Defined Outcome,0.79
ZNOV,Innovator Equity Defined Protection ETF - 1 Yr November,Nontraditional Equity,Large Blend,Defined Outcome,0.79
UPSD,Aptus Large Cap Upside ETF,U.S. Equity,Large Blend,Large Blend,0.79
NDEC,Innovator Growth-100 Power Buffer ETF - December,Nontraditional Equity,Large Growth,Defined Outcome,0.79
KDEC,Innovator U.S. Small Cap Power Buffer ETF - December,Nontraditional Equity,Small Blend,Defined Outcome,0.79
TJAN,Innovator Equity Defined Protection ETF - 2 Yr to January 2027,Nontraditional Equity,Large Blend,Defined Outcome,0.79
ZJAN,Innovator Equity Defined Protection ETF - 1 Yr January,Nontraditional Equity,Large Blend,Defined Outcome,0.79
SPBX,AllianzIM 6 Month Buffer10 Allocation ETF,Nontraditional Equity,Large Blend,Defined Outcome,0.79
SPBW,AllianzIM Buffer20 Allocation ETF,Nontraditional Equity,Large Blend,Defined Outcome,0.79
SPUT,Innovator Equity Premium Income - Daily PutWrite ETF,Nontraditional Equity,Large Blend,Equity Hedged,0.79
NFEB,Innovator Growth-100 Power Buffer ETF - February,Nontraditional Equity,Large Growth,Defined Outcome,0.79
ZMAR,Innovator Equity Defined Protection ETF - 1 Yr March,Nontraditional Equity,Large Blend,Defined Outcome,0.79
KMAY,Innovator U.S. Small Cap Power Buffer ETF - May,Nontraditional Equity,Small Blend,Defined Outcome,0.79
NMAY,Innovator Growth-100 Power Buffer ETF - May,Nontraditional Equity,--,Defined Outcome,0.79
ZJUN,Innovator Equity Defined Protection ETF - 1 Yr June,Nontraditional Equity,Large Blend,Defined Outcome,0.79
KBFR,Innovator U.S. Small Cap Managed 10 Buffer ETF,Nontraditional Equity,Small Blend,Equity Hedged,0.79
ASD,Defiance Autism Impact ETF,Sector Equity,Mid Blend,Health,0.79
DRSK,Aptus Defined Risk ETF,Taxable Bond,Large Blend,Intermediate Core-Plus Bond,0.78
GK,AdvisorShares Gerber Kawasaki ETF,U.S. Equity,Large Growth,Large Growth,0.77
UX,Roundhill Uranium ETF,Commodities,--,Commodities Focused,0.77
CUT,Invesco MSCI Global Timber ETF,Sector Equity,Mid Value,Natural Resources,0.76
AFK,VanEck Africa Index ETF,International Equity,Mid Growth,Focused Region,0.76
ARB,AltShares Merger Arbitrage ETF,Alternative,Small Blend,Event Driven,0.76
SLJY,Amplify SILJ Junior Silver Miners Covered Call ETF,Nontraditional Equity,Mid Growth,Derivative Income,0.76
TOS,Twin Oak Strategic Solutions ETF,U.S. Equity,Large Growth,Large Blend,0.76
UUP,Invesco DB US Dollar Index Bullish Fund,Miscellaneous,--,Trading--Miscellaneous,0.75
RDVI,FT Vest Rising Dividend Achievers Target Income ETF,Nontraditional Equity,Large Value,Derivative Income,0.75
PWRZ,TrueShares Eagle Global Next Gen Power Infrastructure ETF,Sector Equity,Mid Value,Equity Energy,0.75
NDIA,Global X India Active ETF,International Equity,Large Blend,India Equity,0.75
BRAZ,Global X Brazil Active ETF,International Equity,Large Value,Focused Region,0.75
NEWZ,Stocksnips AI-Powered Sentiment US ALL Cap ETF,U.S. Equity,Mid Growth,Mid-Cap Blend,0.75
RSMC,Rockefeller U.S. Small-Mid Cap ETF,U.S. Equity,Small Growth,Small Growth,0.75
GRNY,Fundstrat Granny Shots US Large Cap ETF,U.S. Equity,Large Blend,Large Growth,0.75
PIPE,Invesco SteelPath MLP & Energy Infrastructure ETF,Sector Equity,Mid Value,Energy Limited Partnership,0.75
DUNK,Dana Unconstrained Equity ETF,U.S. Equity,Large Growth,Large Blend,0.75
GRNJ,Fundstrat Granny Shots US Small- & Mid-Cap ETF,U.S. Equity,Mid Growth,Mid-Cap Blend,0.75
SMOX,Horizon Small/Mid Cap Core Equity ETF,U.S. Equity,Small Blend,Mid-Cap Blend,0.75
BCTK,Baron Technology ETF,Sector Equity,Large Growth,Technology,0.75
AIMS,Acuitas Small Cap Active ETF,U.S. Equity,Small Blend,Small Blend,0.75
EXEQ,Wedbush ReturnOnLeadership(R) U.S. Large-Cap ETF,U.S. Equity,Large Blend,Large Blend,0.75
MARS,Roundhill Space & Technology ETF,Sector Equity,Mid Growth,Miscellaneous Sector,0.75
VPX,Variant Perception Cycle Aware US Equity ETF,U.S. Equity,Large Blend,Large Blend,0.75
MNVT,Moonvest ETF,International Equity,Small Blend,Global Large-Stock Blend,0.75
WSPC,WisdomTree Space Economy Fund,Sector Equity,Mid Growth,Industrials,0.75
AMMO,VistaShares Defense Supercycle ETF,Sector Equity,Mid Growth,Industrials,0.75
FLAO,AllianzIM U.S. Equity 6 Month Floor5 Apr/Oct ETF,Nontraditional Equity,Large Blend,Defined Outcome,0.74
DECU,AllianzIM U.S. Equity Buffer15 Uncapped Dec ETF,Nontraditional Equity,Large Blend,Defined Outcome,0.74
JANU,AllianzIM U.S. Equity Buffer15 Uncapped Jan ETF,Nontraditional Equity,Large Blend,Defined Outcome,0.74
FEBU,AllianzIM U.S. Equity Buffer15 Uncapped Feb ETF,Nontraditional Equity,Large Blend,Defined Outcome,0.74
MARU,AllianzIM U.S. Equity Buffer15 Uncapped Mar ETF,Nontraditional Equity,Large Blend,Defined Outcome,0.74
EMKT,Lazard Emerging Markets Opportunities ETF,International Equity,Large Blend,Diversified Emerging Mkts,0.74
QBKV,Allianzim U.S. Small Cap Buffer5 ETF,Nontraditional Equity,Small Blend,Defined Outcome,0.74
CAGE,Calamos Autocallable Growth ETF,U.S. Equity,--,Large Blend,0.74
FMCE,FM Compounders Equity ETF,U.S. Equity,Large Blend,Large Blend,0.71
FTAG,First Trust Indxx Global Agriculture ETF,Sector Equity,Mid Value,Natural Resources,0.7
ECOW,Pacer Emerging Markets Cash Cows 100 ETF,International Equity,Large Value,Diversified Emerging Mkts,0.7
GTR,WisdomTree Target Range Fund,Nontraditional Equity,Large Blend,Equity Hedged,0.7
HYBL,State Street® Blackstone High Income ETF,Taxable Bond,--,High Yield Bond,0.7
SCDV,Bahl & Gaynor Small Cap Dividend ETF,U.S. Equity,Small Growth,Small Blend,0.7
TXUG,Thornburg International Growth ETF,International Equity,Large Growth,Foreign Large Growth,0.7
CSRE,Cohen & Steers Real Estate Active ETF,Sector Equity,Mid Blend,Real Estate,0.7
BOBP,CORE16 Best of Breed Premier Index ETF,U.S. Equity,Large Growth,Large Blend,0.7
DIVN,Horizon Dividend Income ETF,U.S. Equity,Large Value,Large Value,0.7
DFTT,DF Tactical 30 ETF,U.S. Equity,Large Growth,Large Blend,0.7
AIUP,FINQ FIRST U.S. Large Cap AI-Managed Equity ETF,U.S. Equity,Large Growth,Large Blend,0.7
PZIV,Pzena International Value ETF,International Equity,Large Value,Foreign Large Value,0.7
SILJ,Amplify Junior Silver Miners ETF,Sector Equity,Small Growth,Equity Precious Metals,0.69
KWEB,KraneShares CSI China Internet ETF,International Equity,Large Blend,Greater China Region,0.69
HYGW,iShares High Yield Corporate Bond Buywrite Strategy ETF,Taxable Bond,--,High Yield Bond,0.69
CPSM,Calamos S&P 500 Structured Alt Protection ETF - May,Nontraditional Equity,--,Defined Outcome,0.69
CPNJ,Calamos Nasdaq-100 Structured Alt Protection ETF - June,Nontraditional Equity,--,Defined Outcome,0.69
CPRJ,Calamos Russell 2000 Structured Alt Protection ETF - July,Nontraditional Equity,--,Defined Outcome,0.69
CPSJ,Calamos S&P 500 Structured Alt Protection ETF - July,Nontraditional Equity,--,Defined Outcome,0.69
CPSA,Calamos S&P 500 Structured Alt Protection ETF - August,Nontraditional Equity,--,Defined Outcome,0.69
CPST,Calamos S&P 500 Structured Alt Protection ETF - September,Nontraditional Equity,--,Defined Outcome,0.69
CPNS,Calamos Nasdaq-100 Structured Alt Protection ETF - September,Nontraditional Equity,--,Defined Outcome,0.69
CPRO,Calamos Russell 2000 Structured Alt Protection ETF - October,Nontraditional Equity,--,Defined Outcome,0.69
CPSO,Calamos S&P 500 Structured Alt Protection ETF - October,Nontraditional Equity,--,Defined Outcome,0.69
CPSN,Calamos S&P 500 Structured Alt Protection ETF - November,Nontraditional Equity,--,Defined Outcome,0.69
CPNQ,Calamos Nasdaq-100 Structured Alt Protection ETF - December,Nontraditional Equity,--,Defined Outcome,0.69
CPRY,Calamos Russell 2000 Structured Alt Protection ETF - January,Nontraditional Equity,--,Defined Outcome,0.69
AIPO,Defiance AI & Power Infrastructure ETF,Sector Equity,Mid Growth,Technology,0.69
CPRA,Calamos Russell 2000 Structured Alt Protection ETF - April,Nontraditional Equity,--,Defined Outcome,0.69
CPSU,Calamos S&P 500 Structured Alt Protection ETF - June,Nontraditional Equity,--,Defined Outcome,0.69
JEDI,Defiance Drone and Modern Warfare ETF,Sector Equity,Small Growth,Technology,0.69
SPDF,Defender Risk Adaptive 500 ETF,Allocation,Large Blend,Tactical Allocation,0.69
CLOU,Global X Cloud Computing ETF,Sector Equity,Mid Growth,Technology,0.68
REIT,ALPS Active REIT ETF,Sector Equity,Mid Blend,Real Estate,0.68
CMCI,VanEck® CMCI Commodity Strategy ETF,Commodities,--,Commodities Broad Basket,0.67
TSEL,Touchstone Sands Capital US Select Growth ETF,U.S. Equity,Large Growth,Large Growth,0.67
TLG,Touchstone Large Company Growth ETF,U.S. Equity,Large Growth,Large Growth,0.67
DINT,Davis Select International ETF,International Equity,Large Blend,Foreign Large Blend,0.66
FDNI,First Trust Dow Jones International Internet ETF,International Equity,Large Blend,Diversified Emerging Mkts,0.65
FLSP,Franklin Systematic Style Premia ETF,Alternative,Large Blend,Multistrategy,0.65
TUGN,STF Tactical Growth & Income ETF,Allocation,Large Growth,Tactical Allocation,0.65
NBCM,Neuberger Commodity Strategy ETF,Commodities,--,Commodities Broad Basket,0.65
IQRA,NYLI CBRE Real Assets ETF,Sector Equity,Mid Blend,Global Real Estate,0.65
NBSM,Neuberger Small-Mid Cap ETF,U.S. Equity,Small Blend,Mid-Cap Growth,0.65
GLBL,Pacer MSCI World Industry Advantage ETF,International Equity,Large Blend,Global Large-Stock Blend,0.65
ACVT,Advent Convertible Bond ETF,Allocation,--,Convertibles,0.65
EMES,Harbor Emerging Markets Select ETF,International Equity,Large Growth,Diversified Emerging Mkts,0.65
DIVE,Dana Concentrated Dividend ETF,U.S. Equity,Large Value,Large Value,0.65
OAKI,Oakmark International Large Cap ETF,International Equity,Large Blend,Foreign Large Value,0.65
DVGR,Dac 3D Dividend Growth ETF,U.S. Equity,Large Blend,Large Value,0.65
IVSI,Applied Finance IVS International Large ETF,International Equity,Large Blend,Foreign Large Blend,0.65
CSIO,Cohen & Steers Infrastructure Opportunities Active ETF,Sector Equity,Mid Value,Infrastructure,0.65
TSRS,Truth Social American Red State REITs ETF,Sector Equity,Small Value,Real Estate,0.65
TSES,Truth Social American Energy Security ETF,Sector Equity,Large Value,Equity Energy,0.65
AVOS,Avos Global Equities ETF,International Equity,Large Blend,Global Large-Stock Blend,0.64
SMOM,Symmetry Panoramic Sector Momentum ETF,U.S. Equity,Large Value,Large Blend,0.63
RJDI,RJ Eagle GCM Dividend Select Income ETF,U.S. Equity,Large Blend,Large Value,0.63
BASG,Brown Advisory Sustainable Growth ETF,U.S. Equity,Large Growth,Large Growth,0.61
SYZ,Lazard US Systematic Small Cap Equity ETF,U.S. Equity,Small Blend,Small Blend,0.61
SDCI,USCF SummerHaven Dynamic Commodity Strategy No K-1 Fund,Commodities,--,Commodities Broad Basket,0.6
FTIF,First Trust Bloomberg Inflation Sensitive Equity ETF,U.S. Equity,Mid Value,Mid-Cap Value,0.6
FCFY,First Trust S&P 500 Diversified Free Cash Flow ETF,U.S. Equity,Mid Value,Mid-Cap Value,0.6
FTCE,First Trust New Constructs Core Earnings Leaders ETF,U.S. Equity,Large Blend,Large Blend,0.6
QLTI,GMO International Quality ETF,International Equity,Large Growth,Foreign Large Growth,0.6
SEMG,Suncoast Select Growth ETF,U.S. Equity,Large Blend,Large Growth,0.6
BAIV,Brown Advisory International Value Select ETF,International Equity,Mid Value,Foreign Large Value,0.6
PSAI,Pacer S&P 500 3AI TOP 100 ETF,U.S. Equity,Large Blend,Large Growth,0.6
WDAI,Pacer S&P World 3AI TOP 300 ETF,International Equity,Large Blend,Global Large-Stock Growth,0.6
RWX,State Street® SPDR® Dow Jones® International Real Estate ETF,Sector Equity,Mid Value,Global Real Estate,0.59
FCG,First Trust Natural Gas ETF,Sector Equity,Small Value,Equity Energy,0.59
ECNS,iShares MSCI China Small-Cap ETF,International Equity,Mid Value,Greater China Region,0.59
GDLC,Grayscale CoinDesk Crypto 5 ETF,,--,Digital Assets,0.59
VCLN,Virtus Duff & Phelps Clean Energy ETF,Sector Equity,Mid Blend,Miscellaneous Sector,0.59
HFGO,Hartford Large Cap Growth ETF,U.S. Equity,Large Growth,Large Growth,0.59
EART,Global X Rare Earth & Critical Materials ETF,Sector Equity,Large Blend,Natural Resources,0.59
BIDD,iShares International Dividend Active ETF,International Equity,Large Blend,Foreign Large Blend,0.59
OAKM,Oakmark U.S. Large Cap ETF,U.S. Equity,Mid Value,Large Value,0.59
RIFR,Russell Investments Global Infrastructure ETF,Sector Equity,Mid Value,Infrastructure,0.59
EXUS,Nomura Focused International Core ETF,International Equity,Large Growth,Foreign Large Blend,0.59
MMID,MFS Active Mid Cap ETF,U.S. Equity,Mid Blend,Mid-Cap Blend,0.59
IVSS,Applied Finance IVS US SMID ETF,U.S. Equity,Small Blend,Mid-Cap Blend,0.59
ESIM,Eventide International ETF,International Equity,Large Blend,Foreign Large Blend,0.59
PFDE,Pathfinder Disciplined US Equity ETF,U.S. Equity,Large Blend,Large Blend,0.59
TPFC,Timothy Plan Free Cash Flow ETF,U.S. Equity,Mid Value,Large Blend,0.59
PRCS,Parnassus Core Select ETF,U.S. Equity,Large Blend,Large Blend,0.58
NBOS,Neuberger Option Strategy ETF,Nontraditional Equity,Large Blend,Equity Hedged,0.57
JGRW,Jensen Quality Growth ETF,U.S. Equity,Large Blend,Large Blend,0.57
KVLE,KraneShares Value Line® Dynamic Dividend Equity Index ETF,U.S. Equity,Large Value,Large Value,0.56
QDVO,Amplify CWP Growth & Income ETF,Nontraditional Equity,Large Blend,Derivative Income,0.56
ELD,WisdomTree Emerging Markets Local Debt Fund,Taxable Bond,--,Emerging-Markets Local-Currency Bond,0.55
VRAI,Virtus Real Asset Income ETF,International Equity,Small Value,Global Small/Mid Stock,0.55
OSEA,Harbor International Compounders ETF,International Equity,Large Growth,Foreign Large Growth,0.55
VEMY,Virtus Stone Harbor Emerging Markets High Yield Bond ETF,Taxable Bond,--,Emerging Markets Bond,0.55
SMCO,Hilton Small-Midcap Opportunity ETF,U.S. Equity,Small Blend,Mid-Cap Blend,0.55
DIVP,Cullen Enhanced Equity Income ETF,Nontraditional Equity,Large Value,Derivative Income,0.55
QUIZ,Zacks Quality International ETF,International Equity,Large Blend,Foreign Large Blend,0.55
IGGY,AB International Growth ETF,International Equity,Large Growth,Foreign Large Growth,0.55
TINS,Templeton International Insights ETF,International Equity,Large Blend,Foreign Large Blend,0.55
COMD,Global X Commodity Strategy ETF,Commodities,--,Commodities Broad Basket,0.55
JUDO,Janus Henderson U.S. Equity Enhanced Income ETF,Nontraditional Equity,Large Blend,Derivative Income,0.55
ABLG,Abacus FCF International Leaders ETF,International Equity,Large Growth,Foreign Large Growth,0.54
BAFE,Brown Advisory Flexible Equity ETF,U.S. Equity,Large Blend,Large Blend,0.54
SEPI,Shelton Equity Premium Income ETF,Nontraditional Equity,Large Blend,Derivative Income,0.54
ZSC,USCF Sustainable Commodity Strategy Fund,Commodities,--,Commodities Broad Basket,0.52
EWA,iShares MSCI Australia ETF,International Equity,Large Blend,Focused Region,0.5
EWM,iShares MSCI Malaysia ETF,International Equity,Large Value,Focused Region,0.5
HERO,Global X Video Games & Esports ETF,Sector Equity,Mid Growth,Communications,0.5
HEAL,Global X HealthTech ETF,Sector Equity,Small Growth,Health,0.5
DTCR,Global X Data Center & Digital Infrastructure ETF,Sector Equity,Large Blend,Real Estate,0.5
GVLU,Gotham 1000 Value ETF,U.S. Equity,Mid Value,Mid-Cap Value,0.5
FMED,Fidelity Disruptive Medicine ETF,Sector Equity,Mid Growth,Health,0.5
MAXJ,iShares Large Cap Max Buffer Jun ETF,Nontraditional Equity,Large Blend,Defined Outcome,0.5
SMAX,iShares Large Cap Max Buffer Sep ETF,Nontraditional Equity,Large Blend,Defined Outcome,0.5
HYBX,TCW High Yield Bond ETF,Taxable Bond,--,High Yield Bond,0.5
DMAX,iShares Large Cap Max Buffer Dec ETF,Nontraditional Equity,Large Blend,Defined Outcome,0.5
PMJA,PGIM S&P 500 Max Buffer ETF - January,Nontraditional Equity,Large Blend,Defined Outcome,0.5
PQJL,PGIM Nasdaq-100 Buffer 12 ETF - July,Nontraditional Equity,Large Growth,Defined Outcome,0.5
TWOX,iShares Large Cap Accelerated Outcome ETF,Nontraditional Equity,Large Blend,Defined Outcome,0.5
PMFB,PGIM S&P 500 Max Buffer ETF - February,Nontraditional Equity,Large Blend,Defined Outcome,0.5
CLCG,Crossmark Large Cap Growth ETF,U.S. Equity,Large Growth,Large Growth,0.5
STEN,iShares Large Cap 10% Target Buffer Sep ETF,Nontraditional Equity,Large Blend,Defined Outcome,0.5
TEND,Ishares Large Cap 10% Target Buffer Dec ETF,Nontraditional Equity,Large Blend,Defined Outcome,0.5
GMOD,GMO Dynamic Allocation ETF,Allocation,Large Value,Moderate Allocation,0.5
TENJ,ishares Large Cap 10% Target Buffer Jun ETF,Nontraditional Equity,Large Blend,Defined Outcome,0.5
TENM,ishares Large Cap 10% Target Buffer Mar ETF,Nontraditional Equity,Large Blend,Defined Outcome,0.5
BEDY,Bny Mellon Enhanced Dividend Income ETF,U.S. Equity,Large Value,Large Value,0.5
XCHG,Ab US Equity ETF,U.S. Equity,Large Blend,Large Blend,0.5
TMLP,Tortoise MLP ETF,Sector Equity,Small Value,Energy Limited Partnership,0.5
RKSG,Ruk Strategic Growth ETF,U.S. Equity,Large Blend,Large Growth,0.5
MFEM,PIMCO RAFI Dynamic Multi-Factor Emerging Markets Equity ETF,International Equity,Large Value,Diversified Emerging Mkts,0.49
IZRL,ARK Israel Innovative Technology ETF,International Equity,Small Growth,Focused Region,0.49
PSCW,Pacer Swan SOS Conservative (April) ETF,Nontraditional Equity,Large Blend,Defined Outcome,0.49
BILD,Nomura Global Listed Infrastructure ETF,Sector Equity,Mid Value,Infrastructure,0.49
QQQG,Pacer Nasdaq 100 Top 50 Cash Cows Growth Leaders ETF,U.S. Equity,Large Growth,Large Growth,0.49
MFSG,MFS Active Growth ETF,U.S. Equity,Large Growth,Large Growth,0.49
QQWZ,Pacer Cash COWZ 100-Nasdaq 100 Rotator ETF,U.S. Equity,Large Growth,Large Value,0.49
AAAA,Amplius Aggressive Asset Allocation ETF,Allocation,Large Blend,Aggressive Allocation,0.49
FRIZ,Franklin Dividend Growth ETF,U.S. Equity,Large Blend,Large Blend,0.49
PIEL,Pacer International Export Leaders ETF,International Equity,Large Growth,Foreign Large Blend,0.49
TALV,Transamerica Large Value Active ETF,U.S. Equity,Large Value,Large Value,0.49
QFHD,Pacer S&P 500 Quality FCF High Dividend ETF,U.S. Equity,Mid Value,Large Blend,0.49
QFRD,Pacer S&P 500 Quality FCF R&D Leaders ETF,U.S. Equity,Large Growth,Large Growth,0.49
TNXT,T. Rowe Price Innovation Leaders ETF,U.S. Equity,Large Growth,Large Growth,0.49
JHDG,John Hancock Hedged Equity ETF,Nontraditional Equity,Large Blend,Equity Hedged,0.49
PXH,Invesco RAFI Emerging Markets ETF,International Equity,Large Value,Diversified Emerging Mkts,0.47
ETEC,iShares Breakthrough Environmental Solutions ETF,Sector Equity,Mid Growth,Miscellaneous Sector,0.47
ISTM,iShares Strategic Metals ETF,Commodities,--,Commodities Focused,0.47
THEQ,T. Rowe Price Hedged Equity ETF,Nontraditional Equity,Large Blend,Equity Hedged,0.46
TGLB,T. Rowe Price Global Equity ETF,International Equity,Large Blend,Global Large-Stock Blend,0.46
PFF,iShares Preferred and Income Securities ETF,Taxable Bond,--,Preferred Stock,0.45
PSK,State Street® SPDR® ICE Preferred Securities ETF,Taxable Bond,--,Preferred Stock,0.45
DIVY,Sound Equity Dividend Income ETF,U.S. Equity,Mid Value,Mid-Cap Value,0.45
BSVO,EA Bridgeway Omni Small-Cap Value ETF,U.S. Equity,Small Value,Small Value,0.45
IDYN,iShares International Equity Factor Rotation Active ETF,International Equity,Large Blend,Foreign Large Blend,0.45
FSML,Franklin Small Cap Enhanced ETF,U.S. Equity,Small Blend,Small Blend,0.45
GARA,Guinness Atkinson Real Assets Income ETF,U.S. Equity,Mid Blend,Large Blend,0.45
MIGO,Mig Core ETF,U.S. Equity,Large Growth,Large Blend,0.45
DUTY,U.S. Defense ETF,Sector Equity,Mid Growth,Industrials,0.45
WDRN,"WisdomTree Physical AI, Humanoids, and Drones Fund",Sector Equity,--,Technology,0.45
XLFX,Corgi U.S. Financials 2x Daily ETF,Miscellaneous,--,Trading--Leveraged Equity,0.45
XKRE,Corgi U.S. Regional Banks 2x Daily ETF,Miscellaneous,--,Trading--Leveraged Equity,0.45
CARX,Corgi CART 2x Daily ETF,Miscellaneous,--,Trading--Leveraged Equity,0.45
SMCC,Corgi SMCI 2x Daily ETF,Miscellaneous,--,Trading--Leveraged Equity,0.45
IOSX,Corgi AAPL 2x Daily ETF,Miscellaneous,--,Trading--Leveraged Equity,0.45
JOBC,Corgi JOBY 2x Daily ETF,Miscellaneous,--,Trading--Leveraged Equity,0.45
RGTC,Corgi RGTI 2x Daily ETF,Miscellaneous,--,Trading--Leveraged Equity,0.45
IDUB,Aptus International Enhanced Yield ETF,Nontraditional Equity,Large Blend,Derivative Income,0.44
TBFC,The Brinsmere Fund - Conservative ETF,Allocation,Large Blend,Tactical Allocation,0.44
LRGG,Nomura Focused Large Growth ETF,U.S. Equity,Large Growth,Large Growth,0.44
MFSV,MFS Active Value ETF,U.S. Equity,Large Value,Large Value,0.44
NBGX,Neuberger Growth ETF,U.S. Equity,Large Growth,Large Growth,0.44
TFNS,T. Rowe Price Financials ETF,Sector Equity,Large Value,Financial,0.44
DAK,Dakota Active Equity ETF,U.S. Equity,Large Blend,Large Blend,0.43
RWIN,Rayliant NxtGen Multifactor International Equity ETF,International Equity,Large Blend,Foreign Large Blend,0.42
RSPS,Invesco S&P 500® Equal Weight Consumer Staples ETF,Sector Equity,Mid Value,Consumer Defensive,0.4
BDYN,iShares Dynamic Equity Active ETF,International Equity,Large Blend,Global Large-Stock Blend,0.4
NPFE,NPF Core Equity ETF,U.S. Equity,Large Blend,Large Blend,0.4
TEMR,T. Rowe Price Emerging Markets Equity Research ETF,International Equity,Large Blend,Diversified Emerging Mkts,0.4
CGGG,Capital Group U.S. Large Growth ETF,U.S. Equity,Large Growth,Large Growth,0.39
ESLG,Eventide Large Cap Growth ETF,U.S. Equity,Large Growth,Large Growth,0.39
ESLV,Eventide Large Cap Value ETF,U.S. Equity,Large Value,Large Value,0.39
INCM,Franklin Income Focus ETF,Allocation,Large Value,Moderately Conservative Allocation,0.38
QMID,Wisdomtree U.S. Midcap Quality Growth Fund,U.S. Equity,Small Growth,Mid-Cap Growth,0.38
FFLV,Fidelity Fundamental Large Cap Value ETF,U.S. Equity,Large Value,Large Value,0.38
IEZ,iShares U.S. Oil Equipment & Services ETF,Sector Equity,Mid Blend,Equity Energy,0.37
TLCI,Touchstone International Equity ETF,International Equity,Large Blend,Foreign Large Blend,0.37
APCB,ActivePassive Core Bond ETF,Taxable Bond,--,Intermediate Core-Plus Bond,0.36
QYLG,Global X Nasdaq 100® Covered Call & Growth ETF,Nontraditional Equity,Large Growth,Derivative Income,0.35
XYLG,Global X S&P 500® Covered Call & Growth ETF,Nontraditional Equity,Large Blend,Derivative Income,0.35
DYLG,Global X Dow 30 Covered Call & Growth ETF,Nontraditional Equity,Large Value,Derivative Income,0.35
FDIV,MarketDesk Focused U.S. Dividend ETF,U.S. Equity,Mid Value,Mid-Cap Value,0.35
OILT,Texas Capital Texas Oil Index ETF,Sector Equity,Mid Value,Equity Energy,0.35
INFO,Harbor PanAgora Dynamic Large Cap Core ETF,U.S. Equity,Large Blend,Large Blend,0.35
WNDR,Corgi Travel & Leisure ETF,Sector Equity,Mid Blend,Consumer Cyclical,0.35
GLAM,"Corgi Beauty, Skincare & Aesthetics ETF",U.S. Equity,Small Value,Large Blend,0.35
LATR,Corgi Buy Now Pay Later ETF,Sector Equity,Mid Growth,Financial,0.35
EYES,Corgi Data & Surveillance ETF,Sector Equity,Mid Growth,Technology,0.35
AV,Corgi Aerospace & Commercial Aviation ETF,Sector Equity,Mid Blend,Industrials,0.35
STYL,Corgi Lifestyle Brands ETF,Sector Equity,Small Blend,Consumer Cyclical,0.35
YUNG,Corgi Longevity Consumer ETF,Sector Equity,Mid Blend,Consumer Cyclical,0.35
BRIE,MFS Blended Research International Equity ETF,International Equity,Large Value,Foreign Large Blend,0.34
DVVY,Invesco Diversified Dividend Opportunities ETF,U.S. Equity,Large Value,Large Value,0.33
CRUX,Columbia Core Bond ETF,Taxable Bond,Small Value,Intermediate Core Bond,0.32
ERET,Ishares Environmentally Aware Real Estate ETF,Sector Equity,Mid Blend,Global Real Estate,0.3
ABUF,Aptus Laddered Buffer ETF,Nontraditional Equity,Large Blend,Defined Outcome,0.3
EELV,Invesco S&P Emerging Markets Low Volatility ETF,International Equity,Large Value,Diversified Emerging Mkts,0.29
PAPI,Parametric Equity Premium Income ETF,Nontraditional Equity,Mid Value,Derivative Income,0.29
FLAG,Global X S&P 500 U.S. Market Leaders TOP 50 ETF,U.S. Equity,Large Value,Large Blend,0.29
NBIE,Neuberger International Core Equity ETF,International Equity,Large Blend,Foreign Large Blend,0.29
FYEE,Fidelity Yield Enhanced Equity ETF,Nontraditional Equity,Large Blend,Derivative Income,0.28
CORB,AB Core Bond ETF,Taxable Bond,--,Intermediate Core Bond,0.28
FSEG,Fidelity Enhanced Small Cap Growth ETF,U.S. Equity,Small Growth,Small Growth,0.28
ENHI,Ishares Enhanced International Active ETF,International Equity,Large Blend,Foreign Large Blend,0.27
ANGL,VanEck Fallen Angel High Yield Bond ETF,Taxable Bond,--,High Yield Bond,0.25
QCLR,Global X NASDAQ 100® Collar 95-110 ETF,Nontraditional Equity,Large Growth,Equity Hedged,0.25
XCLR,Global X S&P 500® Collar 95-110 ETF,Nontraditional Equity,Large Blend,Equity Hedged,0.25
XTR,Global X S&P 500® Tail Risk ETF,Nontraditional Equity,Large Blend,Equity Hedged,0.25
TOAK,Twin Oak Short Horizon Absolute Return ETF,Taxable Bond,Large Blend,Ultrashort Bond,0.25
JANB,Aptus January Buffer ETF,Nontraditional Equity,Large Blend,Defined Outcome,0.25
OCTB,Aptus October Buffer ETF,Nontraditional Equity,Large Blend,Defined Outcome,0.25
JULB,Aptus July Buffer ETF,Nontraditional Equity,Large Blend,Defined Outcome,0.25
DDXX,Defined Duration 20 ETF,International Equity,Large Blend,Global Large-Stock Blend,0.25
VUS,Virtus U.S. Dividend ETF,U.S. Equity,Large Value,Large Blend,0.25
QEW,Invesco QQQ Equal Weight ETF,U.S. Equity,Large Growth,Large Growth,0.25
ELM,Elm Market Navigator ETF,Allocation,Large Blend,Global Moderately Aggressive Allocation,0.24
BRCE,MFS Blended Research Core Equity ETF,U.S. Equity,Large Blend,Large Blend,0.24
FEMV,Fidelity Enhanced Mid Cap Value ETF,U.S. Equity,Mid Blend,Mid-Cap Value,0.23
DFGR,Dimensional Global Real Estate ETF,Sector Equity,Mid Blend,Global Real Estate,0.22
ENHU,iShares Enhanced Large Cap Core Active ETF,U.S. Equity,Large Blend,Large Blend,0.22
PQUS,Pictet AI Enhanced US Equity ETF,U.S. Equity,Large Blend,Large Blend,0.22
XOEF,iShares S&P 500 ex S&P 100 ETF,U.S. Equity,Mid Blend,Large Blend,0.2
SQLT,Ishares MSCI USA Small-Cap Quality Factor ETF,U.S. Equity,Small Blend,Small Blend,0.2
BAY,Corgi Bay Area Based ETF,U.S. Equity,Large Growth,Large Blend,0.2
NYNY,Corgi NYC Based ETF,U.S. Equity,Large Value,Large Blend,0.2
MSTC,Corgi MSTR 2x Daily ETF,Miscellaneous,--,Trading--Leveraged Equity,0.2
FBX,Corgi META 2x Daily ETF,Miscellaneous,--,Trading--Leveraged Equity,0.2
NVC,Corgi NVDA 2x Daily ETF,Miscellaneous,--,Trading--Leveraged Equity,0.2
FIDI,Fidelity International High Dividend ETF,International Equity,Large Value,Foreign Large Value,0.18
EAOK,iShares ESG Aware 30/70 Conservative Allocation ETF,Allocation,Large Blend,Global Conservative Allocation,0.18
FLRN,State Street® SPDR® Bloomberg Investment Grade Floating Rate ETF,Taxable Bond,--,Ultrashort Bond,0.15
SNPD,Xtrackers S&P Dividend Aristocrats Screened ETF,U.S. Equity,Mid Value,Mid-Cap Value,0.15
BTC,Grayscale Bitcoin Mini Trust ETF,Miscellaneous,--,Digital Assets,0.15
GXPC,Global X Purecap MSCI Communication Services ETF,Sector Equity,Large Value,Communications,0.15
REET,iShares Global REIT ETF,Sector Equity,Mid Blend,Global Real Estate,0.14
PBPH,Portfolio Building Block World Pharma And Biotech Index ETF,Sector Equity,Large Value,Health,0.13
NOEQ,NORTHERN TRUST US EQUITY ETF,U.S. Equity,Large Blend,Large Blend,0.12
BKEM,BNY Mellon Emerging Markets Equity ETF,International Equity,Large Blend,Diversified Emerging Mkts,0.11
CTAP,Simplify US Equity PLUS Managed Futures Strategy ETF,U.S. Equity,Large Blend,Large Blend,0.1
TRUH,Vaneck Healthcare TruSector ETF,Sector Equity,Large Value,Health,0.1
TRUF,Vaneck Financials TruSector ETF,Sector Equity,Large Value,Financial,0.1
SPXD,Xtrackers S&P 500 Diversified Sector Weight ETF,U.S. Equity,Large Value,Large Value,0.09
FREL,Fidelity MSCI Real Estate Index ETF,Sector Equity,Mid Blend,Real Estate,0.084
HDV,iShares Core High Dividend ETF,U.S. Equity,Large Value,Large Value,0.08
TRSY,Xtrackers US 0-1 Year Treasury ETF,Taxable Bond,--,Short Government,0.06
SPSB,State Street® SPDR® Portfolio Short Term Corporate Bond ETF,Taxable Bond,--,Short-Term Bond,0.04
SPTI,State Street® SPDR® Portfolio Intermediate Term Treasury ETF,Taxable Bond,--,Intermediate Government,0.03
SCHB,Schwab U.S. Broad Market ETF™,U.S. Equity,Large Blend,Large Blend,0.03
SCHF,Schwab International Equity ETF™,International Equity,Large Blend,Foreign Large Blend,0.03
SCHX,Schwab U.S. Large-Cap ETF™,U.S. Equity,Large Blend,Large Blend,0.03
SPBO,State Street® SPDR® Portfolio Corporate Bond ETF,Taxable Bond,--,Corporate Bond,0.03
SPTS,State Street® SPDR® Portfolio Short Term Treasury ETF,Taxable Bond,--,Short Government,0.03
SCHQ,Schwab Long-Term U.S. Treasury ETF,Taxable Bond,--,Long Government,0.03
SPTB,State Street® SPDR® Portfolio Treasury ETF,Taxable Bond,--,Intermediate Government,0.03
RAUS,RACWI US ETF,U.S. Equity,Large Blend,Large Blend,0.0
KDVD,Keeley Dividend ETF,U.S. Equity,Small Value,Mid-Cap Blend,0.0
TACU,T. Rowe Price Active Core U.S. Equity ETF,U.S. Equity,Large Blend,Large Blend,0.0
TACN,T. Rowe Price Active Core International Equity ETF,International Equity,Large Blend,Foreign Large Blend,0.0
EDGQ,Global X Nasdaq-100 Income Edge ETF,Nontraditional Equity,Large Growth,Derivative Income,0.0
HLTH,Tema Healthcare AI ETF,Sector Equity,Small Growth,Health,
Highlighted cells have been user-added and may not meet the criteria included in the screen.,,,,,
The data and information in this spreadsheet is provided to you solely for your use and is not for distribution.,,,,,
"The spreadsheet is provided for informational purposes only, and is not intended to provide advice, nor should it be construed ",,,,,
"as an offer to sell, a solicitation of an offer to buy or a recommendation for any security by Fidelity or any third party.",,,,,
Data and information shown is based on information known to Fidelity as of the date it was exported and is subject to change.,,,,,
"For more information on the data included in this spreadsheet, including any limitations thereof, go to Fidelity.com.",,,,,
Performance data quoted represents past performance and the return and principal value of an investment will fluctuate ,,,,,
so that an investor's shares when redeemed may be worth more or less than their original cost.,,,,,
"Brokerage services are provided by Fidelity Brokerage Services LLC, 900 Salem Street, Smithfield RI 02917.",,,,,
Custody and other services provided by National Financial Servicess LLC.,,,,,
"Both are Fidelity Investment companies and members SIPC, NYSE.",,,,,
AS OF 03:13 AM ET 08/11/2026 Quotes delayed at least 15 minutes.,,,,,
LSEQ,Harbor Long-Short Equity ETF,Nontraditional Equity,Mid Blend,Long-Short Equity,2.28
EMPB,Efficient Market Portfolio Plus ETF,Nontraditional Equity,Large Blend,Long-Short Equity,2.21
TXXH,21Shares 2x Long HYPE ETF,Miscellaneous,--,Digital Assets,1.89
CLSE,Convergence Long/Short Equity ETF,Nontraditional Equity,Large Blend,Long-Short Equity,1.52
NTAL,GraniteShares 2x Long NTAP Daily ETF,Miscellaneous,--,Trading--Leveraged Equity,1.5
ARP,Pmv Adaptive Risk Parity ETF,Allocation,Large Blend,Tactical Allocation,1.42
MVFG,Monarch Volume Factor Global Unconstrained ETF,International Equity,Mid Value,Global Large-Stock Blend,1.41
YINN,Direxion Daily FTSE China Bull 3X Shares,Miscellaneous,Large Value,Trading--Leveraged Equity,1.34
DRAI,Draco Evolution AI ETF,Allocation,Large Blend,Conservative Allocation,1.34
AGOX,Adaptive Alpha Opportunities ETF,Allocation,Large Blend,Tactical Allocation,1.33
DYTA,SGI Dynamic Tactical ETF,Allocation,Large Blend,Tactical Allocation,1.32
AINT,FINQ DOLLAR NEUTRAL U.S. Large Cap AI-Managed Equity ETF,Nontraditional Equity,Large Growth,Long-Short Equity,1.25
MVFD,Monarch Volume Factor Dividend Tree ETF,Allocation,Small Value,Moderate Allocation,1.1
MYLD,Cambria Micro And Smallcap Shareholder Yield ETF,U.S. Equity,Small Value,Small Value,1.09
MSMR,McElhenny Sheffield Managed Risk ETF,Allocation,Mid Blend,Moderate Allocation,1.06
BAMO,Brookstone Opportunities ETF,Allocation,Large Blend,Moderate Allocation,1.06
PSTR,PeakShares Sector Rotation ETF,Nontraditional Equity,Large Blend,Derivative Income,1.06
AAPX,T-Rex 2X Long Apple Daily Target ETF,Miscellaneous,Large Blend,Trading--Leveraged Equity,1.05
FAZ,Direxion Daily Financial Bear 3X Shares,Miscellaneous,--,Trading--Inverse Equity,1.03
MPRO,Monarch ProCap ETF,Allocation,Mid Value,Moderate Allocation,1.03
EDGH,3EDGE Dynamic Hard Assets ETF,Commodities,--,Commodities Broad Basket,1.01
HFGM,Unlimited HFGM Global Macro ETF,Alternative,Large Blend,Macro Trading,1.01
DDDD,YieldMax U.S. Stocks Target Double Distribution ETF,U.S. Equity,Large Value,Large Value,1.01
FFND,One Global ETF,U.S. Equity,Large Growth,Large Growth,1.0
HVAC,AdvisorShares HVAC and Industrials ETF,Sector Equity,Mid Growth,Industrials,1.0
MSFW,Roundhill MSFT WeeklyPay ETF,Miscellaneous,Large Value,Trading--Miscellaneous,1.0
VICE,AdvisorShares Vice ETF,Sector Equity,Mid Blend,Miscellaneous Sector,0.99
RSST,Return Stacked® U.S. Stocks & Managed Futures ETF,Alternative,Large Blend,Multi-Asset Overlay,0.99
TYYY,xETFs TSLA Daily Income ETF,Nontraditional Equity,--,Derivative Income,0.99
FAAR,First Trust Alternative Absolute Return Strategy ETF,Commodities,--,Commodities Broad Basket,0.98
QXQ,SGI Enhanced Nasdaq-100 ETF,Nontraditional Equity,Large Growth,Derivative Income,0.98
DUKQ,Ocean Park Domestic ETF,U.S. Equity,Large Blend,Large Blend,0.98
XBCI,NEOS Boosted Bitcoin High Income ETF,Miscellaneous,--,Digital Assets,0.98
EDGI,3EDGE Dynamic International Equity ETF,International Equity,Large Blend,Foreign Large Blend,0.97
MATE,Man Active Trend Enhanced ETF,Alternative,Large Blend,Multi-Asset Overlay,0.97
ASMU,Direxion Daily ASML Bull 2X ETF,Miscellaneous,Large Growth,Trading--Leveraged Equity,0.97
PLIB,Direxion PLTR Defined Income Boost ETF,Nontraditional Equity,Large Growth,Derivative Income,0.97
UYM,ProShares Ultra Materials,Miscellaneous,Mid Blend,Trading--Leveraged Equity,0.95
EIPX,FT Energy Income Partners Strategy ETF,Sector Equity,Mid Value,Equity Energy,0.95
BETH,ProShares Bitcoin & Ether Market Cap Weight ETF,Miscellaneous,--,Digital Assets,0.95
RCGE,RockCreek Global Equality ETF,International Equity,Mid Value,Global Large-Stock Blend,0.95
GGM,GGM Macro Alignment ETF,U.S. Equity,Large Value,Large Blend,0.94
DVQQ,WEBs QQQ Defined Volatility ETF,U.S. Equity,Large Growth,Large Growth,0.94
EGGY,NestYield Dynamic Income ETF,Nontraditional Equity,Large Growth,Equity Hedged,0.92
KRBN,KraneShares Global Carbon ETF,Commodities,--,Commodities Focused,0.91
SHDG,Soundwatch Hedged Equity ETF,Nontraditional Equity,Large Blend,Equity Hedged,0.91
EDGU,3EDGE Dynamic US Equity ETF,U.S. Equity,Large Blend,Large Blend,0.91
LITL,Simplify Piper Sandler US Small-Cap PLUS Income ETF,U.S. Equity,Small Blend,Small Blend,0.91
PIE,Invesco Dorsey Wright Emerging Markets Momentum ETF,International Equity,Large Growth,Diversified Emerging Mkts,0.9
QDEC,FT Vest Nasdaq-100 Buffer ETF – December,Nontraditional Equity,Large Growth,Defined Outcome,0.9
QJUN,FT Vest Nasdaq-100 Buffer ETF - June,Nontraditional Equity,Large Growth,Defined Outcome,0.9
QSPT,FT Vest Nasdaq-100® Buffer ETF – September,Nontraditional Equity,--,Defined Outcome,0.9
EAPR,Innovator Emerging Markets Power Buffer ETF - April,Nontraditional Equity,Large Blend,Defined Outcome,0.89
KONG,Formidable Fortress ETF,U.S. Equity,Mid Blend,Mid-Cap Blend,0.89
EOCT,Innovator Emerging Markets Power Buffer ETF™ - October,Nontraditional Equity,Large Blend,Defined Outcome,0.89
BAMD,Brookstone Dividend Stock ETF,U.S. Equity,Mid Value,Mid-Cap Value,0.89
QFLR,Innovator Nasdaq-100 Managed Floor ETF,Nontraditional Equity,Large Growth,Equity Hedged,0.89
EBUF,Innovator Emerging Markets 10 Buffer ETF - Quarterly,Nontraditional Equity,Large Blend,Defined Outcome,0.89
RFLR,Innovator U.S. Small Cap Managed Floor ETF,Nontraditional Equity,Small Blend,Equity Hedged,0.89
BUYO,KraneShares Man Buyout Beta Index ETF,U.S. Equity,Small Blend,Small Blend,0.89
DVXV,WEBs Health Care XLV Defined Volatility ETF,Sector Equity,Large Value,Health,0.89
SPIT,F/m Emerald Special Situations ETF,U.S. Equity,Small Growth,Large Growth,0.89
BITC,Bitwise Trendwise Bitcoin and Treasuries Rotation Strategy ETF,Miscellaneous,--,Digital Assets,0.88
EPSV,Harbor SMID Cap Value ETF,U.S. Equity,Small Blend,Small Value,0.88
ROMO,Strategy Shares Newfound/ReSolve Robust Momentum ETF,Allocation,Large Blend,Moderately Aggressive Allocation,0.87
USMD,CoreValues America First Technology ETF,Sector Equity,Large Growth,Technology,0.87
EMQQ,EMQQ The Emerging Markets Internet ETF,International Equity,Large Growth,Diversified Emerging Mkts,0.86
FLCE,Frontier Asset U.S. Large Cap Equity ETF,U.S. Equity,Large Blend,Large Blend,0.86
HBTA,Horizon Expedition Plus ETF,Nontraditional Equity,Large Blend,Derivative Income,0.86
ASGM,Virtus AlphaSimplex Global Macro ETF,Alternative,Large Blend,Macro Trading,0.86
DBMF,iMGP DBi Managed Futures Strategy ETF,Alternative,Large Blend,Systematic Trend,0.85
IAPR,Innovator International Developed Power Buffer ETF - April,Nontraditional Equity,Large Blend,Defined Outcome,0.85
TMFG,Motley Fool Global Opportunities ETF,International Equity,Large Growth,Global Large-Stock Growth,0.85
BCDF,Horizon Kinetics Blockchain Development ETF,Miscellaneous,Mid Blend,Digital Assets,0.85
ISEP,Innovator International Developed Power Buffer ETF - September,Nontraditional Equity,Large Blend,Defined Outcome,0.85
IDEC,Innovator International Developed Power Buffer ETF - December,Nontraditional Equity,Large Blend,Defined Outcome,0.85
IFEB,Innovator International Developed Power Buffer ETF - February,Nontraditional Equity,Large Blend,Defined Outcome,0.85
IMAR,Innovator International Developed Power Buffer ETF - March,Nontraditional Equity,Large Blend,Defined Outcome,0.85
XIMR,FT Vest U.S. Equity Buffer & Premium Income ETF - March,Nontraditional Equity,Large Blend,Defined Outcome,0.85
MARM,FT Vest U.S. Equity Max Buffer ETF - March,Nontraditional Equity,Large Blend,Defined Outcome,0.85
KEAT,Keating Active ETF,Allocation,Mid Value,Global Moderately Aggressive Allocation,0.85
IMAY,Innovator International Developed Power Buffer ETF - May,Nontraditional Equity,Large Blend,Defined Outcome,0.85
IJUN,Innovator International Developed Power Buffer ETF - June,Nontraditional Equity,Large Blend,Defined Outcome,0.85
JUNM,FT Vest U.S. Equity Max Buffer ETF - June,Nontraditional Equity,Large Blend,Defined Outcome,0.85
IBUF,Innovator International Developed 10 Buffer ETF - Quarterly,Nontraditional Equity,Large Blend,Defined Outcome,0.85
JULM,FT Vest U.S. Equity Max Buffer ETF - July,Nontraditional Equity,Large Blend,Defined Outcome,0.85
AUGM,FT Vest U.S. Equity Max Buffer ETF - August,Nontraditional Equity,Large Blend,Defined Outcome,0.85
SEPM,FT Vest U.S. Equity Max Buffer ETF - September,Nontraditional Equity,Large Blend,Defined Outcome,0.85
OCTM,FT Vest U.S. Equity Max Buffer ETF – October,Nontraditional Equity,Large Blend,Defined Outcome,0.85
NOVM,FT Vest U.S. Equity Max Buffer ETF – November,Nontraditional Equity,Large Blend,Defined Outcome,0.85
SQMX,FT Vest U.S. Equity Quarterly Max Buffer ETF,Nontraditional Equity,Large Blend,Defined Outcome,0.85
DECM,FT Vest U.S. Equity Max Buffer ETF - December,Nontraditional Equity,Large Blend,Defined Outcome,0.85
JANM,FT Vest U.S. Equity Max Buffer ETF - January,Nontraditional Equity,Large Blend,Defined Outcome,0.85
PEVC,Pacer PE/VC ETF,U.S. Equity,Large Blend,Large Growth,0.85
FEBM,FT Vest U.S. Equity Max Buffer ETF - February,Nontraditional Equity,Large Blend,Defined Outcome,0.85
APXM,FT Vest U.S. Equity Max Buffer ETF - April,Nontraditional Equity,Large Blend,Defined Outcome,0.85
MAYM,FT Vest U.S. Equity Max Buffer ETF - May,Nontraditional Equity,Large Blend,Defined Outcome,0.85
TCV,Towle Value ETF,U.S. Equity,Small Value,Small Value,0.85
DLAG,FT Vest U.S. Equity Dual Directional Buffer ETF - August,Nontraditional Equity,Large Blend,Defined Outcome,0.85
DGOC,FT Vest U.S. Equity Buffer & Digital Return ETF October,Nontraditional Equity,Large Blend,Defined Outcome,0.85
DLNV,FT Vest U.S. Equity Dual Directional Buffer ETF November,Nontraditional Equity,Large Blend,Defined Outcome,0.85
DGJA,FT Vest U.S. Equity Buffer & Digital Return ETF - January,Nontraditional Equity,Large Blend,Defined Outcome,0.85
DLFE,FT Vest U.S. Equity Dual Directional Buffer ETF - February,Nontraditional Equity,Large Blend,Defined Outcome,0.85
INTL,Main International ETF,International Equity,Large Blend,Foreign Large Blend,0.84
OVF,Overlay Shares Foreign Equity ETF,International Equity,Large Blend,Foreign Large Blend,0.83
FGSM,Frontier Asset Global Small Cap Equity ETF,International Equity,Small Blend,Global Small/Mid Stock,0.82
PVEX,TrueShares ConVequity ETF,U.S. Equity,--,Large Blend,0.82
SFTX,Horizon International Managed Risk ETF,Allocation,Large Blend,Tactical Allocation,0.82
FEM,First Trust Emerging Markets AlphaDEX® Fund,International Equity,Large Value,Diversified Emerging Mkts,0.8
MEDI,Harbor Health Care ETF,Sector Equity,Mid Growth,Health,0.8
EAGL,Eagle Capital Select Equity ETF,U.S. Equity,Large Value,Large Blend,0.8
TEMX,Touchstone Sands Capital Emerging Markets ex-China Growth ETF,International Equity,Large Growth,Diversified Emerging Mkts,0.8
UAPR,Innovator U.S. Equity Ultra Buffer ETF™ - April,Nontraditional Equity,Large Blend,Defined Outcome,0.79
KJUL,Innovator Russell 2000 Power Buffer ETF™ - July,Nontraditional Equity,Small Blend,Defined Outcome,0.79
XBJA,Innovator U.S. Equity Accelerated 9 Buffer ETF - January,Nontraditional Equity,Large Blend,Defined Outcome,0.79
QTJA,Innovator Growth Accelerated Plus ETF - January,Nontraditional Equity,Large Growth,Defined Outcome,0.79
XTJA,Innovator U.S. Equity Accelerated Plus ETF - January,Nontraditional Equity,Large Blend,Defined Outcome,0.79
USE,USCF Energy Commodity Strategy Absolute Return Fund,Commodities,--,Commodities Focused,0.79
NJUN,Innovator Growth-100 Power Buffer ETF - June,Nontraditional Equity,Large Growth,Defined Outcome,0.79
RBUF,Innovator U.S. Small Cap 10 Buffer ETF - Quarterly,Nontraditional Equity,Small Blend,Defined Outcome,0.79
NAUG,Innovator Growth-100 Power Buffer ETF - August,Nontraditional Equity,Large Growth,Defined Outcome,0.79
KCAI,KraneShares China Alpha Index ETF,International Equity,Large Value,Greater China Region,0.79
KSEP,Innovator U.S. Small Cap Power Buffer ETF - September,Nontraditional Equity,Small Blend,Defined Outcome,0.79
NSEP,Innovator Growth-100 Power Buffer ETF - September,Nontraditional Equity,--,Defined Outcome,0.79
NNOV,Innovator Growth-100 Power Buffer ETF - November,Nontraditional Equity,Large Growth,Defined Outcome,0.79
KNOV,Innovator U.S. Small Cap Power Buffer ETF - November,Nontraditional Equity,Small Blend,Defined Outcome,0.79
KFEB,Innovator U.S. Small Cap Power Buffer ETF - February,Nontraditional Equity,Small Blend,Defined Outcome,0.79
KMAR,Innovator U.S. Small Cap Power Buffer ETF - March,Nontraditional Equity,Small Blend,Defined Outcome,0.79
NMAR,Innovator Growth-100 Power Buffer ETF - March,Nontraditional Equity,Large Growth,Defined Outcome,0.79
SPBU,AllianzIM Buffer15 Uncapped Allocation ETF,Nontraditional Equity,Large Blend,Defined Outcome,0.79
MPLY,Monopoly ETF,U.S. Equity,Large Growth,Large Blend,0.79
HARD,Simplify Commodities Strategy No K-1 ETF,Commodities,--,Commodities Broad Basket,0.78
SFTY,Horizon Managed Risk ETF,Allocation,Large Blend,Tactical Allocation,0.77
BUZZ,VanEck Social Sentiment ETF,U.S. Equity,Large Growth,Large Growth,0.76
NRSH,Aztlan North America Nearshoring Stock Selection ETF,Sector Equity,Mid Growth,Industrials,0.76
GSG,iShares S&P GSCI Commodity-Indexed Trust,Commodities,--,Commodities Broad Basket,0.75
DBE,Invesco DB Energy Fund,Commodities,--,Commodities Focused,0.75
ARKX,ARK Space & Defense Innovation ETF,Sector Equity,Large Growth,Technology,0.75
AZTD,Aztlan Global Stock Selection Dm SMID ETF,International Equity,Small Growth,Global Small/Mid Stock,0.75
TDVI,FT Vest Technology Dividend Target Income ETF,Nontraditional Equity,Large Blend,Derivative Income,0.75
SOVF,Sovereign's Capital Flourish Fund,U.S. Equity,Small Value,Mid-Cap Blend,0.75
GRW,TCW Durable Growth ETF,U.S. Equity,Large Growth,Large Growth,0.75
IDVZ,Polen International Dividend Income ETF,International Equity,Large Value,Foreign Large Value,0.75
HUMN,Roundhill Humanoid Robotics ETF,Sector Equity,Mid Growth,Technology,0.75
YNOT,Horizon Digital Frontier ETF,Sector Equity,Large Growth,Technology,0.75
FRGN,Horizon International Equity ETF,International Equity,Large Blend,Foreign Large Blend,0.75
DISK,Tema Memory ETF,Sector Equity,Large Growth,Technology,0.75
MAYW,AllianzIM U.S. Equity Buffer20 May ETF,Nontraditional Equity,Large Blend,Defined Outcome,0.74
JUNW,AllianzIM U.S. Equity Buffer20 Jun ETF,Nontraditional Equity,Large Blend,Defined Outcome,0.74
AUGW,AllianzIM U.S. Equity Buffer20 Aug ETF,Nontraditional Equity,Large Blend,Defined Outcome,0.74
SEPW,AllianzIM U.S. Equity Buffer20 Sep ETF,Nontraditional Equity,Large Blend,Defined Outcome,0.74
FLJJ,AllianzIM U.S. Equity 6 Month Floor5 Jan/Jul ETF,Nontraditional Equity,Large Blend,Defined Outcome,0.74
SIXF,Allianzim U.S. Equity 6 Month Buffer10 Feb/Aug ETF,Nontraditional Equity,Large Blend,Defined Outcome,0.74
SIXP,Allianzim U.S. Equity 6 Month Buffer10 Mar/Sep ETF,Nontraditional Equity,Large Blend,Defined Outcome,0.74
ARLU,AllianzIM U.S. Equity Buffer15 Uncapped Apr ETF,Nontraditional Equity,Large Blend,Defined Outcome,0.74
SIXZ,AllianzIM U.S. Equity 6 Month Buffer10 May/Nov ETF,Nontraditional Equity,Large Blend,Defined Outcome,0.74
MAYU,AllianzIM U.S. Equity Buffer15 Uncapped May ETF,Nontraditional Equity,Large Blend,Defined Outcome,0.74
SIXD,AllianzIM U.S. Equity 6 Month Buffer10 Jun/Dec ETF,Nontraditional Equity,Large Blend,Defined Outcome,0.74
JNEU,AllianzIM U.S. Equity Buffer15 Uncapped Jun ETF,Nontraditional Equity,Large Blend,Defined Outcome,0.74
JULU,AllianzIM U.S. Equity Buffer15 Uncapped Jul ETF,Nontraditional Equity,Large Blend,Defined Outcome,0.74
AUGU,AllianzIM U.S. Equity Buffer15 Uncapped Aug ETF,Nontraditional Equity,Large Blend,Defined Outcome,0.74
SEPU,AllianzIM U.S. Equity Buffer15 Uncapped Sep ETF,Nontraditional Equity,Large Blend,Defined Outcome,0.74
OCTU,AllianzIM U.S. Equity Buffer15 Uncapped Oct ETF,Nontraditional Equity,Large Blend,Defined Outcome,0.74
NVBU,AllianzIM U.S. Equity Buffer15 Uncapped Nov ETF,Nontraditional Equity,Large Blend,Defined Outcome,0.74
ALIL,Argent Focused Small Cap ETF,U.S. Equity,Small Growth,Small Blend,0.74
COM,Direxion Auspice Broad Commodity Strategy ETF,Commodities,--,Commodities Broad Basket,0.72
RISN,Inspire Capital Appreciation ETF,Allocation,Mid Blend,Tactical Allocation,0.72
GLOW,VictoryShares WestEnd Global Equity ETF,International Equity,Large Blend,Global Large-Stock Blend,0.72
BASV,Brown Advisory Sustainable Value ETF,U.S. Equity,Large Value,Large Value,0.71
FPXE,First Trust IPOX Europe Equity Opportunities ETF,International Equity,Mid Growth,Europe Stock,0.7
BNGE,First Trust S-Network Streaming & Gaming ETF,Sector Equity,Large Blend,Communications,0.7
BCUS,Bancreek U.S. Large Cap ETF,U.S. Equity,Mid Growth,Large Blend,0.7
HGRO,Hedgeye Quality Growth ETF,U.S. Equity,Large Blend,Large Blend,0.7
STOX,Horizon Core Equity ETF,U.S. Equity,Large Blend,Large Blend,0.7
RCTR,First Trust Bloomberg Nuclear Power ETF,Sector Equity,Large Blend,Miscellaneous Sector,0.7
PCLN,Pictet Cleaner Planet ETF,International Equity,Large Growth,Global Small/Mid Stock,0.7
PBOT,Pictet AI & Automation ETF,Sector Equity,Large Growth,Technology,0.7
KARS,KraneShares Electric Vehicles and Future Mobility Index ETF,Sector Equity,Large Blend,Industrials,0.69
BALT,Innovator Defined Wealth Shield ETF,Nontraditional Equity,Large Blend,Defined Outcome,0.69
PRAY,FIS Christian Stock Fund ETF,U.S. Equity,Large Blend,Large Blend,0.69
TACK,Fairlead Tactical Sector Fund,Allocation,Large Value,Tactical Allocation,0.69
ZALT,Innovator U.S. Equity 10 Buffer ETF - Quarterly,Nontraditional Equity,Large Blend,Defined Outcome,0.69
TOGA,Tremblant Global ETF,International Equity,Mid Growth,Global Large-Stock Growth,0.69
OASC,OneAscent Enhanced Small and Mid Cap ETF,U.S. Equity,Small Blend,Small Blend,0.69
GPT,Intelligent Alpha Atlas ETF,International Equity,Large Blend,Global Large-Stock Blend,0.69
THIR,THOR Index Rotation ETF,Allocation,Large Value,Tactical Allocation,0.69
TEC,Harbor Transformative Technologies ETF,Sector Equity,Large Growth,Technology,0.69
DRIV,Global X Autonomous & Electric Vehicles ETF,Sector Equity,Mid Blend,Miscellaneous Sector,0.68
HGER,Harbor Commodity All-Weather Strategy ETF,Commodities,--,Commodities Broad Basket,0.68
CSMD,Congress SMID Growth ETF,U.S. Equity,Small Growth,Mid-Cap Growth,0.68
SDEM,Global X MSCI SuperDividend® Emerging Markets ETF,International Equity,Large Value,Diversified Emerging Mkts,0.66
PSFF,Pacer Swan SOS Fund of Funds ETF,Nontraditional Equity,Large Blend,Defined Outcome,0.66
DCMT,DoubleLine Commodity Strategy ETF,Commodities,--,Commodities Broad Basket,0.66
ASHR,Xtrackers Harvest CSI 300 China A-Shares ETF,International Equity,Large Blend,Greater China Region,0.65
RNRG,Global X Renewable Energy Producers ETF,Sector Equity,Mid Blend,Equity Energy,0.65
PTEU,Pacer Trendpilot™ European Index ETF,International Equity,Large Blend,Europe Stock,0.65
CAPE,DoubleLine Shiller CAPE U.S. Equities ETF,U.S. Equity,Large Value,Large Value,0.65
SETM,Sprott Critical Materials ETF,Sector Equity,Mid Growth,Natural Resources,0.65
CMDT,PIMCO Commodity Strategy Active Exchange-Traded Fund,Commodities,--,Commodities Broad Basket,0.65
SAMM,Strategas Macro Momentum ETF,U.S. Equity,Mid Blend,Large Blend,0.65
PATN,Pacer Nasdaq International Patent Leaders ETF,International Equity,Large Blend,Foreign Large Blend,0.65
BCHI,GMO Beyond China ETF,International Equity,Large Blend,Diversified Emerging Mkts,0.65
WTIP,WisdomTree Inflation Plus Fund,Commodities,--,Commodities Broad Basket,0.65
TSNF,Truth Social American Next Frontiers ETF,Sector Equity,Mid Growth,Technology,0.65
TSSD,Truth Social American Security & Defense ETF,Sector Equity,Mid Growth,Industrials,0.65
FRWD,Nomura Transformational Technologies ETF,Sector Equity,Large Growth,Technology,0.65
HAKY,Amplify Hack Cybersecurity Covered Call ETF,Nontraditional Equity,Mid Growth,Derivative Income,0.65
PBW,Invesco WilderHill Clean Energy ETF,U.S. Equity,Small Blend,Small Growth,0.64
THLV,THOR Equal Weight Low Volatility ETF,Allocation,Large Value,Tactical Allocation,0.64
BEEZ,Honeytree U.S. Equity ETF,U.S. Equity,Mid Blend,Large Blend,0.64
REMG,Russell Investments Emerging Markets Equity ETF,International Equity,Large Blend,Diversified Emerging Mkts,0.64
JETS,U.S. Global Jets ETF,Sector Equity,Mid Blend,Industrials,0.6
FSGS,First Trust SMID Growth Strength ETF,U.S. Equity,Small Growth,Small Value,0.6
PWS,Pacer WealthShield ETF,Allocation,Large Growth,Tactical Allocation,0.6
SMIG,Bahl & Gaynor Small/Mid Cap Income Growth ETF,U.S. Equity,Small Blend,Mid-Cap Value,0.6
SHPP,Pacer Industrials and Logistics ETF,Sector Equity,Large Blend,Industrials,0.6
RND,First Trust Bloomberg R&D Leaders ETF,U.S. Equity,Large Blend,Large Blend,0.6
BKDV,BNY Mellon Dynamic Value ETF,U.S. Equity,Large Value,Large Value,0.6
WAR,U.S. Global Technology and Aerospace & Defense ETF,Sector Equity,Mid Growth,Technology,0.6
TSCV,Thrivent Small Cap Value ETF,U.S. Equity,Small Value,Small Value,0.6
PZLV,Pzena U.S. Large Cap Value ETF,U.S. Equity,Mid Value,Large Value,0.6
EWZ,iShares MSCI Brazil ETF,International Equity,Large Value,Focused Region,0.59
NDIV,Amplify Energy & Natural Resources Covered Call ETF,Sector Equity,Mid Value,Natural Resources,0.59
CAMX,Cambiar Aggressive Value ETF,International Equity,Mid Value,Global Large-Stock Value,0.59
CAFG,Pacer US Small Cap Cash Cows Growth Leaders ETF,U.S. Equity,Small Blend,Small Growth,0.59
OZEM,Roundhill Glp-1 & Weight Loss ETF,Sector Equity,Large Value,Health,0.59
LYLD,Cambria LargeCap Shareholder Yield ETF,U.S. Equity,Mid Value,Mid-Cap Value,0.59
MFSI,MFS Active International ETF,International Equity,Large Blend,Foreign Large Blend,0.59
PRVS,Parnassus Value Select ETF,U.S. Equity,Large Value,Large Value,0.59
MNRS,Grayscale Bitcoin Miners ETF,Sector Equity,Small Growth,Equity Digital Assets,0.59
USNG,Amplify Samsung U.S. Natural Gas Infrastructure ETF,Sector Equity,Mid Blend,Equity Energy,0.59
SGRT,SMART Earnings Growth 30 ETF,U.S. Equity,Mid Growth,Large Growth,0.59
JHAI,Janus Henderson Global Artificial Intelligence ETF,Sector Equity,Large Growth,Technology,0.59
LADM,Pacer Swan SOS Laddered Moderate ETF,Nontraditional Equity,Large Blend,Defined Outcome,0.59
CTEX,ProShares S&P Kensho Cleantech ETF,Sector Equity,Small Blend,Technology,0.58
MDLV,Morgan Dempsey Large Cap Value ETF,U.S. Equity,Large Value,Large Value,0.58
RUNN,Running Oak Efficient Growth ETF,U.S. Equity,Mid Blend,Mid-Cap Blend,0.58
WINN,Harbor Long-Term Growers ETF,U.S. Equity,Large Growth,Large Growth,0.57
JXX,Janus Henderson Transformational Growth ETF,U.S. Equity,Large Growth,Large Growth,0.57
KBA,KraneShares Bosera MSCI China A 50 Connect Index ETF,International Equity,Large Growth,Greater China Region,0.56
GRIN,VictoryShares International Free Cash Flow Growth ETF,International Equity,Large Growth,Foreign Large Growth,0.56
JDVL,John Hancock Disciplined Value Select ETF,U.S. Equity,Large Value,Large Value,0.56
FGD,First Trust Dow Jones Global Select Dividend Index Fund,International Equity,Mid Value,Foreign Large Value,0.55
ACES,ALPS Clean Energy ETF,Sector Equity,Small Blend,Miscellaneous Sector,0.55
BMED,iShares Health Innovation Active ETF,Sector Equity,Mid Blend,Health,0.55
SXQG,ETC 6 Meridian Quality Growth ETF,U.S. Equity,Large Growth,Large Growth,0.55
MKAM,MKAM ETF,Allocation,Large Blend,Moderate Allocation,0.55
SPWO,SP Funds S&P World ETF,International Equity,Large Growth,Foreign Large Growth,0.55
IPAV,Global X Infrastructure Development ex-U.S. ETF,Sector Equity,Large Blend,Infrastructure,0.55
DTAN,Sparkline International Intangible Value ETF,International Equity,Large Value,Foreign Large Value,0.55
SEIS,SEI Select Small Cap ETF,U.S. Equity,Small Blend,Small Blend,0.55
RGEF,Rockefeller Global Equity ETF,International Equity,Large Blend,Global Large-Stock Blend,0.55
FFDI,Fidelity Fundamental Developed International ETF,International Equity,Large Growth,Foreign Large Growth,0.55
FFGX,Fidelity Fundamental Global ex-U.S. ETF,International Equity,Large Growth,Foreign Large Growth,0.55
GROZ,Zacks Focus Growth ETF,U.S. Equity,Large Growth,Large Growth,0.55
HWSM,Hotchkis & Wiley SMID Cap Diversified Value Fund,U.S. Equity,Small Value,Mid-Cap Value,0.55
IDEF,iShares Defense Industrials Active ETF,Sector Equity,Large Growth,Industrials,0.55
ABLG,Abacus FCF International Leaders ETF,International Equity,Large Growth,Foreign Large Growth,0.54
CGXU,Capital Group International Focus Equity ETF,International Equity,Large Growth,Foreign Large Growth,0.54
TAX,Cambria Tax Aware ETF,U.S. Equity,Mid Blend,Mid-Cap Blend,0.54
TIIV,AAM Todd International Intrinsic Value ETF,International Equity,Large Value,Foreign Large Value,0.54
ENOR,iShares MSCI Norway ETF,International Equity,Mid Value,Focused Region,0.53
PPTY,Vident U.S. Diversified Real Estate ETF,Sector Equity,Small Blend,Real Estate,0.53
YGLD,Simplify Gold Strategy ETF,Commodities,--,Commodities Focused,0.53
RWEM,Rayliant NxtGen Multifactor Emerging Markets Equity ETF,International Equity,Large Blend,Diversified Emerging Mkts,0.52
CGMM,Capital Group U.S. Small and Mid Cap ETF,U.S. Equity,Mid Blend,Mid-Cap Blend,0.51
EWS,iShares MSCI Singapore ETF,International Equity,Large Blend,Focused Region,0.5
FRI,First Trust S&P REIT Index Fund,Sector Equity,Mid Blend,Real Estate,0.5
NORW,Global X MSCI Norway ETF,International Equity,Mid Value,Focused Region,0.5
IBND,State Street® SPDR® Bloomberg International Corporate Bond ETF,Taxable Bond,--,Global Bond,0.5
DVYE,iShares Emerging Markets Dividend ETF,International Equity,Large Value,Diversified Emerging Mkts,0.5
INKM,State Street® Income Allocation ETF,Allocation,Large Value,Global Moderately Conservative Allocation,0.5
EBIZ,Global X E-commerce ETF,Sector Equity,Mid Blend,Consumer Cyclical,0.5
KROP,Global X AgTech & Food Innovation ETF,International Equity,Mid Value,Global Small/Mid Stock,0.5
TMFE,Motley Fool Capital Efficiency 100 Index ETF,U.S. Equity,Large Blend,Large Blend,0.5
FDV,Federated Hermes U.S. Strategic Dividend ETF,U.S. Equity,Mid Value,Large Value,0.5
IVVB,iShares Large Cap Deep Quarterly Laddered ETF,Nontraditional Equity,Large Blend,Defined Outcome,0.5
PBJA,PGIM S&P 500 Buffer 20 ETF - January,Nontraditional Equity,Large Blend,Defined Outcome,0.5
JANP,PGIM S&P 500 Buffer 12 ETF - Jan,Nontraditional Equity,Large Blend,Defined Outcome,0.5
FEBP,PGIM S&P 500 Buffer 12 ETF - Feb,Nontraditional Equity,Large Blend,Defined Outcome,0.5
PBFB,PGIM S&P 500 Buffer 20 ETF - Feburary,Nontraditional Equity,Large Blend,Defined Outcome,0.5
PBMR,PGIM S&P 500 Buffer 20 ETF - March,Nontraditional Equity,Large Blend,Defined Outcome,0.5
MRCP,PGIM S&P 500 Buffer 12 ETF - Mar,Nontraditional Equity,Large Blend,Defined Outcome,0.5
PBAP,PGIM S&P 500 Buffer 20 ETF - April,Nontraditional Equity,Large Blend,Defined Outcome,0.5
APRP,PGIM S&P 500 Buffer 12 ETF - Apr,Nontraditional Equity,Large Blend,Defined Outcome,0.5
PBMY,PGIM S&P 500 Buffer 20 ETF - May,Nontraditional Equity,Large Blend,Defined Outcome,0.5
MAYP,PGIM S&P 500 Buffer 12 ETF - May,Nontraditional Equity,Large Blend,Defined Outcome,0.5
PBJL,PGIM S&P 500 Buffer 20 ETF - July,Nontraditional Equity,Large Blend,Defined Outcome,0.5
JULP,PGIM S&P 500 Buffer 12 ETF - Jul,Nontraditional Equity,Large Blend,Defined Outcome,0.5
PBAU,PGIM S&P 500 Buffer 20 ETF - August,Nontraditional Equity,Large Blend,Defined Outcome,0.5
AUGP,PGIM S&P 500 Buffer 12 ETF - Aug,Nontraditional Equity,Large Blend,Defined Outcome,0.5
SEPP,PGIM S&P 500 Buffer 12 ETF - Sep,Nontraditional Equity,Large Blend,Defined Outcome,0.5
PBSE,PGIM S&P 500 Buffer 20 ETF - September,Nontraditional Equity,Large Blend,Defined Outcome,0.5
PBOC,PGIM S&P 500 Buffer 20 ETF - October,Nontraditional Equity,Large Blend,Defined Outcome,0.5
OCTP,PGIM S&P 500 Buffer 12 ETF - Oct,Nontraditional Equity,Large Blend,Defined Outcome,0.5
PBNV,PGIM S&P 500 Buffer 20 ETF - November,Nontraditional Equity,Large Blend,Defined Outcome,0.5
NOVP,PGIM S&P 500 Buffer 12 ETF - Nov,Nontraditional Equity,Large Blend,Defined Outcome,0.5
DECP,PGIM S&P 500 Buffer 12 ETF - Dec,Nontraditional Equity,Large Blend,Defined Outcome,0.5
PBDE,PGIM S&P 500 Buffer 20 ETF - December,Nontraditional Equity,Large Blend,Defined Outcome,0.5
PBJN,PGIM S&P 500 Buffer 20 ETF - June,Nontraditional Equity,--,Defined Outcome,0.5
JUNP,PGIM S&P 500 Buffer 12 ETF - Jun,Nontraditional Equity,--,Defined Outcome,0.5
PBFR,PGIM Laddered S&P 500 Buffer 20 ETF,Nontraditional Equity,Large Blend,Defined Outcome,0.5
BUFP,PGIM Laddered S&P 500 Buffer 12 ETF,Nontraditional Equity,Large Blend,Defined Outcome,0.5
GMOV,GMO U.S. Value ETF,U.S. Equity,Large Value,Large Value,0.5
ZAP,Global X U.S. Electrification ETF,Sector Equity,Mid Value,Utilities,0.5
PQJA,PGIM Nasdaq-100 Buffer 12 ETF - January,Nontraditional Equity,Large Growth,Defined Outcome,0.5
PQOC,PGIM Nasdaq-100 Buffer 12 ETF - October,Nontraditional Equity,Large Growth,Defined Outcome,0.5
PBQQ,PGIM Laddered Nasdaq-100 Buffer 12 ETF,Nontraditional Equity,Large Growth,Defined Outcome,0.5
PQAP,PGIM Nasdaq-100 Buffer 12 ETF - April,Nontraditional Equity,Large Growth,Defined Outcome,0.5
THMZ,Lazard Equity Megatrends ETF,International Equity,Large Blend,Global Large-Stock Blend,0.5
CLCV,Crossmark Large Cap Value ETF,U.S. Equity,Large Value,Large Value,0.5
DRES,GMO Domestic Resilience ETF,U.S. Equity,Mid Blend,Mid-Cap Blend,0.5
CHGX,Stance Sustainable Beta ETF,U.S. Equity,Mid Blend,Large Blend,0.49
SRVR,Pacer Data & Infrastructure Real Estate ETF,Sector Equity,Mid Blend,Real Estate,0.49
SWAN,Amplify BlackSwan Growth & Treasury Core ETF,Nontraditional Equity,Large Blend,Equity Hedged,0.49
PSMD,Pacer Swan SOS Moderate (January) ETF,Nontraditional Equity,Large Blend,Defined Outcome,0.49
PSCX,Pacer Swan SOS Conservative (January) ETF,Nontraditional Equity,Large Blend,Defined Outcome,0.49
PSMR,Pacer Swan SOS Moderate (April) ETF,Nontraditional Equity,Large Blend,Defined Outcome,0.49
PSFM,Pacer Swan SOS Flex (April) ETF,Nontraditional Equity,Large Blend,Defined Outcome,0.49
PSFJ,Pacer Swan SOS Flex (July) ETF,Nontraditional Equity,Large Blend,Defined Outcome,0.49
PSMJ,Pacer Swan SOS Moderate (July) ETF,Nontraditional Equity,Large Blend,Defined Outcome,0.49
PSCJ,Pacer Swan SOS Conservative (July) ETF,Nontraditional Equity,Large Blend,Defined Outcome,0.49
HFSI,Hartford Strategic Income ETF,Taxable Bond,Large Value,Multisector Bond,0.49
PSFO,Pacer Swan SOS Flex (October) ETF,Nontraditional Equity,--,Defined Outcome,0.49
PSMO,Pacer Swan SOS Moderate (October) ETF,Nontraditional Equity,--,Defined Outcome,0.49
PSCQ,Pacer Swan SOS Conservative (October) ETF,Nontraditional Equity,--,Defined Outcome,0.49
ELCV,Eventide High Dividend ETF,U.S. Equity,Large Value,Large Value,0.49
RINT,Russell Investments International Developed Equity ETF,International Equity,Large Blend,Foreign Large Blend,0.49
RGLO,Russell Investments Global Equity ETF,International Equity,Large Blend,Global Large-Stock Blend,0.49
ESSC,Eventide Small Cap ETF,U.S. Equity,Small Blend,Small Blend,0.49
MNVR,Pacer Swan SOS Moderate (November) ETF,Nontraditional Equity,Large Blend,Defined Outcome,0.49
MAUG,Pacer Swan SOS Moderate (August) ETF,Nontraditional Equity,Large Blend,Defined Outcome,0.49
MMAY,Pacer Swan SOS Moderate (May) ETF,Nontraditional Equity,Large Blend,Defined Outcome,0.49
MFEB,Pacer Swan SOS Moderate (February) ETF,Nontraditional Equity,Large Blend,Defined Outcome,0.49
MSEP,Pacer Swan SOS Moderate (September) ETF,Nontraditional Equity,Large Blend,Defined Outcome,0.49
MDCR,Pacer Swan SOS Moderate (December) ETF,Nontraditional Equity,Large Blend,Defined Outcome,0.49
MJUN,Pacer Swan SOS Moderate (June) ETF,Nontraditional Equity,Large Blend,Defined Outcome,0.49
MMAR,Pacer Swan SOS Moderate (March) ETF,Nontraditional Equity,Large Blend,Defined Outcome,0.49
COMT,iShares GSCI Commodity Dynamic Roll Strategy ETF,Commodities,--,Commodities Broad Basket,0.48
FHEQ,Fidelity Hedged Equity ETF,Nontraditional Equity,Large Blend,Equity Hedged,0.48
FBUF,Fidelity Dynamic Buffered Equity ETF,Nontraditional Equity,Large Blend,Equity Hedged,0.48
ILF,iShares Latin America 40 ETF,International Equity,Large Value,Focused Region,0.47
ECON,Columbia Research Enhanced Emerging Economies ETF,International Equity,Large Blend,Diversified Emerging Mkts,0.47
IQDF,FlexShares International Quality Dividend Index Fund,International Equity,Large Value,Foreign Large Value,0.47
IDNA,iShares Genomics Immunology and Healthcare ETF,Sector Equity,Mid Blend,Health,0.47
IVRS,iShares Future Metaverse Tech And Communications ETF,Sector Equity,Mid Growth,Communications,0.47
CGGE,Capital Group Global Equity ETF,International Equity,Large Blend,Global Large-Stock Blend,0.47
TRTY,Cambria Trinity ETF,Allocation,Mid Value,Tactical Allocation,0.46
TBFG,The Brinsmere Fund - Growth ETF,Allocation,Large Blend,Tactical Allocation,0.46
DIVS,Guinness Atkinson Dividend Builder ETF,International Equity,Large Blend,Global Large-Stock Blend,0.45
USG,USCF Gold Strategy Plus Income Fund,Commodities,--,Commodities Focused,0.45
PBL,PGIM Portfolio Ballast ETF,Allocation,Large Blend,Moderate Allocation,0.45
ACVU,Hartford Alpha Capture Value ETF,U.S. Equity,Large Value,Large Value,0.45
NRES,Xtrackers RREEF Global Natural Resources ETF,Sector Equity,Large Value,Natural Resources,0.45
BGDV,Bahl & Gaynor Dividend ETF,U.S. Equity,Large Blend,Large Blend,0.45
WDEF,WisdomTree Europe Defense Fund,Sector Equity,Large Growth,Industrials,0.45
WDAF,WisdomTree Asia Defense Fund,Sector Equity,Large Growth,Industrials,0.45
WDGF,WisdomTree Global Defense Fund,Sector Equity,Large Growth,Industrials,0.45
WQTM,WisdomTree Quantum Computing Fund,Sector Equity,Large Growth,Technology,0.45
XLVX,Corgi U.S. Healthcare 2x Daily ETF,Miscellaneous,--,Trading--Leveraged Equity,0.45
MSIX,Corgi MSI 2x Daily ETF,Miscellaneous,--,Trading--Leveraged Equity,0.45
AMAA,Corgi AMZN 2x Daily ETF,Miscellaneous,--,Trading--Leveraged Equity,0.45
BABC,Corgi Baba 2x Daily ETF,Miscellaneous,--,Trading--Leveraged Equity,0.45
ONDC,Corgi ONDS 2x Daily ETF,Miscellaneous,--,Trading--Leveraged Equity,0.45
BNMC,Corgi Bmnr 2x Daily ETF,Miscellaneous,--,Trading--Leveraged Equity,0.45
NOWX,Corgi NOW 2x Daily ETF,Miscellaneous,--,Trading--Leveraged Equity,0.45
CRWC,Corgi CRWD 2x Daily ETF,Miscellaneous,--,Trading--Leveraged Equity,0.45
ROAM,Hartford Multifactor Emerging Markets ETF,International Equity,Large Blend,Diversified Emerging Mkts,0.44
WTPI,WisdomTree Equity Premium Income Fund,Nontraditional Equity,--,Derivative Income,0.44
TMED,T. Rowe Price Health Care ETF,Sector Equity,Mid Blend,Health,0.44
TURF,T. Rowe Price Natural Resources ETF,Sector Equity,Large Value,Natural Resources,0.44
HEQT,Simplify Hedged Equity ETF,Nontraditional Equity,Large Blend,Equity Hedged,0.43
GAA,Cambria Global Asset Allocation ETF,Allocation,Mid Value,Global Moderate Allocation,0.4
FLDZ,TrueShares Patriot Defense ETF,U.S. Equity,Mid Growth,Mid-Cap Blend,0.4
XCCC,BondBloxx CCC Rated USD High Yield Corporate Bond ETF,Taxable Bond,--,High Yield Bond,0.4
SYFI,AB Short Duration High Yield ETF,Taxable Bond,Small Value,High Yield Bond,0.4
IDEQ,Lazard International Dynamic Equity ETF,International Equity,Large Blend,Foreign Large Blend,0.4
PHYL,PGIM Active High Yield Bond ETF,Taxable Bond,--,High Yield Bond,0.39
FLSA,Franklin FTSE Saudi Arabia ETF,International Equity,Large Blend,Focused Region,0.39
ABLD,Abacus FCF Real Assets Leaders ETF,U.S. Equity,Mid Value,Mid-Cap Value,0.39
RSSB,Return Stacked Global Stocks & Bonds ETF,Alternative,Large Blend,Multi-Asset Overlay,0.39
FLCG,Federated Hermes MDT Large Cap Growth ETF,U.S. Equity,Large Growth,Large Growth,0.39
GFLW,VictoryShares Free Cash Flow Growth ETF,U.S. Equity,Mid Growth,Large Growth,0.39
ESUM,Eventide US Market ETF,U.S. Equity,Large Blend,Large Blend,0.39
AAVM,Alpha Architect Global Factor Equity ETF,Nontraditional Equity,Mid Blend,Equity Hedged,0.38
DWMF,WisdomTree International Multifactor Fund,International Equity,Large Blend,Foreign Large Value,0.38
FFLG,Fidelity Fundamental Large Cap Growth ETF,U.S. Equity,Large Growth,Large Growth,0.38
QSML,Wisdomtree U.S. Smallcap Quality Growth Fund,U.S. Equity,Small Blend,Small Blend,0.38
TIER,T. Rowe Price International Equity Research ETF,International Equity,Large Blend,Foreign Large Blend,0.38
ASCE,Allspring SMID Core ETF,U.S. Equity,Small Blend,Small Blend,0.38
NURE,Nuveen Short-Term REIT ETF,Sector Equity,Small Value,Real Estate,0.36
FSCC,Federated Hermes MDT Small Cap Core ETF,U.S. Equity,Small Blend,Small Blend,0.36
BALI,iShares U.S. Large Cap Premium Income Active ETF,Nontraditional Equity,Large Blend,Derivative Income,0.35
CLOD,Themes Cloud Computing ETF,Sector Equity,Large Growth,Technology,0.35
GRPZ,Invesco S&P Smallcap 600 GARP ETF,U.S. Equity,Small Growth,Small Blend,0.35
GQQQ,Astoria US Quality Growth Kings ETF,U.S. Equity,Large Growth,Large Growth,0.35
AGRW,Allspring LT Large Growth ETF,U.S. Equity,Large Growth,Large Growth,0.35
ASLV,Allspring Special Large Value ETF,U.S. Equity,Large Value,Large Value,0.35
CSTK,Invesco Comstock Contrarian Equity ETF,U.S. Equity,Large Value,Large Value,0.35
GNMX,Corgi Genomics & Precision Medicine ETF,Sector Equity,Small Blend,Health,0.35
IMFL,Invesco International Developed Dynamic Multifactor ETF,International Equity,Large Blend,Foreign Large Blend,0.34
CGCV,Capital Group Conservative Equity ETF,U.S. Equity,Large Value,Large Value,0.33
CGVV,Capital Group U.S. Large Value ETF,U.S. Equity,Large Value,Large Value,0.33
XC,WisdomTree True Emerging Markets Fund,International Equity,Large Blend,Diversified Emerging Mkts,0.32
YOKE,Yoke Core ETF,U.S. Equity,Large Blend,Large Blend,0.31
RINF,ProShares Inflation Expectations ETF,Taxable Bond,--,Nontraditional Bond,0.3
CPLS,AB Core Plus Bond ETF,Taxable Bond,--,Intermediate Core-Plus Bond,0.3
EYEG,AB Corporate Bond ETF,Taxable Bond,--,Corporate Bond,0.3
SDFI,AB Short Duration Income ETF,Taxable Bond,Small Value,Short-Term Bond,0.3
JMID,Janus Henderson Mid Cap Growth Alpha ETF,U.S. Equity,Mid Growth,Mid-Cap Growth,0.3
WSML,iShares MSCI World Small-Cap ETF,International Equity,Small Blend,Global Small/Mid Stock,0.3
THYP,21Shares Hyperliquid ETF,Miscellaneous,--,Digital Assets,0.3
HTRB,Hartford Total Return Bond ETF,Taxable Bond,--,Intermediate Core-Plus Bond,0.29
HCRB,Hartford Core Bond ETF,Taxable Bond,--,Intermediate Core Bond,0.29
PHEQ,Parametric Hedged Equity ETF,Nontraditional Equity,Large Blend,Equity Hedged,0.29
NBCR,Neuberger Core Equity ETF,U.S. Equity,Large Blend,Large Blend,0.29
LCAP,Principal Capital Appreciation Select ETF,U.S. Equity,Large Blend,Large Blend,0.29
ALRG,Allspring LT Large Core ETF,U.S. Equity,Large Blend,Large Blend,0.28
DIHP,Dimensional International High Profitability ETF,International Equity,Large Blend,Foreign Large Blend,0.27
NUDV,Nuveen ESG Dividend ETF,U.S. Equity,Large Value,Large Value,0.26
FNDB,Schwab Fundamental U.S. Broad Market ETF,U.S. Equity,Large Value,Large Value,0.25
FNDX,Schwab Fundamental U.S. Large Company ETF,U.S. Equity,Large Value,Large Value,0.25
FDEM,Fidelity Emerging Markets Multifactor ETF,International Equity,Large Blend,Diversified Emerging Mkts,0.25
QTR,Global X NASDAQ 100® Tail Risk ETF,Nontraditional Equity,Large Growth,Equity Hedged,0.25
SPIN,State Street® US Equity Premium Income ETF,Nontraditional Equity,Large Blend,Derivative Income,0.25
BLUX,Bluemonte Dynamic Total Market ETF,U.S. Equity,Mid Blend,Large Blend,0.25
BLGR,Bluemonte Large Cap Growth ETF,U.S. Equity,Large Growth,Large Growth,0.24
BVAL,Bluemonte Large Cap Value ETF,U.S. Equity,Large Value,Large Value,0.24
BLUC,Bluemonte Large Cap Core ETF,U.S. Equity,Large Blend,Large Blend,0.23
BINT,Bluemonte Global Equity ETF,International Equity,Large Blend,Global Large-Stock Blend,0.23
ENDW,Cambria Endowment Style ETF,Allocation,Mid Value,Tactical Allocation,0.22
RSPE,Invesco ESG S&P 500 Equal Weight ETF,U.S. Equity,Mid Value,Large Value,0.2
BITB,Bitwise Bitcoin ETF,Miscellaneous,--,Digital Assets,0.2
TOPT,iShares Top 20 U.S. Stocks ETF,U.S. Equity,Large Blend,Large Blend,0.2
QNXT,iShares Nasdaq-100 ex Top 30 ETF,U.S. Equity,Large Growth,Large Growth,0.2
AQLT,iShares MSCI Global Quality Factor ETF,International Equity,Large Growth,Global Large-Stock Blend,0.2
AKAF,The Frontier Economic Fund,International Equity,Mid Value,Global Large-Stock Blend,0.2
TEXN,iShares Texas Equity ETF,U.S. Equity,Large Value,Large Blend,0.2
GDT,WisdomTree Efficient TIPS Plus Gold Fund,Alternative,--,Multistrategy,0.2
FLAX,Franklin FTSE Asia ex Japan ETF,International Equity,Large Blend,Pacific/Asia ex-Japan Stk,0.19
REVS,Columbia Research Enhanced Value ETF,U.S. Equity,Large Value,Large Value,0.19
IBBQ,Invesco Nasdaq Biotechnology ETF,Sector Equity,Mid Blend,Health,0.19
XCNY,State Street® SPDR® S&P Emerging Markets ex-China ETF,International Equity,Large Growth,Diversified Emerging Mkts,0.19
NIXT,Research Affiliates Deletions ETF,U.S. Equity,Small Value,Small Value,0.19
EGLE,Global X S&P 500 U.S. Revenue Leaders ETF,U.S. Equity,Large Blend,Large Blend,0.19
IQSZ,Invesco Global Equity Net Zero ETF,International Equity,Large Blend,Global Large-Stock Blend,0.19
QLVE,FlexShares Emerging Markets Quality Low Volatility Index Fund,International Equity,Large Blend,Diversified Emerging Mkts,0.18
EAOM,iShares ESG Aware 40/60 Moderate Allocation ETF,Allocation,Large Blend,Global Moderately Conservative Allocation,0.18
ESMV,iShares ESG Optimized MSCI USA Min Vol Factor ETF,U.S. Equity,Large Blend,Large Blend,0.18
FEAC,Fidelity Enhanced U.S. All-Cap Equity ETF,U.S. Equity,Large Blend,Large Blend,0.18
TOV,JLens 500 Jewish Advocacy U.S. ETF,U.S. Equity,Large Blend,Large Blend,0.18
QVMS,Invesco S&P SmallCap 600 QVM Multi-factor ETF,U.S. Equity,Small Blend,Small Blend,0.15
SELV,SEI QiM U.S. Large Cap Low Volatility Active ETF,U.S. Equity,Large Value,Large Value,0.15
GXPT,Global X PureCap MSCI Information Technology ETF,Sector Equity,Large Growth,Technology,0.15
GXPE,Global X Purecap MSCI Energy ETF,Sector Equity,Large Value,Equity Energy,0.15
TRUT,Vaneck Technology Trusector ETF,Sector Equity,Large Growth,Technology,0.14
XTWY,Bondbloxx Bloomberg Twenty Year Target Duration US Treasury ETF,Taxable Bond,--,Long Government,0.13
PBOG,Portfolio Building Block Integrated Oil And Gas And Exploration And Production Index ETF,Sector Equity,Large Value,Equity Energy,0.13
PBEU,Portfolio Building Block European Banks Index ETF,Sector Equity,Large Value,Financial,0.13
QLVD,FlexShares Developed Markets ex-US Quality Low Volatility Index Fund,International Equity,Large Blend,Foreign Large Blend,0.12
ITDJ,iShares LifePath Target Date 2070 ETF,Allocation,Large Blend,Target-Date 2070+,0.12
GOVZ,iShares 25+ Year Treasury STRIPS Bond ETF,Taxable Bond,--,Long Government,0.1
KLMT,Invesco MSCI Global Climate 500 ETF,International Equity,Large Blend,Global Large-Stock Blend,0.1
PEPS,Parametric Equity Plus ETF,Nontraditional Equity,Large Blend,Derivative Income,0.1
HDEF,Xtrackers MSCI EAFE High Dividend Yield Equity ETF,International Equity,Large Value,Foreign Large Value,0.09
FLGR,Franklin FTSE Germany ETF,International Equity,Large Blend,Focused Region,0.09
ITDB,Ishares Lifepath Target Date 2030 ETF,Allocation,Large Blend,Target-Date 2030,0.09
KLMN,Invesco MSCI North America Climate ETF,U.S. Equity,Large Blend,Large Blend,0.09
XUDV,Franklin U.S. Dividend Booster Index ETF,U.S. Equity,Mid Value,Large Value,0.09
TOPC,iShares S&P 500 3% Capped ETF,U.S. Equity,Large Blend,Large Blend,0.09
FENY,Fidelity MSCI Energy Index ETF,Sector Equity,Large Value,Equity Energy,0.084
SCHY,Schwab International Dividend Equity ETF,International Equity,Large Value,Foreign Large Value,0.08
IRTR,Ishares Lifepath Retirement ETF,Allocation,Large Blend,Target-Date Retirement,0.08
XDIV,Roundhill S&P 500 No Dividend Target ETF,U.S. Equity,Large Blend,Large Blend,0.08
SCHD,Schwab U.S. Dividend Equity ETF™,U.S. Equity,Large Value,Large Value,0.06
SPIB,State Street® SPDR® Portfolio Intermediate Term Corporate Bond ETF,Taxable Bond,--,Corporate Bond,0.04
SCHG,Schwab U.S. Large-Cap Growth ETF™,U.S. Equity,Large Growth,Large Growth,0.04
SCHV,Schwab U.S. Large-Cap Value ETF™,U.S. Equity,Large Value,Large Value,0.04
BKIE,BNY Mellon International Equity ETF,International Equity,Large Blend,Foreign Large Blend,0.04
SCHA,Schwab U.S. Small-Cap ETF™,U.S. Equity,Small Blend,Small Blend,0.03
SCHM,Schwab U.S. Mid-Cap ETF™,U.S. Equity,Mid Blend,Mid-Cap Blend,0.03
BHYP,Bitwise Hyperliquid ETF,Miscellaneous,--,Digital Assets,0.0
Highlighted cells have been user-added and may not meet the criteria included in the screen.,,,,,
The data and information in this spreadsheet is provided to you solely for your use and is not for distribution.,,,,,
"The spreadsheet is provided for informational purposes only, and is not intended to provide advice, nor should it be construed ",,,,,
"as an offer to sell, a solicitation of an offer to buy or a recommendation for any security by Fidelity or any third party.",,,,,
Data and information shown is based on information known to Fidelity as of the date it was exported and is subject to change.,,,,,
"For more information on the data included in this spreadsheet, including any limitations thereof, go to Fidelity.com.",,,,,
Performance data quoted represents past performance and the return and principal value of an investment will fluctuate ,,,,,
so that an investor's shares when redeemed may be worth more or less than their original cost.,,,,,
"Brokerage services are provided by Fidelity Brokerage Services LLC, 900 Salem Street, Smithfield RI 02917.",,,,,
Custody and other services provided by National Financial Servicess LLC.,,,,,
"Both are Fidelity Investment companies and members SIPC, NYSE.",,,,,
AS OF 03:14 AM ET 08/11/2026 Quotes delayed at least 15 minutes.,,,,,
ORR,Militia Long/Short Equity ETF,Nontraditional Equity,Mid Blend,Long-Short Equity,10.91
RSEE,Rareview Systematic Equity ETF,Nontraditional Equity,Large Blend,Equity Hedged,2.71
ZCSH,Grayscale® Zcash Trust (ZEC),Miscellaneous,--,Digital Assets,2.5
SCAP,Infrastructure Capital Small Cap Income ETF,U.S. Equity,Small Value,Small Value,2.2
RDTY,YieldMax Russell 2000 0DTE Covered Call Strategy ETF,Nontraditional Equity,Small Blend,Derivative Income,1.73
WBIF,WBI BullBear Value 3000 ETF,Allocation,Mid Value,Tactical Allocation,1.65
SNAV,Mohr Sector Nav ETF,U.S. Equity,Large Blend,Large Blend,1.59
WBIL,WBI BullBear Quality 3000 ETF,Allocation,Mid Blend,Tactical Allocation,1.55
MSTQ,LHA Market State™ Tactical Q ETF,Nontraditional Equity,Large Growth,Equity Hedged,1.55
PUL,GraniteShares 2x Long P Daily ETF,Miscellaneous,--,Trading--Leveraged Equity,1.5
PRAE,PlanRock Alternative Growth ETF,Alternative,Large Blend,Multi-Asset Overlay,1.49
STXX,Tradr 2X Long STX Daily ETF,Miscellaneous,--,Trading--Leveraged Equity,1.49
MSSS,Monarch Select Subsector ETF,U.S. Equity,Mid Blend,Mid-Cap Blend,1.42
CNAV,Mohr Company Nav ETF,U.S. Equity,Large Growth,Large Blend,1.31
NITE,The Nightview ETF,U.S. Equity,Large Growth,Large Growth,1.25
SSXU,Day Hagan Smart Sector International ETF,International Equity,Large Blend,Foreign Large Blend,1.22
HCMT,Direxion HCM Tactical Enhanced U.S. Equity Strategy ETF,U.S. Equity,Large Blend,Large Blend,1.18
QDTY,YieldMax Nasdaq 100 0DTE Covered Call Strategy ETF,Nontraditional Equity,--,Derivative Income,1.17
AMZZ,GraniteShares 2x Long AMZN Daily ETF,Miscellaneous,--,Trading--Leveraged Equity,1.15
PLTY,YieldMax PLTR Option Income Strategy ETF,Nontraditional Equity,--,Derivative Income,1.07
NUKX,Nicholas Nuclear Income ETF,Sector Equity,Mid Blend,Equity Energy,1.07
BOEU,Direxion Daily BA Bull 2X Shares,Miscellaneous,Large Growth,Trading--Leveraged Equity,1.06
RISR,FolioBeyond Alternative Income and Interest Rate Hedge ETF,Taxable Bond,--,Nontraditional Bond,1.04
GINX,SGI Enhanced Global Income ETF,International Equity,Large Value,Global Large-Stock Value,1.02
GMOM,Cambria Global Momentum ETF,Allocation,Mid Value,Tactical Allocation,1.01
MBCE,Monarch Blue Chips Elite Index ETF,U.S. Equity,Large Growth,Large Growth,1.01
BRKC,YieldMax BRK.B Option Income Strategy ETF,Nontraditional Equity,--,Derivative Income,1.01
TEST,YieldMax TSLA Performance & Distribution Target 25 ETF,Nontraditional Equity,--,Derivative Income,1.01
MINY,YieldMax® Strategic Metals & Mining Portfolio Option Income ETF,Sector Equity,Mid Growth,Equity Precious Metals,1.01
LEXI,Alexis Practical Tactical ETF,Allocation,Large Blend,Tactical Allocation,1.0
BUFQ,FT Vest Laddered Nasdaq Buffer ETF,Nontraditional Equity,Large Growth,Defined Outcome,1.0
NVDW,Roundhill NVDA WeeklyPay ETF,Miscellaneous,Large Growth,Trading--Miscellaneous,1.0
AAPW,Roundhill AAPL WeeklyPay ETF,Miscellaneous,Large Blend,Trading--Miscellaneous,1.0
AMZW,Roundhill AMZN WeeklyPay ETF,Miscellaneous,Large Value,Trading--Miscellaneous,1.0
BRKW,Roundhill BRKB WeeklyPay ETF,Miscellaneous,Large Value,Trading--Miscellaneous,1.0
TZA,Direxion Daily Small Cap Bear 3X Shares,Miscellaneous,--,Trading--Inverse Equity,0.99
TPOR,Direxion Daily Transportation Bull 3X Shares,Miscellaneous,Mid Value,Trading--Leveraged Equity,0.99
BEDZ,AdvisorShares Hotel ETF,Sector Equity,Small Value,Consumer Cyclical,0.99
BAMA,Brookstone Active ETF,Allocation,Large Blend,Moderate Allocation,0.99
GOOP,Kurv Yield Premium Strategy Google ETF,Nontraditional Equity,--,Derivative Income,0.99
COSW,Roundhill COST WeeklyPay ETF,Miscellaneous,Large Blend,Trading--Miscellaneous,0.99
TSYW,Roundhill Treasury Bond WeeklyPay ETF,Miscellaneous,--,Trading--Miscellaneous,0.99
INYY,Yieldmax Intc Option Income Strategy ETF,Nontraditional Equity,--,Derivative Income,0.99
MRSK,Toews Agility Shares Managed Risk ETF,Nontraditional Equity,Large Blend,Equity Hedged,0.98
MSFU,Direxion Daily MSFT Bull 2X Shares,Miscellaneous,Large Value,Trading--Leveraged Equity,0.98
WBIY,WBI Power Factor® High Dividend ETF,U.S. Equity,Mid Value,Mid-Cap Value,0.97
UTSL,Direxion Daily Utilities Bull 3X Shares,Miscellaneous,Mid Value,Trading--Leveraged Equity,0.97
XDTE,Roundhill S&P 500 0DTE Covered Call Strategy ETF,Nontraditional Equity,--,Derivative Income,0.97
PYPU,Direxion Daily PYPL Bull 2X Shares,Miscellaneous,Mid Value,Trading--Leveraged Equity,0.97
NAIL,Direxion Daily Homebuilders & Supplies Bull 3X Shares,Miscellaneous,Mid Value,Trading--Leveraged Equity,0.96
FPWR,First Trust EIP Power Solutions ETF,Sector Equity,Mid Value,Utilities,0.96
AAPU,Direxion Daily AAPL Bull 2X Shares,Miscellaneous,Large Blend,Trading--Leveraged Equity,0.96
SAA,ProShares Ultra SmallCap600,Miscellaneous,Small Blend,Trading--Leveraged Equity,0.95
UST,ProShares Ultra 7-10 Year Treasury,Miscellaneous,--,Trading--Leveraged Debt,0.95
UMDD,ProShares UltraPro MidCap400,Miscellaneous,Small Blend,Trading--Leveraged Equity,0.95
SQQQ,ProShares UltraPro Short QQQ,Miscellaneous,--,Trading--Inverse Equity,0.95
BUFR,FT Vest Laddered Buffer ETF,Nontraditional Equity,Large Blend,Defined Outcome,0.95
SROI,Calamos Antetokounmpo Global Sustainable Equities ETF,International Equity,Large Blend,Global Large-Stock Blend,0.95
ECML,Euclidean Fundamental Value ETF,U.S. Equity,Small Value,Small Value,0.95
TGLR,Wedbush Laffer Tengler New Era Value ETF,U.S. Equity,Large Value,Large Value,0.95
DUST,Direxion Daily Gold Miners Index Bear 2X Shares,Miscellaneous,--,Trading--Inverse Equity,0.94
TBT,ProShares UltraShort 20+ Year Treasury,Miscellaneous,--,Trading--Inverse Debt,0.93
EGGS,NestYield Total Return Guard ETF,Nontraditional Equity,Large Growth,Equity Hedged,0.93
BAMV,Brookstone Value Stock ETF,U.S. Equity,Large Value,Large Value,0.91
LOPP,Gabelli Love Our Planet & People ETF,U.S. Equity,Mid Blend,Mid-Cap Blend,0.9
QMAR,FT Vest Nasdaq-100 Buffer ETF – March,Nontraditional Equity,Large Growth,Defined Outcome,0.9
GAUG,FT Vest U.S. Equity Moderate Buffer ETF - August,Nontraditional Equity,Large Blend,Defined Outcome,0.9
EJAN,Innovator Emerging Markets Power Buffer ETF™ - January,Nontraditional Equity,Large Blend,Defined Outcome,0.89
BUFB,Innovator Laddered Allocation Buffer ETF,Nontraditional Equity,Large Blend,Defined Outcome,0.89
PSTP,Innovator Power Buffer Step-Up Strategy ETF,Nontraditional Equity,Large Blend,Defined Outcome,0.89
BSTP,Innovator Buffer Step-Up Strategy ETF,Nontraditional Equity,Large Blend,Defined Outcome,0.89
SFLR,Innovator Equity Managed Floor ETF,Nontraditional Equity,Large Blend,Equity Hedged,0.89
DVXK,WEBs Technology XLK Defined Volatility ETF,Sector Equity,Large Growth,Technology,0.89
DVXE,WEBs Energy XLE Defined Volatility ETF,Sector Equity,Large Value,Equity Energy,0.89
QAI,NYLI Hedge Multi-Strategy Tracker ETF,Alternative,Large Blend,Multistrategy,0.88
CPER,"United States Copper Index Fund, LP",Commodities,--,Commodities Focused,0.88
FVC,First Trust Dorsey Wright Dynamic Focus 5 ETF,Allocation,Mid Blend,Tactical Allocation,0.87
BDGS,Bridges Capital Tactical ETF,Allocation,Large Blend,Tactical Allocation,0.87
FINT,Frontier Asset Total International Equity ETF,International Equity,Large Blend,Foreign Large Blend,0.87
TMFS,Motley Fool Small-Cap Growth ETF,U.S. Equity,Small Growth,Small Growth,0.85
IJUL,Innovator International Developed Power Buffer ETF - July,Nontraditional Equity,Large Blend,Defined Outcome,0.85
IJAN,Innovator International Developed Power Buffer ETF™ - January,Nontraditional Equity,Large Blend,Defined Outcome,0.85
ABEQ,Absolute Select Value ETF,U.S. Equity,Large Value,Large Value,0.85
STNC,Hennessy Sustainable ETF,U.S. Equity,Mid Value,Large Blend,0.85
DAPR,FT Vest U.S. Equity Deep Buffer ETF - April,Nontraditional Equity,Large Blend,Defined Outcome,0.85
IOCT,Innovator International Developed Power Buffer ETF™- October,Nontraditional Equity,Large Blend,Defined Outcome,0.85
WCEO,Hypatia Women Ceo ETF,U.S. Equity,Small Value,Small Blend,0.85
NVIR,Horizon Kinetics Energy Remediation ETF,Sector Equity,Mid Value,Equity Energy,0.85
MEDX,Horizon Kinetics Medical ETF,Sector Equity,Large Value,Health,0.85
GJUN,FT Vest U.S. Equity Moderate Buffer ETF - June,Nontraditional Equity,Large Blend,Defined Outcome,0.85
XJUL,FT Vest U.S. Equity Enhance & Moderate Buffer ETF - July,Nontraditional Equity,Large Blend,Defined Outcome,0.85
XAUG,FT Vest U.S. Equity Enhance & Moderate Buffer ETF - August,Nontraditional Equity,Large Blend,Defined Outcome,0.85
GSEP,FT Vest U.S. Equity Moderate Buffer ETF – September,Nontraditional Equity,Large Blend,Defined Outcome,0.85
XOCT,FT Vest U.S. Equity Enhance & Moderate Buffer ETF - October,Nontraditional Equity,Large Blend,Defined Outcome,0.85
INOV,Innovator International Developed Power Buffer ETF - November,Nontraditional Equity,Large Blend,Defined Outcome,0.85
XNOV,FT Vest U.S. Equity Enhance & Moderate Buffer ETF - November,Nontraditional Equity,Large Blend,Defined Outcome,0.85
GDEC,FT Vest U.S. Equity Moderate Buffer ETF - December,Nontraditional Equity,Large Blend,Defined Outcome,0.85
XJAN,FT Vest U.S. Equity Enhance & Moderate Buffer ETF - January,Nontraditional Equity,Large Blend,Defined Outcome,0.85
XFEB,FT Vest U.S. Equity Enhance & Moderate Buffer ETF - February,Nontraditional Equity,Large Blend,Defined Outcome,0.85
XAPR,FT Vest U.S. Equity Enhance & Moderate Buffer ETF - April,Nontraditional Equity,Large Blend,Defined Outcome,0.85
XMAY,FT Vest U.S. Equity Enhance & Moderate Buffer ETF - May,Nontraditional Equity,Large Blend,Defined Outcome,0.85
RSJN,FT Vest U.S. Equity Equal Weight Buffer ETF - June,Nontraditional Equity,Mid Value,Defined Outcome,0.85
DHDG,FT Vest U.S. Equity Quarterly 2.5 to 15 Buffer ETF,Nontraditional Equity,Large Blend,Defined Outcome,0.85
UXOC,FT Vest U.S. Equity Uncapped Accelerator ETF - October,Nontraditional Equity,Large Blend,Defined Outcome,0.85
FHDG,FT Vest U.S. Equity Quarterly Dynamic Buffer ETF,Nontraditional Equity,Large Blend,Defined Outcome,0.85
UXJA,FT Vest U.S. Equity Uncapped Accelerator ETF - January,Nontraditional Equity,Large Blend,Defined Outcome,0.85
UXJL,FT Vest U.S. Equity Uncapped Accelerator ETF - July,Nontraditional Equity,Large Blend,Defined Outcome,0.85
LCR,Leuthold Core ETF,Allocation,Large Blend,Tactical Allocation,0.84
FFTY,CapForce IBD® 50 ETF,U.S. Equity,Small Growth,Mid-Cap Growth,0.8
HDMV,First Trust Horizon Managed Volatility Developed International ETF,International Equity,Large Value,Foreign Large Value,0.8
HSMV,First Trust Horizon Managed Volatility Small/Mid ETF,U.S. Equity,Small Value,Small Blend,0.8
GLRY,Inspire Growth ETF,U.S. Equity,Mid Growth,Mid-Cap Blend,0.8
FCUS,Pinnacle Focused Opportunities ETF,U.S. Equity,Mid Growth,Mid-Cap Growth,0.8
BESF,Bastion Energy ETF,Sector Equity,Mid Value,Equity Energy,0.8
UJUL,Innovator U.S. Equity Ultra Buffer ETF™ - July,Nontraditional Equity,Large Blend,Defined Outcome,0.79
UOCT,Innovator U.S. Equity Ultra Buffer ETF™ October,Nontraditional Equity,Large Blend,Defined Outcome,0.79
UJUN,Innovator U.S. Equity Ultra Buffer ETF™ - June,Nontraditional Equity,Large Blend,Defined Outcome,0.79
USEP,Innovator U.S. Equity Ultra Buffer ETF™ - September,Nontraditional Equity,Large Blend,Defined Outcome,0.79
KOCT,Innovator U.S. Small Cap Power Buffer ETF™ - October,Nontraditional Equity,Small Blend,Defined Outcome,0.79
UNOV,Innovator U.S. Equity Ultra Buffer ETF - November,Nontraditional Equity,Large Blend,Defined Outcome,0.79
UFEB,Innovator U.S. Equity Ultra Buffer ETF™ - February,Nontraditional Equity,Large Blend,Defined Outcome,0.79
KAPR,Innovator Russell 2000 Power Buffer ETF - April,Nontraditional Equity,Small Blend,Defined Outcome,0.79
UMAY,Innovator U.S. Equity Ultra Buffer ETF™ - May,Nontraditional Equity,Large Blend,Defined Outcome,0.79
JANZ,TrueShares Structured Outcome (January) ETF,Nontraditional Equity,--,Defined Outcome,0.79
FEBZ,TrueShares Structured Outcome (February) ETF,Nontraditional Equity,--,Defined Outcome,0.79
MARZ,TrueShares Structured Outcome (March) ETF,Nontraditional Equity,--,Defined Outcome,0.79
XDQQ,Innovator Growth-100 Accelerated ETF™ – Quarterly,Nontraditional Equity,Large Growth,Defined Outcome,0.79
APRZ,TrueShares Structured Outcome (April) ETF,Nontraditional Equity,--,Defined Outcome,0.79
MAYZ,TrueShares Structured Outcome (May) ETF,Nontraditional Equity,--,Defined Outcome,0.79
JUNZ,TrueShares Structured Outcome (June) ETF,Nontraditional Equity,--,Defined Outcome,0.79
XBJL,Innovator U.S. Equity Accelerated 9 Buffer ETF - July,Nontraditional Equity,Large Blend,Defined Outcome,0.79
QTJL,Innovator Growth Accelerated Plus ETF - July,Nontraditional Equity,Large Growth,Defined Outcome,0.79
QTOC,Innovator Growth Accelerated Plus ETF™ - October,Nontraditional Equity,--,Defined Outcome,0.79
XTOC,Innovator U.S. Equity Accelerated Plus ETF™ - October,Nontraditional Equity,Large Blend,Defined Outcome,0.79
XBOC,Innovator U.S. Equity Accelerated 9 Buffer ETF™ - October,Nontraditional Equity,Large Blend,Defined Outcome,0.79
EMSF,Matthews Emerging Markets Sustainable Future Active ETF,International Equity,Large Growth,Diversified Emerging Mkts,0.79
ASIA,Matthews Pacific Tiger Active ETF,International Equity,Large Blend,Pacific/Asia ex-Japan Stk,0.79
TFGZ,Thornburg Focus Growth Fund ETF Class,U.S. Equity,Large Growth,Mid-Cap Growth,0.79
MNA,NYLI Merger Arbitrage ETF,Alternative,Mid Blend,Event Driven,0.77
TRND,Pacer Trendpilot Fund of Funds ETF,Allocation,Large Blend,Tactical Allocation,0.77
KSA,iShares MSCI Saudi Arabia ETF,International Equity,Large Blend,Focused Region,0.75
ZIG,The Acquirers Fund ETF,U.S. Equity,Small Value,Mid-Cap Value,0.75
AFSM,First Trust Active Factor Small Cap ETF,U.S. Equity,Small Blend,Small Blend,0.75
KWT,iShares® MSCI Kuwait ETF,International Equity,Mid Blend,Focused Region,0.75
BITW,Bitwise 10 Crypto Index Fund,Miscellaneous,--,Digital Assets,0.75
ILDR,First Trust Innovation Leaders ETF,U.S. Equity,Large Growth,Large Growth,0.75
GDOC,Goldman Sachs Future Health Care Equity ETF,Sector Equity,Large Growth,Health,0.75
SEMI,Columbia Select Technology ETF,Sector Equity,Large Growth,Technology,0.75
EMDM,First Trust Bloomberg Emerging Market Democracies ETF,International Equity,Large Blend,Diversified Emerging Mkts,0.75
NBCE,Neuberger China Equity ETF,International Equity,Large Growth,Greater China Region,0.75
HRTS,Tema Heart & Health ETF,Sector Equity,Large Blend,Health,0.75
NSI,National Security Emerging Markets Index ETF,International Equity,Large Blend,Diversified Emerging Mkts,0.75
BELT,iShares U.S. Select Equity Active ETF,U.S. Equity,Large Growth,Large Growth,0.75
TEK,iShares Technology Opportunities Active ETF,Sector Equity,Large Growth,Technology,0.75
VOLT,Tema Electrification ETF,U.S. Equity,Mid Growth,Mid-Cap Blend,0.75
IVES,Dan IVES Wedbush AI Revolution ETF,Sector Equity,Large Growth,Technology,0.75
APRW,AllianzIM U.S. Equity Buffer20 Apr ETF,Nontraditional Equity,Large Blend,Defined Outcome,0.74
JULW,AllianzIM U.S. Equity Buffer20 Jul ETF,Nontraditional Equity,Large Blend,Defined Outcome,0.74
OCTW,AllianzIM U.S. Equity Buffer20 Oct ETF,Nontraditional Equity,Large Blend,Defined Outcome,0.74
JANW,AllianzIM U.S. Equity Buffer20 Jan ETF,Nontraditional Equity,Large Blend,Defined Outcome,0.74
SIXO,AllianzIM U.S. Equity 6 Month Buffer10 Apr/Oct ETF,Nontraditional Equity,Large Blend,Defined Outcome,0.74
WLTG,WealthTrust DBS Long Term Growth ETF,U.S. Equity,Large Blend,Large Blend,0.74
SIXJ,AllianzIM U.S. Equity 6 Month Buffer10 Jan/Jul ETF,Nontraditional Equity,Large Blend,Defined Outcome,0.74
NVBW,Allianzim U.S. Equity Buffer20 Nov ETF,Nontraditional Equity,Large Blend,Defined Outcome,0.74
NVBT,Allianzim U.S. Equity Buffer10 Nov ETF,Nontraditional Equity,Large Blend,Defined Outcome,0.74
DECT,Allianzim U.S. Equity Buffer10 Dec ETF,Nontraditional Equity,Large Blend,Defined Outcome,0.74
DECW,Allianzim U.S. Equity Buffer20 Dec ETF,Nontraditional Equity,Large Blend,Defined Outcome,0.74
FEBW,Allianzim U.S. Equity Buffer20 Feb ETF,Nontraditional Equity,Large Blend,Defined Outcome,0.74
MARW,Allianzim U.S. Equity Buffer20 Mar ETF,Nontraditional Equity,Large Blend,Defined Outcome,0.74
MAYT,AllianzIM U.S. Equity Buffer10 May ETF,Nontraditional Equity,Large Blend,Defined Outcome,0.74
JUNT,AllianzIM U.S. Equity Buffer10 Jun ETF,Nontraditional Equity,Large Blend,Defined Outcome,0.74
AUGT,AllianzIM U.S. Equity Buffer10 Aug ETF,Nontraditional Equity,Large Blend,Defined Outcome,0.74
SEPT,AllianzIM U.S. Equity Buffer10 Sep ETF,Nontraditional Equity,Large Blend,Defined Outcome,0.74
FXI,iShares China Large-Cap ETF,International Equity,Large Value,Greater China Region,0.73
BKF,iShares MSCI BIC ETF,International Equity,Large Blend,Diversified Emerging Mkts,0.72
HEEM,iShares Currency Hedged MSCI Emerging Markets ETF,International Equity,Large Blend,Diversified Emerging Mkts,0.72
FMCX,FM Focus Equity ETF,U.S. Equity,Large Blend,Large Blend,0.72
BSMC,Brandes U.S. Small-Mid Cap Value ETF,U.S. Equity,Small Value,Small Value,0.71
SRLN,State Street® Blackstone Senior Loan ETF,Taxable Bond,--,Bank Loan,0.7
HUSV,First Trust Horizon Managed Volatility Domestic ETF,U.S. Equity,Mid Value,Large Value,0.7
DGIN,VanEck Digital India ETF,International Equity,Large Growth,India Equity,0.7
ASCI,abrdn International Small Cap Active ETF,International Equity,Mid Growth,Foreign Small/Mid Growth,0.7
BGGG,Baillie Gifford Long Term Global Growth ETF,International Equity,Large Growth,Global Large-Stock Growth,0.7
HYLS,First Trust Tactical High Yield ETF,Taxable Bond,--,High Yield Bond,0.69
EALT,Innovator U.S. Equity 5 To 15 Buffer ETF - Quarterly,Nontraditional Equity,Large Blend,Defined Outcome,0.69
JDVI,John Hancock Disciplined Value International Select ETF,International Equity,Large Blend,Foreign Large Value,0.69
BUFM,AB Moderate Buffer ETF,Nontraditional Equity,Large Blend,Defined Outcome,0.69
KOID,KraneShares Global Humanoid Robotics and Physical AI Index ETF,Sector Equity,Mid Growth,Technology,0.69
BOTZ,Global X Robotics & Artificial Intelligence ETF,Sector Equity,Large Growth,Technology,0.68
HTEC,Robo Global® Healthcare Technology and Innovation ETF,Sector Equity,Mid Blend,Health,0.68
AFMC,First Trust Active Factor Mid Cap ETF,U.S. Equity,Small Blend,Mid-Cap Blend,0.68
RNIN,Bushido Capital US SMID Cap Equity ETF,U.S. Equity,Small Value,Mid-Cap Value,0.68
PTIN,Pacer Trendpilot International ETF,International Equity,Large Blend,Foreign Large Blend,0.67
NODE,VanEck Onchain Economy ETF,Sector Equity,Mid Growth,Equity Digital Assets,0.67
DBEM,Xtrackers MSCI Emerging Markets Hedged Equity ETF,International Equity,Large Blend,Diversified Emerging Mkts,0.66
GVAL,Cambria Global Value ETF,International Equity,Large Value,Foreign Large Value,0.66
GFGF,Guru Favorite Stocks ETF,U.S. Equity,Large Blend,Large Blend,0.66
RVER,Trenchless Fund ETF,U.S. Equity,Mid Growth,Large Growth,0.66
VAMO,Cambria Value and Momentum ETF,Nontraditional Equity,Small Value,Equity Hedged,0.65
OCIO,ClearShares OCIO ETF,Allocation,Large Blend,Moderate Allocation,0.65
FCTR,First Trust Lunt U.S. Factor Rotation ETF,U.S. Equity,Mid Blend,Large Blend,0.65
AFGR,First Trust Active Factor Large Cap Growth ETF,U.S. Equity,Large Growth,Large Growth,0.65
DIVZ,Polen Dividend Income ETF,U.S. Equity,Large Value,Large Value,0.65
XPND,First Trust Expanded Technology ETF,Sector Equity,Large Growth,Technology,0.65
UMMA,Wahed Dow Jones Islamic World ETF,International Equity,Large Growth,Foreign Large Growth,0.65
SAGP,Strategas Global Policy Opportunities ETF,International Equity,Mid Blend,Global Small/Mid Stock,0.65
NBET,Neuberger Energy Transition & Infrastructure ETF,Sector Equity,Mid Value,Equity Energy,0.65
UDI,USCF Dividend Income ETF,U.S. Equity,Mid Value,Large Value,0.65
EMC,Global X Emerging Markets Great Consumer ETF,International Equity,Large Growth,Diversified Emerging Mkts,0.65
CAML,Congress Large Cap Growth ETF,U.S. Equity,Large Growth,Large Growth,0.65
USSE,Segall Bryant & Hamill Select Equity ETF,U.S. Equity,Large Growth,Large Blend,0.65
FEPI,REX FANG & Innovation Equity Premium Income ETF,Nontraditional Equity,Large Growth,Derivative Income,0.65
AIPI,REX AI Equity Premium Income ETF,Nontraditional Equity,Large Growth,Derivative Income,0.65
BRIF,FIS Bright Portfolios Focused Equity ETF,U.S. Equity,Large Blend,Large Blend,0.65
TXUE,Thornburg International Equity ETF,International Equity,Large Blend,Foreign Large Blend,0.65
AFSC,abrdn Focused U.S. Small Cap Active ETF,U.S. Equity,Small Growth,Small Blend,0.65
FMTL,First Trust Indxx Critical Metals ETF,Sector Equity,Large Blend,Natural Resources,0.65
INDH,WisdomTree India Hedged Equity Fund ETF,International Equity,Large Blend,India Equity,0.64
CGNG,Capital Group New Geography Equity ETF,International Equity,Large Growth,Diversified Emerging Mkts,0.64
RUSC,Russell Investments U.S. Small Cap Equity ETF,U.S. Equity,Small Blend,Small Blend,0.64
TTEQ,T. Rowe Price Technology ETF,Sector Equity,Large Growth,Technology,0.63
TPIF,Timothy Plan International ETF,International Equity,Large Blend,Foreign Large Blend,0.62
PXE,Invesco Energy Exploration & Production ETF,Sector Equity,Mid Value,Equity Energy,0.61
VIDI,Vident International Equity Strategy ETF,International Equity,Mid Value,Foreign Large Value,0.61
WWJD,Inspire International ETF,International Equity,Large Value,Foreign Large Blend,0.61
HAPS,Harbor Human Capital Factor US Small Cap ETF,U.S. Equity,Small Value,Small Blend,0.61
XYLD,Global X S&P 500® Covered Call ETF,Nontraditional Equity,Large Blend,Derivative Income,0.6
CNYA,iShares MSCI China A ETF,International Equity,Large Blend,Greater China Region,0.6
ISHP,First Trust S-Network Global E-Commerce ETF,International Equity,Large Blend,Global Large-Stock Blend,0.6
FTXN,First Trust Nasdaq Oil & Gas ETF,Sector Equity,Mid Value,Equity Energy,0.6
FTXH,First Trust Nasdaq Pharmaceuticals ETF,Sector Equity,Mid Value,Health,0.6
FSCS,First Trust SMID Capital Strength ETF,U.S. Equity,Small Blend,Mid-Cap Blend,0.6
DVLU,First Trust Dorsey Wright Momentum & Value ETF,U.S. Equity,Mid Value,Mid-Cap Value,0.6
DVOL,First Trust Dorsey Wright Momentum & Low Volatility ETF,U.S. Equity,Mid Blend,Large Blend,0.6
FTGS,First Trust Growth Strength ETF,U.S. Equity,Large Growth,Large Blend,0.6
TYLG,Global X Information Technology Covered Call & Growth ETF,Nontraditional Equity,Large Growth,Derivative Income,0.6
BUSA,Brandes U.S. Value ETF,U.S. Equity,Mid Value,Large Value,0.6
MVPA,Miller Value Ptnrs Appreciation ETF,U.S. Equity,Small Value,Small Value,0.6
SEEM,SEI Select Emerging Markets Equity ETF,International Equity,Large Blend,Diversified Emerging Mkts,0.6
GMOI,GMO International Value ETF,International Equity,Large Value,Foreign Large Value,0.6
FFEM,Fidelity Fundamental Emerging Markets ETF,International Equity,Large Growth,Diversified Emerging Mkts,0.6
JPY,Lazard Japanese Equity ETF,International Equity,Large Blend,Japan Stock,0.6
DYNB,Hartford Dynamic Bond ETF,Taxable Bond,--,Multisector Bond,0.6
ECH,iShares MSCI Chile ETF,International Equity,Mid Blend,Focused Region,0.59
TUR,iShares MSCI Turkey ETF,International Equity,Mid Growth,Focused Region,0.59
FYLD,Cambria Foreign Shareholder Yield ETF,International Equity,Mid Value,Foreign Small/Mid Value,0.59
PDBA,Invesco Agriculture Commodity Strategy No K-1 ETF,Commodities,--,Commodities Focused,0.59
LDRX,SGI Enhanced Market Leaders ETF,Nontraditional Equity,Large Blend,Derivative Income,0.59
EUDG,WisdomTree Europe Quality Dividend Growth Fund,International Equity,Large Blend,Europe Stock,0.58
MOTI,VanEck Morningstar International Moat ETF,International Equity,Large Blend,Foreign Large Blend,0.58
TINT,ProShares Smart Materials ETF,Sector Equity,Mid Value,Natural Resources,0.58
OND,ProShares On-Demand ETF,Sector Equity,Large Growth,Communications,0.58
BCHP,Principal Focused Blue Chip ETF,U.S. Equity,Large Blend,Large Growth,0.58
OPPG,WisdomTree GeoAlpha Opportunities Fund,Alternative,Large Value,Macro Trading,0.58
FMAG,Fidelity Magellan ETF,U.S. Equity,Large Growth,Large Growth,0.57
ATFV,Alger 35 ETF,U.S. Equity,Large Growth,Large Growth,0.56
CNEQ,Alger Concentrated Equity ETF,U.S. Equity,Large Growth,Large Growth,0.56
IFLO,VictoryShares International Free Cash Flow ETF,International Equity,Large Value,Foreign Large Value,0.56
EVX,VanEck Environmental Services ETF,Sector Equity,Mid Growth,Industrials,0.55
TOTL,State Street® DoubleLine® Total Return Tactical ETF,Taxable Bond,--,Intermediate Core-Plus Bond,0.55
RAAX,VanEck Real Assets ETF,Allocation,Mid Blend,Global Moderate Allocation,0.55
DSTX,Distillate International Fundamental Stability & Value ETF,International Equity,Large Value,Foreign Large Blend,0.55
ZECP,Zacks Earnings Consistent Portfolio ETF,U.S. Equity,Large Value,Large Blend,0.55
TOLL,Tema Durable Quality ETF,U.S. Equity,Large Growth,Large Blend,0.55
CORO,iShares International Country Rotation Active ETF,International Equity,Large Blend,Foreign Large Blend,0.55
FEMD,First Eagle Mid Cap Equity ETF,U.S. Equity,Mid Growth,Mid-Cap Value,0.55
CGIE,Capital Group International Equity ETF,International Equity,Large Growth,Foreign Large Growth,0.54
CGIC,Capital Group International Core Equity ETF,International Equity,Large Blend,Foreign Large Blend,0.54
MOTG,VanEck Morningstar Global Wide Moat ETF,International Equity,Large Blend,Global Large-Stock Blend,0.52
AMID,Argent Mid Cap ETF,U.S. Equity,Mid Growth,Mid-Cap Blend,0.52
GENZ,VanEck Digital Native Economy ETF,Sector Equity,Large Growth,Consumer Cyclical,0.51
PINK,Simplify Health Care ETF,Sector Equity,Mid Value,Health,0.51
DESK,Vaneck Office And Commercial REIT ETF,Sector Equity,Small Value,Real Estate,0.51
WIP,State Street® SPDR® FTSE International Government Inflation-Protected Bond ETF,Taxable Bond,--,Global Bond,0.5
EMHY,iShares J.P. Morgan EM High Yield Bond ETF,Taxable Bond,--,Emerging Markets Bond,0.5
RLY,State Street® Multi-Asset Real Return ETF,Allocation,Large Value,Global Moderate Allocation,0.5
AGNG,Global X Aging Population ETF,Sector Equity,Large Blend,Health,0.5
HELX,Franklin Genomic Advancements ETF,Sector Equity,Mid Growth,Health,0.5
BUYZ,Franklin Disruptive Commerce ETF,International Equity,Large Growth,Global Large-Stock Growth,0.5
DVND,Touchstone Dividend Select ETF,U.S. Equity,Large Value,Large Value,0.5
FBOT,Fidelity Disruptive Automation ETF,International Equity,Large Growth,Global Large-Stock Growth,0.5
FDIF,Fidelity Disruptors ETF,U.S. Equity,Large Growth,Large Growth,0.5
FDFF,Fidelity Disruptive Finance ETF,Sector Equity,Mid Blend,Financial,0.5
TOUS,T. Rowe Price International Equity ETF,International Equity,Large Blend,Foreign Large Blend,0.5
IVVM,iShares Large Cap Moderate Quarterly Laddered ETF,Nontraditional Equity,Large Blend,Defined Outcome,0.5
MVAL,VanEck Morningstar Wide Moat Value ETF,U.S. Equity,Mid Value,Large Value,0.5
NBJP,Neuberger Japan Equity ETF,International Equity,Large Blend,Japan Stock,0.5
SEIE,SEI Select International Equity ETF,International Equity,Large Blend,Foreign Large Blend,0.5
RFIX,Simplify Bond Bull ETF,Taxable Bond,--,Long Government,0.5
CSNR,Cohen & Steers Natural Resources Active ETF,Sector Equity,Large Value,Natural Resources,0.5
BKCG,BNY Mellon ETF Trust II: BNY Mellon Concentrated Growth ETF,U.S. Equity,Large Blend,Large Growth,0.5
ELFY,ALPS Electrification Infrastructure ETF,Sector Equity,Mid Blend,Utilities,0.5
EDIV,State Street® SPDR® S&P Emerging Markets Dividend ETF,International Equity,Mid Value,Diversified Emerging Mkts,0.49
INDS,Pacer Benchmark Industrial Real Estate SCTR ETF,Sector Equity,Mid Value,Real Estate,0.49
JHEM,John Hancock Multifactor Emerging Markets ETF,International Equity,Large Blend,Diversified Emerging Mkts,0.49
PSFD,Pacer Swan SOS Flex (January) ETF,Nontraditional Equity,Large Blend,Defined Outcome,0.49
PTRB,PGIM Total Return Bond ETF,Taxable Bond,--,Intermediate Core-Plus Bond,0.49
BULD,Pacer BlueStar Engineering the Future ETF,Sector Equity,Mid Growth,Technology,0.49
SMOT,VanEck Morningstar SMID Moat ETF,U.S. Equity,Mid Value,Mid-Cap Blend,0.49
COWG,Pacer US Large Cap Cash Cows Growth Leaders ETF,U.S. Equity,Mid Growth,Mid-Cap Growth,0.49
SFLO,Victoryshares Small Cap Free Cash Flow ETF,U.S. Equity,Small Value,Small Value,0.49
FOWF,Pacer Solactive Whitney Future of Warfare ETF,Sector Equity,Large Blend,Industrials,0.49
ABIG,Argent Large Cap ETF,U.S. Equity,Large Blend,Large Blend,0.49
OEFA,ALPS O'Shares International Developed Quality Dividend ETF,International Equity,Large Growth,Europe Stock,0.48
EMMF,WisdomTree Emerging Markets Multifactor Fund,International Equity,Large Blend,Diversified Emerging Mkts,0.48
IDRV,iShares Self-Driving EV and Tech ETF,Sector Equity,Large Blend,Industrials,0.48
PIEQ,Principal International Equity ETF,International Equity,Large Blend,Foreign Large Blend,0.48
CGGO,Capital Group Global Growth Equity ETF,International Equity,Large Growth,Global Large-Stock Growth,0.47
IBRN,iShares Neuroscience and Healthcare ETF,Sector Equity,Small Growth,Health,0.47
EFRA,iShares Environmental Infrastructure and Industrials ETF,Sector Equity,Mid Blend,Infrastructure,0.47
CGDG,Capital Group Dividend Growers ETF,International Equity,Large Value,Global Large-Stock Blend,0.47
IBAT,iShares Energy Storage & Materials ETF,Sector Equity,Large Growth,Miscellaneous Sector,0.47
SIXL,ETC 6 Meridian Low Beta Equity Strategy ETF,U.S. Equity,Small Value,Mid-Cap Blend,0.46
INEQ,Columbia International Equity Income ETF,International Equity,Large Value,Foreign Large Value,0.45
HAIL,State Street® SPDR® S&P Kensho Smart Mobility ETF,Sector Equity,Mid Blend,Technology,0.45
WCLD,WisdomTree Cloud Computing Fund,Sector Equity,Small Growth,Technology,0.45
WTAI,WisdomTree Artificial Intelligence and Innovation Fund,Sector Equity,Large Growth,Technology,0.45
APIE,ActivePassive International Equity ETF,International Equity,Large Blend,Foreign Large Blend,0.45
BGIG,Bahl & Gaynor Income Growth ETF,U.S. Equity,Large Value,Large Value,0.45
TBG,TBG Dividend Focus ETF,U.S. Equity,Large Value,Large Value,0.45
FMTM,MarketDesk Focused U.S. Momentum ETF,U.S. Equity,Mid Growth,Large Growth,0.45
USFE,First Eagle US Equity ETF,U.S. Equity,Mid Value,Large Value,0.45
XBIX,Corgi U.S. Biotech 2x Daily ETF,Miscellaneous,--,Trading--Leveraged Equity,0.45
ACHX,Corgi ACHR 2x Daily ETF,Miscellaneous,--,Trading--Leveraged Equity,0.45
FFSM,Fidelity Fundamental Small-Mid Cap ETF,U.S. Equity,Small Growth,Mid-Cap Blend,0.43
DFEV,Dimensional Emerging Markets Value ETF,International Equity,Large Value,Diversified Emerging Mkts,0.43
INRO,iShares U.S. Industry Rotation Active ETF,U.S. Equity,Large Blend,Large Blend,0.42
ACGO,Hartford Alpha Capture Growth ETF,U.S. Equity,Large Growth,Large Growth,0.42
DEHP,Dimensional Emerging Markets High Profitability ETF,International Equity,Large Blend,Diversified Emerging Mkts,0.41
DRLL,Strive U.S. Energy ETF,Sector Equity,Large Value,Equity Energy,0.41
RSPH,Invesco S&P 500® Equal Weight Health Care ETF,Sector Equity,Mid Value,Health,0.4
RSPM,Invesco S&P 500® Equal Weight Materials ETF,Sector Equity,Mid Value,Natural Resources,0.4
RSPR,Invesco S&P 500® Equal Weight Real Estate ETF,Sector Equity,Mid Blend,Real Estate,0.4
RSPC,Invesco S&P 500® Equal Weight Communication Services ETF,Sector Equity,Mid Value,Communications,0.4
NBDS,Neuberger Disrupters ETF,Sector Equity,Large Growth,Technology,0.4
HYFI,AB High Yield ETF,Taxable Bond,Small Value,High Yield Bond,0.4
FLXR,TCW Flexible Income ETF,Taxable Bond,Small Value,Multisector Bond,0.4
MADE,iShares U.S. Manufacturing ETF,Sector Equity,Mid Blend,Industrials,0.4
LSVD,LSV Disciplined Value ETF,U.S. Equity,Large Value,Large Value,0.4
FIXT,TCW Core Plus Bond ETF,Taxable Bond,--,Intermediate Core-Plus Bond,0.4
SLVP,iShares MSCI Global Silver and Metals Miners ETF,Sector Equity,Mid Growth,Equity Precious Metals,0.39
PHDG,Invesco S&P 500® Downside Hedged ETF,Nontraditional Equity,Large Blend,Equity Hedged,0.39
FNDE,Schwab Fundamental Emerging Markets Equity ETF,International Equity,Large Value,Diversified Emerging Mkts,0.39
JPMB,JPMorgan USD Emerging Markets Sovereign Bond ETF,Taxable Bond,--,Emerging Markets Bond,0.39
ONOF,Global X Adaptive U.S. Risk Management ETF,Allocation,Large Blend,Tactical Allocation,0.39
DFIS,Dimensional International Small Cap ETF,International Equity,Mid Blend,Foreign Small/Mid Blend,0.39
FMET,Fidelity Metaverse ETF,Sector Equity,Large Blend,Communications,0.39
FDIG,Fidelity Crypto Industry and Digital Payments ETF,Sector Equity,Small Growth,Equity Digital Assets,0.39
DFEM,Dimensional Emerging Markets Core Equity 2 ETF,International Equity,Large Blend,Diversified Emerging Mkts,0.39
DIVG,Invesco S&P 500 High Dividend Growers ETF,U.S. Equity,Mid Value,Mid-Cap Value,0.39
QOWZ,Invesco Nasdaq Free Cash Flow Achievers ETF,U.S. Equity,Mid Growth,Large Growth,0.39
IWMW,iShares Russell 2000 BuyWrite ETF,Nontraditional Equity,Small Blend,Derivative Income,0.39
CCNR,ALPS/CoreCommodity Natural Resources ETF,Sector Equity,Mid Value,Natural Resources,0.39
DRGN,Themes China Generative Artificial Intelligence ETF,Sector Equity,Large Growth,Technology,0.39
VDI,Virtus International Dividend ETF,International Equity,Large Value,Foreign Large Blend,0.39
DES,WisdomTree U.S. SmallCap Dividend Fund,U.S. Equity,Small Value,Small Value,0.38
IVAL,Alpha Architect International Quantitative Value ETF,International Equity,Mid Value,Foreign Large Value,0.38
IMOM,Alpha Architect International Quantitative Momentum ETF,International Equity,Large Growth,Foreign Large Blend,0.38
FEMR,Fidelity Enhanced Emerging Markets ETF,International Equity,Large Blend,Diversified Emerging Mkts,0.38
HYGV,FlexShares® High Yield Value-Scored Bond Index Fund,Taxable Bond,--,High Yield Bond,0.37
NUEM,Nuveen ESG Emerging Markets Equity ETF,International Equity,Large Growth,Diversified Emerging Mkts,0.36
PRXV,Praxis Impact Large Cap Value ETF,U.S. Equity,Large Value,Large Value,0.36
PRXG,Praxis Impact Large Cap Growth ETF,U.S. Equity,Large Growth,Large Growth,0.36
IGOV,iShares International Treasury Bond ETF,Taxable Bond,--,Global Bond,0.35
RDOG,ALPS REIT Dividend Dogs ETF,Sector Equity,Small Value,Real Estate,0.35
ENFR,Alerian Energy Infrastructure ETF,Sector Equity,Mid Value,Energy Limited Partnership,0.35
CEFA,Global X S&P Catholic Values Developed ex-U.S. ETF,International Equity,Large Blend,Foreign Large Blend,0.35
STXD,Strive 1000 Dividend Growth ETF,U.S. Equity,Large Blend,Large Blend,0.35
CRTC,Xtrackers US National Critical Technologies ETF,Sector Equity,Large Blend,Technology,0.35
WISE,Themes Generative Artificial Intelligence ETF,Sector Equity,Mid Growth,Technology,0.35
AGGS,Harbor Disciplined Bond ETF,Taxable Bond,--,Intermediate Core-Plus Bond,0.35
URAN,Themes Uranium & Nuclear ETF,Sector Equity,Mid Blend,Miscellaneous Sector,0.35
EQLT,iShares MSCI Emerging Markets Quality Factor ETF,International Equity,Large Blend,Diversified Emerging Mkts,0.35
EVLU,iShares MSCI Emerging Markets Value Factor ETF,International Equity,Large Value,Diversified Emerging Mkts,0.35
AUAU,Global X Gold Miners ETF,Sector Equity,Mid Blend,Equity Precious Metals,0.35
XA,Corgi AI Cybersecurity ETF,Sector Equity,Mid Growth,Technology,0.35
CGBL,Capital Group Core Balanced ETF,Allocation,Large Blend,Moderate Allocation,0.33
SFGV,Sequoia Global Value ETF,International Equity,Large Value,Global Large-Stock Value,0.33
CXSE,WisdomTree China ex-State-Owned Enterprises Fund,International Equity,Large Blend,Greater China Region,0.32
DGRE,WisdomTree Emerging Markets Quality Dividend Growth Fund,International Equity,Large Blend,Diversified Emerging Mkts,0.32
RWLC,Rayliant NxtGen Multifactor US Equity ETF,International Equity,Large Blend,Global Large-Stock Blend,0.32
FLCV,Federated Hermes MDT Large Cap Value ETF,U.S. Equity,Large Value,Large Value,0.32
TOTR,T. Rowe Price Total Return ETF,Taxable Bond,--,Intermediate Core-Plus Bond,0.31
CWI,State Street® SPDR® MSCI ACWI ex-US ETF,International Equity,Large Blend,Foreign Large Blend,0.3
BCD,abrdn Bloomberg All Commodity Longer Dated Strategy K-1 Free ETF,Commodities,--,Commodities Broad Basket,0.3
DURA,VanEck Durable High Dividend ETF,U.S. Equity,Large Value,Large Value,0.3
GEMD,Goldman Sachs Access Emerging Markets USD Bond ETF,Taxable Bond,--,Emerging Markets Bond,0.3
DFSV,Dimensional US Small Cap Value ETF,U.S. Equity,Small Value,Small Value,0.3
XB,BondBloxx B Rated USD High Yield Corporate Bond ETF,Taxable Bond,--,High Yield Bond,0.3
VOXP,Vox Populi ETF,U.S. Equity,Large Blend,Large Blend,0.3
PSCC,Invesco S&P SmallCap Consumer Staples ETF,Sector Equity,Small Value,Consumer Defensive,0.29
SPDV,AAM S&P 500 High Dividend Value ETF,U.S. Equity,Mid Value,Mid-Cap Value,0.29
HMOP,Hartford Municipal Opportunities ETF,Municipal Bond,--,Muni National Interm,0.29
DFAE,Dimensional Emerging Core Equity Market ETF,International Equity,Large Blend,Diversified Emerging Mkts,0.29
LGCF,Themes US Cash Flow Champions ETF,U.S. Equity,Large Value,Large Value,0.29
SMCF,Themes US Small Cap Cash Flow Champions ETF,U.S. Equity,Small Value,Small Value,0.29
EBIT,Harbor AlphaEdge Small Cap Earners ETF,U.S. Equity,Small Value,Small Value,0.29
FLCC,Federated Hermes MDT Large Cap Core ETF,U.S. Equity,Large Blend,Large Blend,0.29
QBIG,Invesco Top QQQ ETF,U.S. Equity,Large Growth,Large Growth,0.29
DFAX,Dimensional World ex U.S. Core Equity 2 ETF,International Equity,Large Blend,Foreign Large Blend,0.28
FENI,Fidelity Enhanced International ETF,International Equity,Large Blend,Foreign Large Blend,0.28
CERY,State Street® SPDR® Bloomberg Enhanced Roll Yield Commodity Strategy No K-1 ETF,Commodities,--,Commodities Broad Basket,0.28
NUDM,Nuveen ESG International Developed Markets Equity ETF,International Equity,Large Blend,Foreign Large Blend,0.27
IDLV,Invesco S&P International Developed Low Volatility ETF,International Equity,Large Value,Foreign Large Blend,0.25
FNDA,Schwab Fundamental U.S. Small Company ETF,U.S. Equity,Small Value,Small Blend,0.25
IBIT,iShares Bitcoin Trust ETF,Miscellaneous,--,Digital Assets,0.25
NXTI,Simplify Next Intangible Core Index ETF,U.S. Equity,Large Blend,Large Blend,0.25
BCKT,LifeX 2030 Income Bucket ETF,Taxable Bond,--,Target Maturity,0.25
DEEF,Xtrackers FTSE Developed ex US Multifactor ETF,International Equity,Large Value,Foreign Large Value,0.24
TRPA,Hartford AAA CLO ETF,Taxable Bond,--,Securitized Bond - Focused,0.24
DFIC,Dimensional International Core Equity 2 ETF,International Equity,Large Blend,Foreign Large Blend,0.22
DFLV,Dimensional US Large Cap Value ETF,U.S. Equity,Large Value,Large Value,0.21
ULST,State Street® Ultra Short Term Bond ETF,Taxable Bond,--,Ultrashort Bond,0.2
HFXI,NYLI FTSE International Equity Currency Neutral ETF,International Equity,Large Blend,Foreign Large Blend,0.2
HYUP,Xtrackers High Beta High Yield Bond ETF,Taxable Bond,--,High Yield Bond,0.2
QDIV,Global X S&P 500® Quality Dividend ETF,U.S. Equity,Mid Value,Large Value,0.2
JLQD,Janus Henderson Corporate Bond ETF,Taxable Bond,--,Corporate Bond,0.2
XBB,BondBloxx BB Rated USD High Yield Corporate Bond ETF,Taxable Bond,--,High Yield Bond,0.2
DFVE,Doubleline Fortune 500 Equal Weight ETF,U.S. Equity,Mid Value,Mid-Cap Value,0.2
QTOP,iShares Nasdaq Top 30 Stocks ETF,U.S. Equity,Large Growth,Large Growth,0.2
DIEM,Franklin Emerging Market Core Dividend Tilt Index ETF,International Equity,Large Blend,Diversified Emerging Mkts,0.19
FLMX,Franklin FTSE Mexico ETF,International Equity,Large Blend,Focused Region,0.19
FLIN,Franklin FTSE India ETF,International Equity,Large Blend,India Equity,0.19
PAB,PGIM Active Aggregate Bond ETF,Taxable Bond,--,Intermediate Core Bond,0.19
COWS,Amplify Cash Flow Dividend Leaders ETF,U.S. Equity,Mid Value,Mid-Cap Value,0.19
EZBC,Franklin Bitcoin ETF,Miscellaneous,--,Digital Assets,0.19
SAPH,SAP SE ADRhedged,Sector Equity,Large Growth,Technology,0.19
XIDV,Franklin International Dividend Booster Index ETF,International Equity,Large Value,Foreign Large Value,0.19
FIVA,Fidelity International Value Factor ETF,International Equity,Large Value,Foreign Large Value,0.18
FDEV,Fidelity International Multifactor ETF,International Equity,Large Value,Foreign Large Blend,0.18
EAOR,iShares ESG Aware 60/40 Balanced Allocation ETF,Allocation,Large Blend,Global Moderate Allocation,0.18
STXV,Strive 1000 Value ETF,U.S. Equity,Large Value,Large Value,0.18
STXK,Strive Small-Cap ETF,U.S. Equity,Small Blend,Small Blend,0.18
EVUS,Ishares ESG Aware MSCI USA Value ETF,U.S. Equity,Large Value,Large Value,0.18
SGOL,abrdn Physical Gold Shares ETF,Commodities,--,Commodities Focused,0.17
DFCF,Dimensional Core Fixed Income ETF,Taxable Bond,--,Intermediate Core Bond,0.17
AOK,iShares Core 30/70 Conservative Allocation ETF,Allocation,Large Blend,Global Conservative Allocation,0.15
LKOR,FlexShares Credit-Scored US Long Corporate Bond Index Fund,Taxable Bond,--,Long-Term Bond,0.15
IQSI,NYLI Candriam International Equity ETF,International Equity,Large Blend,Foreign Large Blend,0.15
AVIG,Avantis Core Fixed Income ETF,Taxable Bond,--,Intermediate Core Bond,0.15
MIDE,Xtrackers S&P MidCap 400 Scored & Screened ETF,U.S. Equity,Small Blend,Mid-Cap Blend,0.15
QVMM,Invesco S&P MidCap 400 QVM Multi-factor ETF,U.S. Equity,Small Blend,Mid-Cap Blend,0.15
IQSM,NYLI Candriam U.S. Mid Cap Equity ETF,U.S. Equity,Small Blend,Mid-Cap Blend,0.15
XOEX,Xtrackers S&P 100 Ex Top 20 ETF,U.S. Equity,Large Value,Large Value,0.15
UTHY,F/m US Treasury 30 Year Bond ETF,Taxable Bond,--,Long Government,0.15
UTWY,F/m US Treasury 20 Year Bond ETF,Taxable Bond,--,Long Government,0.15
EASG,Xtrackers MSCI EAFE Selection Equity ETF,International Equity,Large Blend,Foreign Large Blend,0.14
FEIG,FlexShares® ESG & Climate Investment Grade Corporate Core Index Fund,Taxable Bond,--,Corporate Bond,0.12
DFIP,Dimensional Inflation-Protected Securities ETF,Taxable Bond,--,Inflation-Protected Bond,0.11
ITDD,Ishares Lifepath Target Date 2040 ETF,Allocation,Large Blend,Target-Date 2040,0.11
ITDE,Ishares Lifepath Target Date 2045 ETF,Allocation,Large Blend,Target-Date 2045,0.11
ITDC,Ishares Lifepath Target Date 2035 ETF,Allocation,Large Blend,Target-Date 2035,0.1
FLJP,Franklin FTSE Japan ETF,International Equity,Large Blend,Japan Stock,0.09
FLAU,Franklin FTSE Australia ETF,International Equity,Large Blend,Focused Region,0.09
FLEE,Franklin FTSE Europe ETF,International Equity,Large Blend,Europe Stock,0.09
FLGB,Franklin FTSE United Kingdom ETF,International Equity,Large Blend,Focused Region,0.09
FLEU,Franklin FTSE Eurozone ETF,International Equity,Large Blend,Europe Stock,0.09
USHY,iShares Broad USD High Yield Corporate Bond ETF,Taxable Bond,--,High Yield Bond,0.08
GCOR,Goldman Sachs Access U.S. Aggregate Bond ETF,Taxable Bond,--,Intermediate Core Bond,0.08
SCHE,Schwab Emerging Markets Equity ETF™,International Equity,Large Blend,Diversified Emerging Mkts,0.06
HYLB,Xtrackers USD High Yield Corporate Bond ETF,Taxable Bond,--,High Yield Bond,0.05
BKMC,BNY Mellon US Mid Cap Core Equity ETF,U.S. Equity,Small Blend,Mid-Cap Blend,0.04
SCHK,Schwab 1000 ETF,U.S. Equity,Large Blend,Large Blend,0.03
BKAG,BNY Mellon Core Bond ETF,Taxable Bond,--,Intermediate Core Bond,0.0
GGRW,Gabelli Growth Innovators ETF,Sector Equity,Large Growth,Technology,0.0
GGTL,Gabelli Global Technology Leaders ETF,Sector Equity,Large Growth,Technology,0.0
Highlighted cells have been user-added and may not meet the criteria included in the screen.,,,,,
The data and information in this spreadsheet is provided to you solely for your use and is not for distribution.,,,,,
"The spreadsheet is provided for informational purposes only, and is not intended to provide advice, nor should it be construed ",,,,,
"as an offer to sell, a solicitation of an offer to buy or a recommendation for any security by Fidelity or any third party.",,,,,
Data and information shown is based on information known to Fidelity as of the date it was exported and is subject to change.,,,,,
"For more information on the data included in this spreadsheet, including any limitations thereof, go to Fidelity.com.",,,,,
Performance data quoted represents past performance and the return and principal value of an investment will fluctuate ,,,,,
so that an investor's shares when redeemed may be worth more or less than their original cost.,,,,,
"Brokerage services are provided by Fidelity Brokerage Services LLC, 900 Salem Street, Smithfield RI 02917.",,,,,
Custody and other services provided by National Financial Servicess LLC.,,,,,
"Both are Fidelity Investment companies and members SIPC, NYSE.",,,,,
AS OF 03:14 AM ET 08/11/2026 Quotes delayed at least 15 minutes.,,,,,
TARK,Tradr 2X Long Innovation ETF,Miscellaneous,--,Trading--Leveraged Equity,1.48
MSTB,LHA Market State Tactical Beta ETF,Nontraditional Equity,Large Blend,Equity Hedged,1.38
OAEM,OneAscent Emerging Markets ETF,International Equity,Large Blend,Diversified Emerging Mkts,1.25
GABF,Gabelli Financial Services Opportunities ETF,Sector Equity,Mid Value,Financial,1.24
INDL,Direxion Daily MSCI India Bull 2x Shares,Miscellaneous,Large Blend,Trading--Leveraged Equity,1.23
WEPN,Nicholas Defense and Rare Earth Income ETF,Sector Equity,Mid Growth,Industrials,1.11
SDTY,YieldMax S&P 500 0DTE Covered Call Strategy ETF,Nontraditional Equity,--,Derivative Income,1.08
GPTY,YieldMax AI & Tech Portfolio Option Income ETF,Nontraditional Equity,Large Growth,Derivative Income,1.06
AIBD,Direxion Daily AI And Big Data Bear 2X Shares,Miscellaneous,--,Trading--Inverse Equity,1.05
QLDY,Defiance NASDAQ 100 Lightningspread Income ETF,Nontraditional Equity,--,Derivative Income,1.04
YSPC,YieldMax SPCX Option Income Strategy ETF,Nontraditional Equity,--,Derivative Income,1.01
DRMY,XFUNDS Memory Income ETF,Sector Equity,Large Growth,Technology,1.01
SOXS,Direxion Daily Semiconductor Bear 3X Shares,Miscellaneous,--,Trading--Inverse Equity,1.0
WANT,Direxion Daily Cnsmr Discret Bull 3XShrs,Miscellaneous,Large Blend,Trading--Leveraged Equity,1.0
NXTE,Axs Green Alpha ETF,International Equity,Large Blend,Global Large-Stock Blend,1.0
ADPV,Adaptiv™ Select ETF,U.S. Equity,Mid Blend,Mid-Cap Blend,1.0
AMDY,YieldMax AMD Option Income Strategy ETF,Nontraditional Equity,--,Derivative Income,1.0
AGIX,KraneShares Artificial Intelligence and Technology Public and Private ETF,Sector Equity,Large Growth,Technology,1.0
AVGW,Roundhill AVGO WeeklyPay ETF,Miscellaneous,Large Growth,Trading--Miscellaneous,1.0
ARMW,Roundhill ARM WeeklyPay ETF,Miscellaneous,--,Trading--Miscellaneous,1.0
LSAT,LeaderShares® AlphaFactor® Tactical Focused ETF,U.S. Equity,Small Value,Mid-Cap Value,0.99
AMZU,Direxion Daily AMZN Bull 2X Shares,Miscellaneous,Large Value,Trading--Leveraged Equity,0.99
MAGY,Roundhill Magnificent Seven Covered Call ETF,Nontraditional Equity,Large Blend,Derivative Income,0.99
GDXW,Roundhill Gold Miners Weeklypay ETF,Miscellaneous,--,Trading--Miscellaneous,0.99
GLDW,Roundhill Gold WeeklyPay ETF,Miscellaneous,--,Trading--Miscellaneous,0.99
NYYY,xETFs NVDA Daily Income ETF,Nontraditional Equity,--,Derivative Income,0.99
TMV,Direxion Daily 20+ Year Treasury Bear 3X Shares,Miscellaneous,--,Trading--Inverse Debt,0.97
HTUS,Hull Tactical US ETF,Nontraditional Equity,Large Blend,Equity Hedged,0.96
EMLP,First Trust North American Energy Infrastructure Fund,Sector Equity,Mid Value,Energy Limited Partnership,0.95
BWTG,Brendan Wood TopGun ETF,U.S. Equity,Large Growth,Large Growth,0.95
UCOP,ProShares Ultra Copper K-1 Free ETF,Miscellaneous,--,Trading--Leveraged Commodities,0.95
EQQQ,ProShares Ultra QQQ Equal Weight,Miscellaneous,--,Trading--Leveraged Equity,0.95
GBUG,Sprott Active Gold & Silver Miners ETF,Sector Equity,Mid Growth,Equity Precious Metals,0.9
OAIM,OneAscent International Equity ETF,International Equity,Large Blend,Foreign Large Blend,0.89
BAMG,Brookstone Growth Stock ETF,U.S. Equity,Large Blend,Large Growth,0.89
MCHS,Matthews China Innovators Active ETF,International Equity,Large Growth,Greater China Region,0.89
DAUG,FT Vest U.S. Equity Deep Buffer ETF - August,Nontraditional Equity,Large Blend,Defined Outcome,0.85
DMAY,FT Vest U.S. Equity Deep Buffer ETF - May,Nontraditional Equity,Large Blend,Defined Outcome,0.85
DSEP,FT Vest U.S. Equity Deep Buffer ETF - September,Nontraditional Equity,Large Blend,Defined Outcome,0.85
DOCT,FT Vest U.S. Equity Deep Buffer ETF - October,Nontraditional Equity,Large Blend,Defined Outcome,0.85
CBSE,Clough Select Equity ETF,International Equity,Mid Growth,Global Small/Mid Stock,0.85
DDEC,FT Vest U.S. Equity Deep Buffer ETF - December,Nontraditional Equity,Large Blend,Defined Outcome,0.85
DJAN,FT Vest U.S. Equity Deep Buffer ETF - January,Nontraditional Equity,Large Blend,Defined Outcome,0.85
DMAR,FT Vest U.S. Equity Deep Buffer ETF - March,Nontraditional Equity,Large Blend,Defined Outcome,0.85
FAPR,FT Vest U.S. Equity Buffer ETF - April,Nontraditional Equity,Large Blend,Defined Outcome,0.85
XJUN,FT Vest U.S. Equity Enhance & Moderate Buffer ETF - June,Nontraditional Equity,Large Blend,Defined Outcome,0.85
XDEC,FT Vest U.S. Equity Enhance & Moderate Buffer ETF - December,Nontraditional Equity,Large Blend,Defined Outcome,0.85
XSEP,FT Vest U.S. Equity Enhance & Moderate Buffer ETF - September,Nontraditional Equity,Large Blend,Defined Outcome,0.85
GJAN,FT Vest U.S. Equity Moderate Buffer ETF - January,Nontraditional Equity,Large Blend,Defined Outcome,0.85
GFEB,FT Vest U.S. Equity Moderate Buffer ETF - February,Nontraditional Equity,Large Blend,Defined Outcome,0.85
XMAR,FT Vest U.S. Equity Enhance & Moderate Buffer ETF - March,Nontraditional Equity,Large Blend,Defined Outcome,0.85
GMAR,FT Vest U.S. Equity Moderate Buffer ETF - March,Nontraditional Equity,Large Blend,Defined Outcome,0.85
SGLC,SGI U.S. Large Cap Core ETF,U.S. Equity,Large Blend,Large Blend,0.85
GAPR,FT Vest U.S. Equity Moderate Buffer ETF - April,Nontraditional Equity,Large Blend,Defined Outcome,0.85
GMAY,FT Vest U.S. Equity Moderate Buffer ETF - May,Nontraditional Equity,Large Blend,Defined Outcome,0.85
GJUL,FT Vest U.S. Equity Moderate Buffer ETF - July,Nontraditional Equity,Large Blend,Defined Outcome,0.85
GOCT,FT Vest U.S. Equity Moderate Buffer ETF - October,Nontraditional Equity,Large Blend,Defined Outcome,0.85
GNOV,FT Vest U.S. Equity Moderate Buffer ETF - November,Nontraditional Equity,Large Blend,Defined Outcome,0.85
UXAP,FT Vest U.S. Equity Uncapped Accelerator ETF - April,Nontraditional Equity,Large Blend,Defined Outcome,0.85
EPI,WisdomTree India Earnings Fund,International Equity,Large Blend,India Equity,0.84
HISF,First Trust High Income Strategic Focus ETF,Taxable Bond,--,Multisector Bond,0.83
OVS,Overlay Shares Small Cap Equity ETF,U.S. Equity,Small Blend,Small Blend,0.83
FPA,First Trust Asia Pacific Ex-Japan AlphaDEX® Fund,International Equity,Large Value,Pacific/Asia ex-Japan Stk,0.8
FEMS,First Trust Emerging Markets Small Cap AlphaDEX® Fund,International Equity,Small Value,Diversified Emerging Mkts,0.8
DEEP,Acquirers Small and Micro Deep Value ETF,U.S. Equity,Small Value,Small Value,0.8
BOUT,CapForce IBD® Breakout Opportunities ETF,U.S. Equity,Mid Blend,Mid-Cap Growth,0.8
SEPZ,TrueShares Structured Outcome (September) ETF,Nontraditional Equity,--,Defined Outcome,0.8
VNSE,Natixis Vaughan Nelson Select ETF,U.S. Equity,Large Growth,Large Blend,0.8
OVLH,Overlay Shares Hedged Large Cap Equity ETF,Nontraditional Equity,Large Blend,Equity Hedged,0.8
OSCV,Opus Small Cap Value Plus ETF,U.S. Equity,Small Blend,Small Blend,0.79
POCT,Innovator U.S. Equity Power Buffer ETF™ October,Nontraditional Equity,Large Blend,Defined Outcome,0.79
UJAN,Innovator U.S. Equity Ultra Buffer ETF™ - January,Nontraditional Equity,Large Blend,Defined Outcome,0.79
PAPR,Innovator U.S. Equity Power Buffer ETF™ - April,Nontraditional Equity,Large Blend,Defined Outcome,0.79
PJUN,Innovator U.S. Equity Power Buffer ETF™ - June,Nontraditional Equity,Large Blend,Defined Outcome,0.79
ACIO,Aptus Collared Investment Opportunity ETF,Nontraditional Equity,Large Blend,Equity Hedged,0.79
UAUG,Innovator U.S. Equity Ultra Buffer ETF - August,Nontraditional Equity,Large Blend,Defined Outcome,0.79
PAUG,Innovator U.S. Equity Power Buffer ETF - August,Nontraditional Equity,Large Blend,Defined Outcome,0.79
PSEP,Innovator U.S. Equity Power Buffer ETF™ - September,Nontraditional Equity,Large Blend,Defined Outcome,0.79
PNOV,Innovator U.S. Equity Power Buffer ETF - November,Nontraditional Equity,Large Blend,Defined Outcome,0.79
PDEC,Innovator U.S. Equity Power Buffer ETF - December,Nontraditional Equity,Large Blend,Defined Outcome,0.79
UDEC,Innovator U.S. Equity Ultra Buffer ETF™ - December,Nontraditional Equity,Large Blend,Defined Outcome,0.79
KJAN,Innovator U.S. Small Cap Power Buffer ETF™ - January,Nontraditional Equity,Small Blend,Defined Outcome,0.79
PFEB,Innovator U.S. Equity Power Buffer ETF™ - February,Nontraditional Equity,Large Blend,Defined Outcome,0.79
PMAR,Innovator U.S. Equity Power Buffer ETF™ - March,Nontraditional Equity,Large Blend,Defined Outcome,0.79
UMAR,Innovator U.S. Equity Ultra Buffer ETF™ - March,Nontraditional Equity,Large Blend,Defined Outcome,0.79
BMAY,Innovator U.S. Equity Buffer ETF™- May,Nontraditional Equity,Large Blend,Defined Outcome,0.79
PMAY,Innovator U.S. Equity Power Buffer ETF™ - May,Nontraditional Equity,Large Blend,Defined Outcome,0.79
JULZ,Trueshares Structured Outcome (July) ETF,Nontraditional Equity,--,Defined Outcome,0.79
AUGZ,TrueShares Structured Outcome (August) ETF,Nontraditional Equity,--,Defined Outcome,0.79
OCTZ,TrueShares Structured Outcome (October) ETF,Nontraditional Equity,--,Defined Outcome,0.79
NOVZ,TrueShares Structured Outcome (November) ETF,Nontraditional Equity,--,Defined Outcome,0.79
DECZ,TrueShares Structured Outcome (December) ETF,Nontraditional Equity,--,Defined Outcome,0.79
XDSQ,Innovator U.S. Equity Accelerated ETF™ – Quarterly,Nontraditional Equity,Large Blend,Defined Outcome,0.79
XTAP,Innovator U.S. Equity Accelerated Plus ETF™ – April,Nontraditional Equity,Large Blend,Defined Outcome,0.79
XBAP,Innovator U.S. Equity Accelerated 9 Buffer ETFTM – April,Nontraditional Equity,Large Blend,Defined Outcome,0.79
XTJL,Innovator U.S. Equity Accelerated Plus ETF - July,Nontraditional Equity,Large Blend,Defined Outcome,0.79
MEM,Matthews Emerging Markets Equity Active ETF,International Equity,Large Blend,Diversified Emerging Mkts,0.79
MEMX,Matthews Emerging Markets Ex China Active ETF,International Equity,Large Growth,Diversified Emerging Mkts,0.79
ADVE,Matthews Asia Dividend Active ETF,International Equity,Large Value,Focused Region,0.79
JPAN,Matthews Japan Active ETF,International Equity,Large Growth,Japan Stock,0.79
PWER,Nomura Energy Transition ETF,Sector Equity,Mid Blend,Equity Energy,0.79
LENS,Sarmaya Thematic ETF,International Equity,Mid Value,Global Large-Stock Blend,0.79
BRSV,EA Bridgeway Select Small-Cap Value ETF,U.S. Equity,Small Value,Small Value,0.79
MOOD,Relative Sentiment Tactical Allocation ETF,Allocation,Large Blend,Tactical Allocation,0.77
PIO,Invesco Global Water ETF,Sector Equity,Mid Blend,Natural Resources,0.75
MRGR,ProShares Merger ETF,Alternative,Small Blend,Event Driven,0.75
ARKG,ARK Genomic Revolution ETF,Sector Equity,Small Blend,Health,0.75
USAI,Pacer American Energy Infrastructure ETF,Sector Equity,Mid Value,Energy Limited Partnership,0.75
WOMN,Impact Shares Women’s Empowerment ETF,U.S. Equity,Large Value,Large Blend,0.75
GDMA,Gadsden Dynamic Multi-Asset ETF,Allocation,Large Blend,Global Moderately Conservative Allocation,0.75
ARKF,ARK Blockchain & Fintech Innovation ETF,Sector Equity,Large Growth,Technology,0.75
UFO,Procure Space ETF,Sector Equity,Mid Growth,Miscellaneous Sector,0.75
SPRX,Spear Alpha ETF,Sector Equity,Mid Growth,Technology,0.75
WGMI,CoinShares Bitcoin Mining ETF,Sector Equity,Small Growth,Equity Digital Assets,0.75
COPJ,Sprott Junior Copper Miners ETF,Sector Equity,Small Growth,Natural Resources,0.75
CANC,Tema Oncology ETF,Sector Equity,Mid Blend,Health,0.75
FTHF,First Trust Emerging Markets Human Flourishing ETF,International Equity,Large Blend,Diversified Emerging Mkts,0.75
LQAI,LG QRAFT AI-Powered U.S. Large Cap Core ETF,U.S. Equity,Large Blend,Large Blend,0.75
GEME,Pacific NoS Global EM Equity Active ETF,International Equity,Large Blend,Diversified Emerging Mkts,0.75
LAZR,Tema Photonics & Optical ETF,Sector Equity,Mid Growth,Technology,0.75
APRT,AllianzIM U.S. Equity Buffer10 Apr ETF,Nontraditional Equity,Large Blend,Defined Outcome,0.74
JULT,AllianzIM U.S. Equity Buffer10 Jul ETF,Nontraditional Equity,Large Blend,Defined Outcome,0.74
OCTT,AllianzIM U.S. Equity Buffer10 Oct ETF,Nontraditional Equity,Large Blend,Defined Outcome,0.74
JANT,AllianzIM U.S. Equity Buffer10 Jan ETF,Nontraditional Equity,Large Blend,Defined Outcome,0.74
FEBT,Allianzim U.S. Equity Buffer10 Feb ETF,Nontraditional Equity,Large Blend,Defined Outcome,0.74
MART,Allianzim U.S. Equity Buffer10 Mar ETF,Nontraditional Equity,Large Blend,Defined Outcome,0.74
GOP,Subversive Congressional Republicans Trading ETF,U.S. Equity,Large Blend,Large Blend,0.73
GLIN,VanEck India Growth Leaders ETF,International Equity,Large Growth,India Equity,0.72
SMRI,Bushido Capital US Equity ETF,U.S. Equity,Mid Value,Mid-Cap Value,0.71
PMBS,PIMCO Mortgage-Backed Securities Active Exchange-Traded Fund,Taxable Bond,--,Government Mortgage-Backed Bond,0.71
FTSL,First Trust Senior Loan Fund,Taxable Bond,--,Bank Loan,0.7
FICS,First Trust International Developed Cap Strength ETF,International Equity,Large Blend,Foreign Large Growth,0.7
BINV,Brandes International ETF,International Equity,Large Value,Foreign Large Value,0.7
AGEM,abrdn Emerging Markets Dividend Active ETF,International Equity,Large Blend,Diversified Emerging Mkts,0.7
URA,Global X Uranium ETF,Sector Equity,Mid Growth,Natural Resources,0.69
SIXH,ETC 6 Meridian Hedged Equity-Index Option Strategy ETF,Nontraditional Equity,Large Value,Equity Hedged,0.69
BOAT,SonicShares™ Global Shipping ETF,Sector Equity,Mid Value,Industrials,0.69
CVRT,Calamos Convertible Equity Alternative ETF,Allocation,Small Value,Convertibles,0.69
BUFC,AB Conservative Buffer ETF,Nontraditional Equity,--,Defined Outcome,0.69
BUFI,AB International Buffer ETF,Nontraditional Equity,--,Defined Outcome,0.69
WLDR,Affinity World Leaders Equity ETF,International Equity,Large Value,Global Large-Stock Value,0.67
ERTH,Invesco MSCI Sustainable Future ETF,International Equity,Mid Blend,Global Large-Stock Blend,0.66
SAMT,Strategas Macro Thematic Opportunities ETF,U.S. Equity,Large Blend,Large Blend,0.66
FDLS,Inspire Fidelis Multi Factor ETF,U.S. Equity,Small Blend,Small Blend,0.66
EMM,Global X Emerging Markets ex-China ETF,International Equity,Large Growth,Diversified Emerging Mkts,0.66
COPP,Sprott Copper Miners ETF,Sector Equity,Mid Growth,Natural Resources,0.66
INDY,iShares India 50 ETF,International Equity,Large Blend,India Equity,0.65
SOCL,Global X Social Media ETF,Sector Equity,Large Blend,Communications,0.65
ASHS,Xtrackers Harvest CSI 500 China A-Shares Small Cap ETF,International Equity,Large Blend,Greater China Region,0.65
EYLD,Cambria Emerging Shareholder Yield ETF,International Equity,Mid Value,Diversified Emerging Mkts,0.65
FIXD,First Trust Smith Opportunistic Fixed Income ETF,Taxable Bond,--,Intermediate Core-Plus Bond,0.65
ICOW,Pacer Developed Markets International Cash Cows 100 ETF,International Equity,Large Value,Foreign Large Value,0.65
TUG,STF Tactical Growth ETF,Allocation,Large Growth,Tactical Allocation,0.65
IDVO,Amplify CWP International Enhanced Dividend Income ETF,Nontraditional Equity,Large Blend,Derivative Income,0.65
YALL,Truth Social God Bless America ETF,U.S. Equity,Large Blend,Large Blend,0.65
TDI,Touchstone Dynamic International ETF,International Equity,Large Blend,Foreign Large Blend,0.65
SLNZ,TCW Senior Loan ETF,Taxable Bond,--,Bank Loan,0.65
LST,Leuthold Select Industries ETF,U.S. Equity,Mid Blend,Mid-Cap Blend,0.65
KDEF,PLUS Korea Defense Industry Index ETF,Sector Equity,Mid Growth,Industrials,0.65
TCAI,Tortoise AI Infrastructure ETF,Sector Equity,Mid Growth,Infrastructure,0.65
PXJ,Invesco Oil & Gas Services ETF,Sector Equity,Small Value,Equity Energy,0.63
COLO,Global X MSCI Colombia ETF,International Equity,Mid Value,Focused Region,0.62
DWLD,Davis Select Worldwide ETF,International Equity,Large Value,Global Large-Stock Blend,0.62
EMET,VanEck Copper and Electrification Metals ETF,Sector Equity,Large Growth,Natural Resources,0.62
PBJ,Invesco Food & Beverage ETF,Sector Equity,Mid Value,Consumer Defensive,0.61
FXU,First Trust Utilities AlphaDEX® Fund,Sector Equity,Mid Value,Utilities,0.61
PUI,Invesco Dorsey Wright Utilities Momentum ETF,Sector Equity,Mid Value,Utilities,0.6
DTRE,First Trust Alerian Disruptive Technology Real Estate ETF,Sector Equity,Mid Value,Global Real Estate,0.6
DDIV,First Trust Dorsey Wright Momentum & Dividend ETF,U.S. Equity,Mid Value,Mid-Cap Value,0.6
FLRT,Pacer Aristotle Pacific Floating Rate High Income ETF,Taxable Bond,Small Value,Bank Loan,0.6
PTMC,Pacer Trendpilot™ US Mid Cap ETF,U.S. Equity,Small Blend,Mid-Cap Blend,0.6
EMDV,ProShares MSCI Emerging Markets Dividend Growers ETF,International Equity,Large Value,Diversified Emerging Mkts,0.6
GCOW,Pacer Global Cash Cows Dividend ETF,International Equity,Large Value,Global Large-Stock Value,0.6
FTXO,First Trust Nasdaq Bank ETF,Sector Equity,Mid Value,Financial,0.6
FTXR,First Trust Nasdaq Transportation ETF,Sector Equity,Mid Value,Industrials,0.6
SHRY,First Trust Bloomberg Shareholder Yield ETF,U.S. Equity,Mid Value,Large Value,0.6
GOAU,U.S. Global GO GOLD and Precious Metal Miners ETF,Sector Equity,Mid Growth,Equity Precious Metals,0.6
ALTL,Pacer Lunt Large Cap Alternator ETF,U.S. Equity,Mid Growth,Large Blend,0.6
QDPL,Pacer Metaurus US Large Cap Dividend Multiplier 400 ETF,U.S. Equity,Large Blend,Large Blend,0.6
MISL,First Trust Indxx Aerospace & Defense ETF,Sector Equity,Mid Growth,Industrials,0.6
EVLN,Eaton Vance Floating-Rate ETF,Taxable Bond,Small Value,Bank Loan,0.6
QSIX,Pacer Metarus Nasdaq 100 Dividend Multiplier 600 ETF,Nontraditional Equity,Large Growth,Derivative Income,0.6
EPOL,iShares MSCI Poland ETF,International Equity,Mid Value,Focused Region,0.59
EWUS,iShares MSCI United Kingdom Small-Cap ETF,International Equity,Mid Blend,Focused Region,0.59
LSGR,Natixis Loomis Sayles Focused Growth ETF,U.S. Equity,Large Blend,Large Growth,0.59
GKAT,Scharf Global Opportunity ETF,International Equity,Large Value,Global Large-Stock Value,0.59
SDVY,First Trust SMID Cap Rising Dividend Achievers ETF,U.S. Equity,Small Blend,Small Value,0.58
SUPL,ProShares Supply Chain Logistics ETF,Sector Equity,Mid Blend,Industrials,0.58
BNDI,Neos Enhanced Income Aggregate Bond ETF,Taxable Bond,Large Blend,Intermediate Core Bond,0.58
ALAI,Alger AI Enablers & Adopters ETF,Sector Equity,Large Growth,Technology,0.58
TLTI,NEOS Enhanced Income 20+ Year Treasury Bond ETF,Taxable Bond,Large Blend,Long Government,0.58
RB,Proshares Russell 2000 Dynamic Buffer ETF,Nontraditional Equity,Small Blend,Defined Outcome,0.58
FB,Proshares S&P 500 Dynamic Buffer ETF,Nontraditional Equity,Large Blend,Defined Outcome,0.58
QB,ProShares Nasdaq-100 Dynamic Buffer ETF,Nontraditional Equity,Large Growth,Defined Outcome,0.58
FBCV,Fidelity Blue Chip Value ETF,U.S. Equity,Large Value,Large Value,0.57
THRO,iShares U.S. Thematic Rotation Active ETF,U.S. Equity,Large Blend,Large Blend,0.57
DIVO,Amplify CWP Enhanced Dividend Income ETF,Nontraditional Equity,Large Value,Derivative Income,0.56
LCF,Touchstone US Large Cap Focused ETF,U.S. Equity,Large Blend,Large Blend,0.56
ISPY,ProShares S&P 500 High Income ETF,Nontraditional Equity,Large Blend,Derivative Income,0.56
AFLG,First Trust Active Factor Large Cap ETF,U.S. Equity,Large Blend,Large Blend,0.55
FSYD,Fidelity Sustainable High Yield ETF,Taxable Bond,Small Blend,High Yield Bond,0.55
DSMC,Distillate Small/Mid Cash Flow ETF,U.S. Equity,Small Value,Small Value,0.55
BKGI,Bny Mellon Global Infrastructure Income ETF,Sector Equity,Mid Value,Infrastructure,0.55
FTBD,Fidelity Tactical Bond ETF,Taxable Bond,--,Multisector Bond,0.55
TMSL,T. Rowe Price Small-Mid Cap ETF,U.S. Equity,Small Blend,Mid-Cap Blend,0.55
SMIZ,Zacks Small/Mid Cap ETF,U.S. Equity,Small Growth,Small Blend,0.55
SPTE,SP Funds S&P Global Technology ETF,Sector Equity,Large Growth,Technology,0.55
IQQQ,ProShares Nasdaq-100 High Income ETF,Nontraditional Equity,Large Growth,Derivative Income,0.55
BGRO,iShares Large Cap Growth Active ETF,U.S. Equity,Large Growth,Large Growth,0.55
ITWO,Proshares Russell 2000 High Income ETF,Nontraditional Equity,Small Blend,Derivative Income,0.55
BAI,iShares A.I. Innovation and Tech Active ETF,Sector Equity,Large Growth,Technology,0.55
WDIG,WisdomTree Efficient Rare Earth Plus Strategic Metals Fund,Sector Equity,--,Natural Resources,0.55
CARK,Castleark Large Growth ETF,U.S. Equity,Large Growth,Large Growth,0.54
LFSC,F/m Emerald Life Sciences Innovation ETF,Sector Equity,Small Growth,Health,0.54
SPD,Simplify US Equity PLUS Downside Convexity ETF,U.S. Equity,Large Blend,Large Blend,0.53
SPYC,Simplify US Equity PLUS Convexity ETF,U.S. Equity,Large Blend,Large Blend,0.53
TPHD,Timothy Plan High Dividend Stock ETF,U.S. Equity,Mid Value,Mid-Cap Value,0.52
TPSC,Timothy Plan US Small Cap Core ETF,U.S. Equity,Small Blend,Small Blend,0.52
TGRW,T. Rowe Price Growth Stock ETF,U.S. Equity,Large Growth,Large Growth,0.52
EWQ,iShares MSCI France ETF,International Equity,Large Blend,Focused Region,0.5
EWU,iShares MSCI United Kingdom ETF,International Equity,Large Blend,Focused Region,0.5
IDV,iShares International Select Dividend ETF,International Equity,Large Value,Foreign Large Value,0.5
ENZL,iShares MSCI New Zealand ETF,International Equity,Mid Growth,Focused Region,0.5
CEMB,iShares J.P. Morgan EM Corporate Bond ETF,Taxable Bond,--,Emerging Markets Bond,0.5
IDOG,ALPS International Sector Dividend Dogs ETF,International Equity,Large Value,Foreign Large Value,0.5
EFAD,ProShares MSCI EAFE Dividend Growers ETF,International Equity,Large Blend,Foreign Large Blend,0.5
MILN,Global X Millennials Consumer ETF,U.S. Equity,Mid Blend,Large Growth,0.5
JPIB,JPMorgan International Bond Opportunities ETF,Taxable Bond,--,Global Bond-USD Hedged,0.5
KNGZ,First Trust S&P 500 Diversified Dividend Aristocrats ETF,U.S. Equity,Mid Value,Large Value,0.5
EDOW,First Trust Dow 30 Equal Weight ETF,U.S. Equity,Large Value,Large Value,0.5
BUG,Global X Cybersecurity ETF,Sector Equity,Mid Growth,Technology,0.5
GSPY,Gotham Enhanced 500 ETF,U.S. Equity,Large Blend,Large Blend,0.5
ITAN,Sparkline Intangible Value ETF,U.S. Equity,Mid Value,Large Value,0.5
HYDR,Global X Hydrogen ETF,Sector Equity,Small Blend,Miscellaneous Sector,0.5
SIFI,Harbor Ares Systematic Multi-Sector Income ETF,Taxable Bond,--,Multisector Bond,0.5
NUGO,Nuveen Growth Opportunities ETF,U.S. Equity,Large Growth,Large Growth,0.5
LGRO,Level Four Large Cap Growth Active ETF,U.S. Equity,Large Blend,Large Growth,0.5
QLTY,GMO U.S. Quality ETF,U.S. Equity,Large Blend,Large Blend,0.5
ILOW,AB International Low Volatility Equity ETF,International Equity,Large Blend,Foreign Large Blend,0.5
EUAD,Select STOXX Europe Aerospace & Defense ETF,Sector Equity,Large Growth,Industrials,0.5
TEKY,Lazard Next Gen Technologies ETF,Sector Equity,Large Growth,Technology,0.5
ORBX,Global X Space Tech ETF,Sector Equity,Mid Growth,Industrials,0.5
RACK,VanEck Data Center Supply Chain ETF,Sector Equity,Large Growth,Technology,0.5
EWG,iShares MSCI Germany ETF,International Equity,Large Blend,Focused Region,0.49
EWO,iShares MSCI Austria ETF,International Equity,Mid Blend,Focused Region,0.49
EUFN,iShares MSCI Europe Financials ETF,International Equity,Large Blend,Europe Stock,0.49
FCAL,First Trust California Municipal High Income ETF,Municipal Bond,--,Muni California Long,0.49
FMHI,First Trust Municipal High Income ETF,Municipal Bond,--,High Yield Muni,0.49
PGRO,Putnam Focused Large Cap Growth ETF,U.S. Equity,Large Growth,Large Growth,0.49
OALC,OneAscent Large Cap Core ETF,U.S. Equity,Large Blend,Large Blend,0.49
FPAG,FPA Global Equity ETF,International Equity,Large Value,Global Large-Stock Value,0.49
DIVD,Altrius Global Dividend ETF,International Equity,Large Value,Global Large-Stock Value,0.49
TXS,Texas Capital Texas Equity Index ETF,U.S. Equity,Mid Blend,Mid-Cap Blend,0.49
ROE,Astoria US Equal Weight Quality Kings ETF,U.S. Equity,Large Blend,Large Blend,0.49
FTWO,Strive Natural Resources and Security ETF,Sector Equity,Large Value,Natural Resources,0.49
HEMI,Hartford Equity Premium Income ETF,Nontraditional Equity,Large Blend,Derivative Income,0.49
DDLS,WisdomTree Dynamic International SmallCap Equity ETF,International Equity,Small Value,Foreign Small/Mid Value,0.48
SIHY,Harbor Ares Systematic High-Yield ETF,Taxable Bond,--,High Yield Bond,0.48
PDN,Invesco RAFI Developed Markets ex-U.S. Small-Mid ETF,International Equity,Mid Blend,Foreign Small/Mid Value,0.47
IQDY,FlexShares International Quality Dividend Dynamic Index Fund,International Equity,Large Blend,Foreign Large Value,0.47
JBBB,Janus Henderson B-BBB CLO ETF,Taxable Bond,--,Securitized Bond - Focused,0.47
IBLC,iShares Blockchain and Tech ETF,Sector Equity,Mid Growth,Equity Digital Assets,0.47
MTGP,WisdomTree Mortgage Plus Bond Fund,Taxable Bond,--,Securitized Bond - Diversified,0.46
JHID,John Hancock International High Dividend ETF,International Equity,Large Value,Foreign Large Value,0.46
BLCV,iShares Large Cap Value Active ETF,U.S. Equity,Large Value,Large Value,0.46
DWX,State Street® SPDR® S&P® International Dividend ETF,International Equity,Large Value,Foreign Large Value,0.45
STOT,State Street® DoubleLine® Short Duration Total Return Tactical ETF,Taxable Bond,--,Short-Term Bond,0.45
SIMS,State Street® SPDR® S&P Kensho Intelligent Structures ETF,Sector Equity,Small Blend,Infrastructure,0.45
DEMZ,Democratic Large Cap Core ETF,U.S. Equity,Large Blend,Large Blend,0.45
WCBR,WisdomTree Cybersecurity Fund,Sector Equity,Mid Growth,Technology,0.45
AHYB,American Century® Select High Yield ETF,Taxable Bond,--,High Yield Bond,0.45
DBND,DoubleLine Opportunistic Core Bond ETF,Taxable Bond,--,Intermediate Core-Plus Bond,0.45
AFOS,ARS Focused Opportunities Strategy ETF,U.S. Equity,Large Growth,Large Blend,0.45
LNGX,Global X U.S. Natural Gas ETF,Sector Equity,Mid Value,Equity Energy,0.45
GSGO,Goldman Sachs Growth Opportunities ETF,U.S. Equity,Large Growth,Large Growth,0.45
TRBF,Angel Oak Total Return ETF,Taxable Bond,--,Intermediate Core-Plus Bond,0.44
HSCZ,iShares Currency Hedged MSCI EAFE Small-Cap ETF,International Equity,Mid Blend,Foreign Small/Mid Blend,0.43
DNL,WisdomTree Global ex-U.S. Quality Growth Fund,International Equity,Large Growth,Foreign Large Growth,0.42
IQDG,WisdomTree International Quality Dividend Growth Fund,International Equity,Large Blend,Foreign Large Growth,0.42
DISV,Dimensional International Small Cap Value ETF,International Equity,Mid Value,Foreign Small/Mid Value,0.42
WIMA,Wisdomtree International Adaptive Moving Average Fund,International Equity,Large Blend,Foreign Large Blend,0.42
VBND,Vident U.S. Bond Strategy ETF,Taxable Bond,--,Intermediate Core-Plus Bond,0.41
DFSE,Dimensional Emerging Markets Sustainability Core 1 ETF,International Equity,Large Blend,Diversified Emerging Mkts,0.41
DUBS,Aptus Large Cap Enhanced Yield ETF,U.S. Equity,Large Blend,Large Blend,0.41
GWX,State Street® SPDR® S&P® International Small Cap ETF,International Equity,Small Blend,Foreign Small/Mid Blend,0.4
GHYG,iShares US & Intl High Yield Corp Bond ETF,Taxable Bond,--,High Yield Bond,0.4
DBAW,Xtrackers MSCI All World ex US Hedged Equity ETF,International Equity,Large Blend,Foreign Large Blend,0.4
TPYP,Tortoise North American Pipeline Fund,Sector Equity,Mid Value,Energy Limited Partnership,0.4
DDWM,WisdomTree Dynamic International Equity ETF,International Equity,Large Blend,Foreign Large Value,0.4
LVHI,Franklin International Low Volatility High Dividend Index ETF,International Equity,Large Value,Foreign Large Value,0.4
VEGI,iShares MSCI Agriculture Producers ETF,Sector Equity,Mid Value,Natural Resources,0.39
JHMD,John Hancock Multifactor Developed International ETF,International Equity,Large Blend,Foreign Large Blend,0.39
MFDX,PIMCO RAFI Dynamic Multi-Factor International Equity ETF,International Equity,Large Blend,Foreign Large Blend,0.39
ABOT,Abacus FCF Innovation Leaders ETF,Sector Equity,Mid Growth,Technology,0.39
MBOX,Freedom Day Dividend ETF,U.S. Equity,Large Value,Large Value,0.39
MINO,PIMCO Municipal Income Opportunities Active Exchange-Traded Fund,Municipal Bond,--,Muni National Interm,0.39
FCLD,Fidelity Cloud Computing ETF,Sector Equity,Mid Growth,Technology,0.39
JPIE,JPMorgan Income ETF,Taxable Bond,--,Multisector Bond,0.39
CGGR,Capital Group Growth ETF,U.S. Equity,Large Growth,Large Growth,0.39
DMBS,Doubleline Mortgage ETF,Taxable Bond,--,Securitized Bond - Diversified,0.39
HIMU,iShares High Yield Muni Active ETF,Municipal Bond,--,High Yield Muni,0.39
FLXI,Invesco Flexible Income ETF,Taxable Bond,--,Multisector Bond,0.39
BUYB,Proshares S&P 500 Buyback Aristocrats ETF,U.S. Equity,Mid Value,Large Blend,0.39
QHY,WisdomTree U.S. High Yield Corporate Bond Fund,Taxable Bond,--,High Yield Bond,0.38
MUSI,American Century Multisector Income ETF,Taxable Bond,--,Multisector Bond,0.38
TGRT,T. Rowe Price Growth ETF,U.S. Equity,Large Growth,Large Growth,0.38
IYZ,iShares U.S. Telecommunications ETF,Sector Equity,Large Value,Communications,0.37
JCPB,JPMorgan Core Plus Bond ETF,Taxable Bond,--,Intermediate Core-Plus Bond,0.37
FBND,Fidelity Total Bond ETF,Taxable Bond,Small Value,Intermediate Core-Plus Bond,0.36
FCOR,Fidelity Corporate Bond ETF,Taxable Bond,--,Corporate Bond,0.36
FSEC,Fidelity Investment Grade Securitized ETF,Taxable Bond,--,Securitized Bond - Diversified,0.36
FIGB,Fidelity Investment Grade Bond ETF,Taxable Bond,--,Intermediate Core Bond,0.36
HEFA,iShares Currency Hedged MSCI EAFE ETF,International Equity,Large Blend,Foreign Large Blend,0.35
HAWX,iShares Currency Hedged MSCI ACWI ex U.S. ETF,International Equity,Large Blend,Foreign Large Blend,0.35
GTO,Invesco Total Return Bond ETF,Taxable Bond,--,Intermediate Core-Plus Bond,0.35
HYXF,iShares ESG Advanced High Yield Corporate Bond ETF,Taxable Bond,--,High Yield Bond,0.35
HYDB,iShares High Yield Systematic Bond ETF,Taxable Bond,--,High Yield Bond,0.35
FDHY,Fidelity Enhanced High Yield ETF,Taxable Bond,--,High Yield Bond,0.35
HAPI,Harbor Human Capital Factor US Large Cap ETF,U.S. Equity,Large Blend,Large Blend,0.35
SPAM,Themes Cybersecurity ETF,Sector Equity,Mid Growth,Technology,0.35
BOTT,Themes Humanoid Robotics ETF,Sector Equity,Mid Growth,Technology,0.35
LIMI,Themes Lithium & Battery Metal Miners ETF,Sector Equity,Mid Blend,Natural Resources,0.35
NATO,Themes Transatlantic Defense ETF,Sector Equity,Large Growth,Industrials,0.35
IGCB,TCW Corporate Bond ETF,Taxable Bond,--,Corporate Bond,0.35
NTSD,Wisdomtree Efficient U.S. Plus International Equity Fund,Alternative,Large Blend,Multi-Asset Overlay,0.35
TSPA,T. Rowe Price US Equity Research ETF,U.S. Equity,Large Blend,Large Blend,0.34
JHDV,John Hancock U.S. High Dividend ETF,U.S. Equity,Large Value,Large Value,0.34
JSCP,JPMorgan Short Duration Core Plus ETF,Taxable Bond,--,Short-Term Bond,0.33
CGUS,Capital Group Core Equity ETF,U.S. Equity,Large Blend,Large Blend,0.33
TVAL,T. Rowe Price Value ETF,U.S. Equity,Large Value,Large Value,0.33
XSOE,WisdomTree Emerging Markets ex-State-Owned Enterprises Fund,International Equity,Large Growth,Diversified Emerging Mkts,0.32
NTSE,WisdomTree Emerging Markets Efficient Core Fund,Alternative,Large Blend,Multi-Asset Overlay,0.32
STXE,Strive Emerging Markets Ex-China ETF,International Equity,Large Blend,Diversified Emerging Mkts,0.32
IVLU,iShares Edge MSCI Intl Value Factor ETF,International Equity,Large Value,Foreign Large Value,0.31
NUMV,Nuveen ESG Mid-Cap Value ETF,U.S. Equity,Mid Value,Mid-Cap Value,0.31
NUMG,Nuveen ESG Mid-Cap Growth ETF,U.S. Equity,Mid Growth,Mid-Cap Growth,0.31
APUE,ActivePassive U.S. Equity ETF,U.S. Equity,Large Blend,Large Blend,0.31
TCAF,T. Rowe Price Capital Appreciation Equity ETF,U.S. Equity,Large Blend,Large Blend,0.31
LEMB,iShares J.P. Morgan EM Local Currency Bond ETF,Taxable Bond,--,Emerging-Markets Local-Currency Bond,0.3
SHYG,iShares 0-5 Year High Yield Corporate Bond ETF,Taxable Bond,--,High Yield Bond,0.3
HOMZ,The Hoya Capital Housing ETF,U.S. Equity,Small Value,Mid-Cap Value,0.3
GUSE,Goldman Sachs Enhanced U.S. Equity ETF,U.S. Equity,Large Blend,Large Blend,0.3
GIEQ,Goldman Sachs Data Enhanced International Equity ETF,International Equity,Large Blend,Foreign Large Blend,0.3
IDHQ,Invesco S&P International Developed Quality ETF,International Equity,Large Growth,Foreign Large Growth,0.29
RODM,Hartford Multifactor Developed Markets (ex-US) ETF,International Equity,Large Value,Foreign Large Value,0.29
XSHQ,Invesco S&P SmallCap Quality ETF,U.S. Equity,Small Growth,Small Blend,0.29
KORP,American Century Diversified Corporate Bond ETF,Taxable Bond,--,Corporate Bond,0.29
JOET,Virtus Terranova U.S. Quality Momentum ETF,U.S. Equity,Large Blend,Large Blend,0.29
XEMD,BondBloxx JP Morgan USD Emerging Markets 1-10 Year Bond ETF,Taxable Bond,--,Emerging Markets Bond,0.29
FESM,Fidelity Enhanced Small Cap Core ETF,U.S. Equity,Small Blend,Small Blend,0.28
LVHD,Franklin U.S. Low Volatility High Dividend Index ETF,U.S. Equity,Mid Value,Mid-Cap Value,0.27
NTSI,WisdomTree International Efficient Core Fund,Alternative,Large Blend,Multi-Asset Overlay,0.26
CMBS,iShares CMBS ETF,Taxable Bond,--,Securitized Bond - Focused,0.25
OUNZ,VanEck Merk Gold Trust,Commodities,--,Commodities Focused,0.25
GSIE,Goldman Sachs ActiveBeta® International Equity ETF,International Equity,Large Blend,Foreign Large Blend,0.25
UITB,VictoryShares Core Intermediate Bond ETF,Taxable Bond,--,Intermediate Core Bond,0.25
HYBB,iShares BB Rated Corporate Bond ETF,Taxable Bond,--,High Yield Bond,0.25
JCPI,JPMorgan Inflation Managed Bond ETF,Taxable Bond,--,Inflation-Protected Bond,0.25
FLOW,Global X U.S. Cash Flow Kings 100 ETF,U.S. Equity,Mid Value,Mid-Cap Value,0.25
IVVW,iShares S&P 500 BuyWrite ETF,Nontraditional Equity,Large Blend,Derivative Income,0.25
OPTZ,Optimize Strategy Index ETF,U.S. Equity,Mid Blend,Mid-Cap Blend,0.25
PCL,PGIM Corporate Bond 10+ Year ETF,Taxable Bond,--,Corporate Bond,0.25
VCOB,Voya Core Bond ETF,Taxable Bond,--,Intermediate Core Bond,0.25
MBBA,iShares Mortgage-Backed Securities Active ETF,Taxable Bond,--,Government Mortgage-Backed Bond,0.25
ISCF,iShares MSCI Intl Small-Cap Multifactor ETF,International Equity,Small Blend,Foreign Small/Mid Blend,0.24
DFSI,Dimensional International Sustainability Core 1 ETF,International Equity,Large Blend,Foreign Large Blend,0.24
TFI,State Street® SPDR® Nuveen ICE Municipal Bond ETF,Municipal Bond,--,Muni National Long,0.23
VNLA,Janus Henderson Short Duration Income ETF,Taxable Bond,--,Ultrashort Bond,0.23
FMDE,Fidelity Enhanced Mid Cap Core ETF,U.S. Equity,Mid Blend,Mid-Cap Blend,0.23
BKHY,BNY Mellon High Yield ETF,Taxable Bond,--,High Yield Bond,0.22
IMTG,Invesco Agency MBS ETF,Taxable Bond,--,Government Mortgage-Backed Bond,0.22
JMBS,Janus Henderson Mortgage-Backed Securities ETF,Taxable Bond,--,Government Mortgage-Backed Bond,0.21
SHM,State Street® SPDR® Nuveen ICE Short Term Municipal Bond ETF,Municipal Bond,--,Muni National Short,0.2
LTPZ,PIMCO 15+ Year U.S. TIPS Index Exchange-Traded Fund,Taxable Bond,--,Inflation-Protected Bond,0.2
DAX,Global X DAX Germany ETF,International Equity,Large Blend,Focused Region,0.2
SMMV,iShares MSCI USA Small-Cap Min Vol Factor ETF,U.S. Equity,Small Blend,Small Blend,0.2
SHYL,Xtrackers Short Duration High Yield Bond ETF,Taxable Bond,--,High Yield Bond,0.2
HYDW,Xtrackers Low Beta High Yield Bond ETF,Taxable Bond,--,High Yield Bond,0.2
BGRN,iShares USD Green Bond ETF,Taxable Bond,--,Global Bond-USD Hedged,0.2
SVAL,iShares US Small Cap Value Factor ETF,U.S. Equity,Small Value,Small Value,0.2
DUHP,Dimensional US High Profitability ETF,U.S. Equity,Large Blend,Large Blend,0.2
QQQS,Invesco NASDAQ Future Gen 200 ETF,U.S. Equity,Small Value,Small Blend,0.2
PSWD,Xtrackers Cybersecurity Select Equity ETF,Sector Equity,Mid Growth,Technology,0.2
DIEM,Franklin Emerging Market Core Dividend Tilt Index ETF,International Equity,Large Blend,Diversified Emerging Mkts,0.19
BBBL,Bondbloxx BBB Rated 10+ Year Corporate Bond ETF,Taxable Bond,--,Long-Term Bond,0.19
ITM,VanEck Intermediate Muni ETF,Municipal Bond,--,Muni National Interm,0.18
QSIG,WisdomTree U.S. Short-Term Corporate Bond Fund,Taxable Bond,--,Short-Term Bond,0.18
QIG,WisdomTree U.S. Corporate Bond Fund,Taxable Bond,--,Corporate Bond,0.18
IGEB,iShares Investment Grade Systematic Bond ETF,Taxable Bond,--,Corporate Bond,0.18
AAAU,Goldman Sachs Physical Gold ETF,Commodities,--,Commodities Focused,0.18
EAOA,iShares ESG Aware 80/20 Aggressive Allocation ETF,Allocation,Large Blend,Global Aggressive Allocation,0.18
DFAI,Dimensional International Core Equity Market ETF,International Equity,Large Blend,Foreign Large Blend,0.18
WRND,NYLI Global Equity R&D Leaders ETF,International Equity,Large Growth,Global Large-Stock Growth,0.18
FELV,Fidelity Enhanced Large Cap Value ETF,U.S. Equity,Large Value,Large Value,0.18
FELG,Fidelity Enhanced Large Cap Growth ETF,U.S. Equity,Large Growth,Large Growth,0.18
FELC,Fidelity Enhanced Large Cap Core ETF,U.S. Equity,Large Blend,Large Blend,0.18
BAR,GraniteShares Gold Trust,Commodities,--,Commodities Focused,0.1749
DFAC,Dimensional U.S. Core Equity 2 ETF,U.S. Equity,Large Blend,Large Blend,0.17
AVRE,Avantis Real Estate ETF,Sector Equity,Mid Blend,Global Real Estate,0.17
DFNM,Dimensional National Municipal Bond ETF,Municipal Bond,--,Muni National Interm,0.17
INTF,iShares International Equity Factor ETF,International Equity,Large Blend,Foreign Large Blend,0.16
DFSD,Dimensional Short-Duration Fixed Income ETF,Taxable Bond,--,Short-Term Bond,0.16
QLTA,iShares Aaa - A Rated Corporate Bond ETF,Taxable Bond,--,Corporate Bond,0.15
SKOR,FlexShares Credit-Scored US Corporate Bond Index Fund,Taxable Bond,--,Corporate Bond,0.15
GHYB,Goldman Sachs Access High Yield Corporate Bond ETF,Taxable Bond,--,High Yield Bond,0.15
EMCS,Xtrackers MSCI Emerging Markets Select ETF,International Equity,Large Blend,Diversified Emerging Mkts,0.15
EMCR,Xtrackers Emerging Markets Carbon Reduction and Climate Improvers ETF,International Equity,Large Blend,Diversified Emerging Mkts,0.15
EWJV,iShares MSCI Japan Value ETF,International Equity,Large Value,Japan Stock,0.15
RECS,Columbia Research Enhanced Core ETF,U.S. Equity,Large Blend,Large Blend,0.15
FLRG,Fidelity U.S. Multifactor ETF,U.S. Equity,Large Blend,Large Blend,0.15
QQQJ,Invesco NASDAQ Next Gen 100 ETF,U.S. Equity,Mid Growth,Mid-Cap Growth,0.15
AVSF,Avantis Short-Term Fixed Income ETF,Taxable Bond,--,Short-Term Bond,0.15
AVMU,Avantis Core Municipal Fixed Income ETF,Municipal Bond,--,Muni National Interm,0.15
SEIQ,SEI QiM U.S. Large Cap Quality Active ETF,U.S. Equity,Large Blend,Large Blend,0.15
UTEN,F/m US Treasury 10 Year Note ETF,Taxable Bond,--,Long Government,0.15
UTWO,F/m US Treasury 2 Year Note ETF,Taxable Bond,--,Short Government,0.15
DFSU,Dimensional US Sustainability Core 1 ETF,U.S. Equity,Large Blend,Large Blend,0.15
UNIY,WisdomTree Voya Yield Enchanced USD Universal Bond Fund,Taxable Bond,--,Intermediate Core Bond,0.15
UTRE,F/m US Treasury 3 Year Note ETF,Taxable Bond,--,Short Government,0.15
UFIV,F/m US Treasury 5 Year Note ETF,Taxable Bond,--,Intermediate Government,0.15
USVN,F/m US Treasury 7 Year Note ETF,Taxable Bond,--,Intermediate Government,0.15
MTBA,Simplify MBS ETF,Taxable Bond,--,Intermediate Government,0.15
USIN,Wisdomtree 7-10 Year Laddered Treasury Fund ETF,Taxable Bond,--,Long Government,0.15
LRND,NYLI U.S. Large Cap R&D Leaders ETF,U.S. Equity,Large Growth,Large Growth,0.14
VNQI,Vanguard Global ex-U.S. Real Estate Index Fund ETF Shares,Sector Equity,Mid Value,Global Real Estate,0.12
NZAC,State Street® SPDR® MSCI ACWI Climate Paris Aligned ETF,International Equity,Large Blend,Global Large-Stock Blend,0.12
AGGY,WisdomTree Yield Enhanced U.S. Aggregate Bond Fund,Taxable Bond,--,Intermediate Core Bond,0.12
SHAG,WisdomTree Yield Enhanced U.S. Short-Term Aggregate Bond Fund,Taxable Bond,--,Short-Term Bond,0.12
GTIP,Goldman Sachs Access Inflation Protected USD Bond ETF,Taxable Bond,--,Inflation-Protected Bond,0.12
EUSB,iShares ESG Advanced Universal USD Bond ETF,Taxable Bond,--,Intermediate Core-Plus Bond,0.12
ITDH,Ishares Lifepath Target Date 2060 ETF,Allocation,Large Blend,Target-Date 2060,0.12
ITDI,Ishares Lifepath Target Date 2065 ETF,Allocation,Large Blend,Target-Date 2065,0.12
ITDG,Ishares Lifepath Target Date 2055 ETF,Allocation,Large Blend,Target-Date 2055,0.12
MLDR,Global X Intermediate-Term Treasury Ladder ETF,Taxable Bond,--,Intermediate Government,0.12
LLDR,Global X Long-Term Treasury Ladder ETF,Taxable Bond,--,Long Government,0.12
QVML,Invesco S&P 500 QVM Multi-factor ETF,U.S. Equity,Large Blend,Large Blend,0.11
ITDF,Ishares Lifepath Target Date 2050 ETF,Allocation,Large Blend,Target-Date 2050,0.11
GNMA,iShares GNMA Bond ETF,Taxable Bond,--,Government Mortgage-Backed Bond,0.1
EAGG,iShares ESG U.S. Aggregate Bond ETF,Taxable Bond,--,Intermediate Core Bond,0.1
USNZ,Xtrackers Net Zero Pathway Paris Aligned US Equity ETF,U.S. Equity,Large Blend,Large Blend,0.1
DIVI,Franklin International Core Dividend Tilt Index ETF,International Equity,Large Blend,Foreign Large Value,0.09
FLJH,Franklin FTSE Japan Hedged ETF,International Equity,Large Blend,Japan Stock,0.09
FLSW,Franklin FTSE Switzerland ETF,International Equity,Large Blend,Focused Region,0.09
IAUM,iShares® Gold Trust Micro,Commodities,--,Commodities Focused,0.09
BTOT,iShares Total USD Fixed Income Market ETF,Taxable Bond,--,Intermediate Core-Plus Bond,0.09
XLU,State Street® Utilities Select Sector SPDR® ETF,Sector Equity,Mid Value,Utilities,0.08
XLRE,State Street Real Estate Select Sector SPDR ETF,Sector Equity,Mid Blend,Real Estate,0.08
GIGB,Goldman Sachs Access Investment Grade Corporate Bond ETF,Taxable Bond,--,Corporate Bond,0.08
XTEN,Bondbloxx Bloomberg Ten Year Target Duration US Treasury ETF,Taxable Bond,--,Long Government,0.08
BNDX,Vanguard Total International Bond Index Fund ETF Shares,Taxable Bond,--,Global Bond-USD Hedged,0.07
BBHY,JPMorgan BetaBuilders USD High Yield Corporate Bond ETF,Taxable Bond,--,High Yield Bond,0.07
USCA,Xtrackers MSCI USA Climate Action Equity ETF,U.S. Equity,Large Blend,Large Blend,0.07
ZCBB,Global X Zero Coupon Bond 2031 ETF,Taxable Bond,--,Target Maturity,0.07
ZCBF,Global X Zero Coupon Bond 2034 ETF,Taxable Bond,--,Target Maturity,0.07
ZCBA,Global X Zero Coupon Bond 2030 ETF,Taxable Bond,--,Target Maturity,0.07
ZCBC,Global X Zero Coupon Bond 2032 ETF,Taxable Bond,--,Target Maturity,0.07
ZCBG,Global X Zero Coupon Bond 2035 ETF,Taxable Bond,--,Target Maturity,0.07
ZCBE,Global X Zero Coupon Bond 2033 ETF,Taxable Bond,--,Target Maturity,0.07
ILTB,iShares Core 10+ Year USD Bond ETF,Taxable Bond,--,Long-Term Bond,0.06
ISTB,iShares Core 1-5 Year USD Bond ETF,Taxable Bond,--,Short-Term Bond,0.06
IUSB,iShares Core Universal USD Bond ETF,Taxable Bond,--,Intermediate Core-Plus Bond,0.06
IMTB,iShares Core 5-10 Year USD Bond ETF,Taxable Bond,--,Intermediate Core-Plus Bond,0.06
XSVN,Bondbloxx Bloomberg Seven Year Target Duration US Treasury ETF,Taxable Bond,--,Long Government,0.05
XTWO,Bondbloxx Bloomberg Two Year Target Duration US Treasury ETF,Taxable Bond,--,Short Government,0.05
XTRE,Bondbloxx Bloomberg Three Year Target Duration US Treasury ETF,Taxable Bond,--,Short Government,0.05
XFIV,Bondbloxx Bloomberg Five Year Target Duration US Treasury ETF,Taxable Bond,--,Intermediate Government,0.05
SPDG,State Street® SPDR® Portfolio S&P Sector Neutral Dividend ETF,U.S. Equity,Large Value,Large Value,0.05
IGLB,iShares 10+ Year Investment Grade Corporate Bond ETF,Taxable Bond,--,Long-Term Bond,0.04
BBCB,JPMorgan BetaBuilders USD Investment Grade Corporate Bond ETF,Taxable Bond,--,Corporate Bond,0.04
BKSE,BNY Mellon US Small Cap Core Equity ETF,U.S. Equity,Small Blend,Small Blend,0.04
VMBS,Vanguard Mortgage-Backed Securities Index Fund ETF Shares,Taxable Bond,--,Government Mortgage-Backed Bond,0.03
BBAG,JPMorgan BetaBuilders U.S. Aggregate Bond ETF,Taxable Bond,--,Intermediate Core Bond,0.03
Highlighted cells have been user-added and may not meet the criteria included in the screen.,,,,,
The data and information in this spreadsheet is provided to you solely for your use and is not for distribution.,,,,,
"The spreadsheet is provided for informational purposes only, and is not intended to provide advice, nor should it be construed ",,,,,
"as an offer to sell, a solicitation of an offer to buy or a recommendation for any security by Fidelity or any third party.",,,,,
Data and information shown is based on information known to Fidelity as of the date it was exported and is subject to change.,,,,,
"For more information on the data included in this spreadsheet, including any limitations thereof, go to Fidelity.com.",,,,,
Performance data quoted represents past performance and the return and principal value of an investment will fluctuate ,,,,,
so that an investor's shares when redeemed may be worth more or less than their original cost.,,,,,
"Brokerage services are provided by Fidelity Brokerage Services LLC, 900 Salem Street, Smithfield RI 02917.",,,,,
Custody and other services provided by National Financial Servicess LLC.,,,,,
"Both are Fidelity Investment companies and members SIPC, NYSE.",,,,,
AS OF 03:18 AM ET 08/11/2026 Quotes delayed at least 15 minutes.,,,,,
NLSI,Neos Long/Short Equity Income ETF,Nontraditional Equity,Mid Value,Long-Short Equity,2.89
QPX,AdvisorShares Q Dynamic Growth ETF,Allocation,Large Blend,Tactical Allocation,1.74
AMZA,InfraCap MLP ETF,Sector Equity,Mid Value,Energy Limited Partnership,1.72
GBTC,Grayscale Bitcoin Trust ETF,Miscellaneous,--,Digital Assets,1.5
LRCU,Tradr 2X Long LRCX Daily ETF,Miscellaneous,--,Trading--Leveraged Equity,1.3
VEGA,AdvisorShares STAR Global Buy-Write ETF,Nontraditional Equity,Large Blend,Derivative Income,1.25
DWAW,AdvisorShares Dorsey Wright FSM All Cap World ETF,U.S. Equity,Mid Value,Large Blend,1.23
XRLX,FundX Conservative ETF,Allocation,Large Blend,Tactical Allocation,1.2
BNO,"United States Brent Oil Fund, LP",Commodities,--,Commodities Focused,1.15
MGMT,Ballast Small/Mid Cap ETF,U.S. Equity,Small Value,Small Blend,1.1
BIGY,YieldMax Target 12 Big 50 Option Income ETF,Nontraditional Equity,Large Blend,Derivative Income,1.09
NVIT,YieldMax NVDA Performance & Distribution Target 25 ETF,Nontraditional Equity,--,Derivative Income,1.08
AMDL,GraniteShares 2x Long AMD Daily ETF,Miscellaneous,--,Trading--Leveraged Equity,1.07
JLVP,JPMorgan U.S. Large Cap Value Plus ETF,U.S. Equity,Large Value,Large Value,1.05
EURL,Direxion Daily FTSE Europe Bull 3X Shares,Miscellaneous,Large Blend,Trading--Leveraged Equity,1.04
GGLS,Direxion Daily GOOGL Bear 1X Shares,Miscellaneous,--,Trading--Inverse Equity,1.02
USL,"United States 12 Month Oil Fund, LP",Commodities,--,Commodities Focused,1.01
AMLP,Alerian MLP ETF,Sector Equity,Mid Value,Energy Limited Partnership,1.01
AVL,Direxion Daily AVGO Bull 2X Shares,Miscellaneous,Large Growth,Trading--Leveraged Equity,1.0
RNTY,YieldMax Target 12 Real Estate Option Income ETF,Nontraditional Equity,Mid Blend,Derivative Income,0.99
UNHW,Roundhill UNH WeeklyPay ETF,Miscellaneous,Large Value,Trading--Miscellaneous,0.99
FMF,First Trust Managed Futures Strategy Fund,Alternative,--,Systematic Trend,0.98
QQQU,Direxion Daily Magnificent 7 Bull 2X Shares,Miscellaneous,Large Blend,Trading--Leveraged Equity,0.98
XQQI,NEOS Boosted Nasdaq-100 High Income ETF,Nontraditional Equity,Large Growth,Derivative Income,0.98
XSPI,NEOS Boosted S&P 500 High Income ETF,Nontraditional Equity,Large Blend,Derivative Income,0.98
PLTU,Direxion Daily PLTR Bull 2X Shares,Miscellaneous,Large Growth,Trading--Leveraged Equity,0.97
RXL,ProShares Ultra Health Care,Miscellaneous,Large Value,Trading--Leveraged Equity,0.95
UCC,ProShares Ultra Consumer Discretionary,Miscellaneous,Large Blend,Trading--Leveraged Equity,0.95
HDG,ProShares Hedge Replication ETF,Alternative,Small Blend,Multistrategy,0.95
FCVT,First Trust SSI Strategic Convertible Securities ETF,Allocation,Large Growth,Convertibles,0.95
SKYU,ProShares Ultra Cloud Computing,Miscellaneous,Mid Growth,Trading--Inverse Equity,0.95
EGGQ,NestYield Visionary ETF,Nontraditional Equity,Large Growth,Equity Hedged,0.93
BUFF,Innovator Laddered Allocation Power Buffer ETF™,Nontraditional Equity,Large Blend,Defined Outcome,0.89
IFLR,Innovator International Developed Managed Floor ETF,Nontraditional Equity,Large Blend,Equity Hedged,0.89
BNDS,Infrastructure Capital Bond Income ETF,Taxable Bond,Small Growth,Intermediate Core-Plus Bond,0.88
FAUG,FT Vest U.S. Equity Buffer ETF - August,Nontraditional Equity,Large Blend,Defined Outcome,0.85
DNOV,FT Vest U.S. Equity Deep Buffer ETF - November,Nontraditional Equity,Large Blend,Defined Outcome,0.85
DFEB,FT Vest U.S. Equity Deep Buffer ETF - February,Nontraditional Equity,Large Blend,Defined Outcome,0.85
FMAY,FT Vest U.S. Equity Buffer ETF - May,Nontraditional Equity,Large Blend,Defined Outcome,0.85
DJUN,FT Vest U.S. Equity Deep Buffer ETF - June,Nontraditional Equity,Large Blend,Defined Outcome,0.85
DJUL,FT Vest U.S. Equity Deep Buffer ETF - July,Nontraditional Equity,Large Blend,Defined Outcome,0.85
FSEP,FT Vest U.S. Equity Buffer ETF - September,Nontraditional Equity,Large Blend,Defined Outcome,0.85
FOCT,FT Vest U.S. Equity Buffer ETF - October,Nontraditional Equity,Large Blend,Defined Outcome,0.85
FDEC,FT Vest U.S. Equity Buffer ETF - December,Nontraditional Equity,Large Blend,Defined Outcome,0.85
INFL,Horizon Kinetics Inflation Beneficiaries ETF,International Equity,Mid Growth,Global Small/Mid Stock,0.85
FJAN,FT Vest U.S. Equity Buffer ETF - January,Nontraditional Equity,Large Blend,Defined Outcome,0.85
FMAR,FT Vest U.S. Equity Buffer ETF - March,Nontraditional Equity,Large Blend,Defined Outcome,0.85
IBFR,Innovator International Developed Managed 10 Buffer ETF,Nontraditional Equity,Large Blend,Equity Hedged,0.85
PIZ,Invesco Dorsey Wright Developed Markets Momentum ETF,International Equity,Large Growth,Foreign Large Growth,0.8
NFTY,First Trust India NIFTY 50 Equal Weight ETF,International Equity,Large Blend,India Equity,0.8
FKU,First Trust United Kingdom AlphaDEX® Fund,International Equity,Mid Value,Focused Region,0.8
ADME,Aptus Drawdown Managed Equity ETF,Nontraditional Equity,Large Blend,Equity Hedged,0.79
PJUL,Innovator U.S. Equity Power Buffer ETF™ - July,Nontraditional Equity,Large Blend,Defined Outcome,0.79
BJUL,Innovator U.S. Equity Buffer ETF - July,Nontraditional Equity,Large Blend,Defined Outcome,0.79
BOCT,Innovator U.S. Equity Buffer ETF™ October,Nontraditional Equity,Large Blend,Defined Outcome,0.79
PJAN,Innovator U.S. Equity Power Buffer ETF™ - January,Nontraditional Equity,Large Blend,Defined Outcome,0.79
BAPR,Innovator U.S. Equity Buffer ETF™ - April,Nontraditional Equity,Large Blend,Defined Outcome,0.79
BJUN,Innovator U.S. Equity Buffer ETF™ - June,Nontraditional Equity,Large Blend,Defined Outcome,0.79
BAUG,Innovator U.S. Equity Buffer ETF - August,Nontraditional Equity,Large Blend,Defined Outcome,0.79
BSEP,Innovator U.S. Equity Buffer ETF™ - September,Nontraditional Equity,Large Blend,Defined Outcome,0.79
OVL,Overlay Shares Large Cap Equity ETF,Nontraditional Equity,Large Blend,Derivative Income,0.79
BNOV,Innovator U.S. Equity Buffer ETF - November,Nontraditional Equity,Large Blend,Defined Outcome,0.79
BDEC,Innovator U.S. Equity Buffer ETF™ - December,Nontraditional Equity,Large Blend,Defined Outcome,0.79
BFEB,Innovator U.S. Equity Buffer ETF™ - February,Nontraditional Equity,Large Blend,Defined Outcome,0.79
BMAR,Innovator U.S. Equity Buffer ETF™ - March,Nontraditional Equity,Large Blend,Defined Outcome,0.79
QTAP,Innovator Growth-100 Accelerated Plus ETF™ – April,Nontraditional Equity,--,Defined Outcome,0.79
SHUS,Stratified LargeCap Hedged ETF,Nontraditional Equity,Mid Value,Equity Hedged,0.79
MINV,Matthews Asia Innovators Active ETF,International Equity,Large Growth,Pacific/Asia ex-Japan Stk,0.79
XUSP,Innovator Uncapped Accelerated U.S. Equity ETF,Miscellaneous,Large Blend,Trading--Leveraged Equity,0.79
BRNY,Burney U.S. Factor Rotation ETF,U.S. Equity,Large Blend,Mid-Cap Blend,0.79
MKOR,Matthews Korea Active ETF,International Equity,Large Blend,Focused Region,0.79
SCLZ,Swan Enhanced Dividend Income ETF,Nontraditional Equity,Large Blend,Derivative Income,0.79
IAUI,NEOS Gold High Income ETF,Commodities,--,Commodities Focused,0.79
BFLB,BufferLABS US Equity Dynamic Buffer ETF,Nontraditional Equity,Large Blend,Defined Outcome,0.79
MLPA,Global X MLP ETF,Sector Equity,Mid Value,Energy Limited Partnership,0.77
SSUS,Day Hagan Smart Sector ETF,U.S. Equity,Large Blend,Large Blend,0.77
EMBX,VanEck Emerging Markets Bond ETF,Taxable Bond,--,Emerging Markets Bond,0.76
IPAY,Amplify Digital Payments ETF,Sector Equity,Mid Blend,Miscellaneous Sector,0.75
RNEM,First Trust Emerging Markets Equity Select ETF,International Equity,Large Value,Diversified Emerging Mkts,0.75
AIEQ,Amplify AI Powered Equity ETF,U.S. Equity,Large Blend,Mid-Cap Blend,0.75
LSAF,LeaderSharesTM AlphaFactor® US Core Equity ETF,U.S. Equity,Mid Value,Mid-Cap Blend,0.75
AMOM,QRAFT AI-Enhanced U.S. Large Cap Momentum ETF,U.S. Equity,Large Growth,Large Growth,0.75
URNM,Sprott Uranium Miners ETF,Sector Equity,Mid Growth,Natural Resources,0.75
ACVF,American Conservative Values ETF,U.S. Equity,Large Blend,Large Blend,0.75
GTEK,Goldman Sachs Future Tech Leaders Equity ETF,Sector Equity,Large Growth,Technology,0.75
DARP,Grizzle Growth ETF,U.S. Equity,Large Growth,Large Growth,0.75
WELD,Tema U.S. Manufacturing & Reshoring ETF,U.S. Equity,Mid Growth,Mid-Cap Blend,0.75
SRHR,SRH REIT Covered Call ETF,Sector Equity,Small Value,Real Estate,0.75
CPAI,Counterpoint Quantitative Equity ETF,U.S. Equity,Mid Blend,Mid-Cap Blend,0.75
MGNR,American Beacon GLG Natural Resources ETF,Sector Equity,Mid Blend,Natural Resources,0.75
AIFD,TCW Artificial Intelligence ETF,Sector Equity,Large Growth,Technology,0.75
KAT,Scharf ETF,U.S. Equity,Large Value,Large Blend,0.75
KNG,FT Cboe Vest S&P 500® Dividend Aristocrats Target Income ETF,Nontraditional Equity,Mid Value,Derivative Income,0.74
HERD,Pacer Cash Cows Fund of Funds ETF,International Equity,Mid Value,Global Large-Stock Value,0.74
EDGE,MRBL Enhanced Equity ETF,Nontraditional Equity,Large Blend,Derivative Income,0.74
PRFD,PIMCO Preferred And Capital Securities Active Exchange-Traded Fund,Taxable Bond,--,Preferred Stock,0.73
MAGA,Truth Social America First ETF,U.S. Equity,Mid Value,Mid-Cap Value,0.72
PFRL,PGIM Floating Rate Income ETF,Taxable Bond,Small Blend,Bank Loan,0.72
NANC,Subversive Congressional Democrats Trading ETF,U.S. Equity,Large Blend,Large Blend,0.72
TAN,Invesco Solar ETF,Sector Equity,Small Growth,Miscellaneous Sector,0.7
ARVR,First Trust Indxx Metaverse ETF,Sector Equity,Large Blend,Technology,0.7
EMOP,AB Emerging Markets Opportunities ETF,International Equity,Large Blend,Diversified Emerging Mkts,0.7
OILK,ProShares K-1 Free Crude Oil ETF,Commodities,Small Value,Commodities Focused,0.69
SNSR,Global X Internet of Things ETF,Sector Equity,Mid Growth,Technology,0.68
SPYI,Neos S&P 500(R) High Income ETF,Nontraditional Equity,Large Blend,Derivative Income,0.68
QQQI,NEOS NASDAQ-100(R) High Income ETF,Nontraditional Equity,Large Growth,Derivative Income,0.68
QQQH,NEOS Nasdaq-100® Hedged Equity Income ETF,Nontraditional Equity,Large Growth,Equity Hedged,0.68
IWMI,NEOS Russell 2000 High Income ETF,Nontraditional Equity,Small Blend,Derivative Income,0.68
HYBI,NEOS Enhanced Income Credit Select ETF,Taxable Bond,Large Blend,Nontraditional Bond,0.68
PCMM,BondBloxx Private Credit CLO ETF,Taxable Bond,--,Securitized Bond - Focused,0.68
IYRI,Neos Real Estate High Income ETF,Nontraditional Equity,Mid Blend,Derivative Income,0.68
SPYH,NEOS S&P 500 Hedged Equity Income ETF,Nontraditional Equity,Large Blend,Equity Hedged,0.68
NIHI,NEOS MSCI EAFE High Income ETF,Nontraditional Equity,Large Blend,Derivative Income,0.68
MLPI,Neos Mlp & Energy Infrastructure High Income ETF,Sector Equity,Mid Value,Energy Limited Partnership,0.68
LMBS,First Trust Low Duration Opportunities ETF,Taxable Bond,--,Short Government,0.66
CQQQ,Invesco China Technology ETF,International Equity,Large Growth,Greater China Region,0.65
CNXT,VanEck ChiNext Innovators ETF,International Equity,Large Growth,Greater China Region,0.65
BBC,Virtus LifeSci Biotech Clinical Trials ETF,Sector Equity,Small Blend,Health,0.65
BITS,Global X Blockchain & Bitcoin Strategy ETF,Sector Equity,Small Growth,Equity Digital Assets,0.65
BKCI,BNY Mellon Concentrated International ETF,International Equity,Large Blend,Foreign Large Growth,0.65
TSME,Thrivent Small-Mid Cap Equity ETF,U.S. Equity,Small Growth,Mid-Cap Blend,0.65
FAI,First Trust Bloomberg Artificial Intelligence ETF,Sector Equity,Large Growth,Technology,0.65
IMF,Invesco Managed Futures Strategy ETF,Alternative,Large Blend,Systematic Trend,0.65
GTOP,Goldman Sachs Technology Opportunities ETF,Sector Equity,Large Growth,Technology,0.65
DRAM,Roundhill Memory ETF,Sector Equity,Large Blend,Technology,0.65
BITA,iShares Bitcoin Premium Income ETF,Miscellaneous,--,Digital Assets,0.65
SMHC,VanEck China Semiconductor ETF,Sector Equity,Large Growth,Technology,0.65
DEM,WisdomTree Emerging Markets High Dividend Fund,International Equity,Large Value,Diversified Emerging Mkts,0.63
LONZ,PIMCO Senior Loan Active Exchange-Traded Fund,Taxable Bond,--,Bank Loan,0.63
FVD,First Trust Value Line® Dividend Index Fund,U.S. Equity,Mid Value,Mid-Cap Value,0.62
INDA,iShares MSCI India ETF,International Equity,Large Blend,India Equity,0.61
CRAK,VanEck Oil Refiners ETF,Sector Equity,Large Value,Equity Energy,0.61
DFNL,Davis Select Financial ETF,Sector Equity,Large Value,Financial,0.61
TFLR,T. Rowe Price Floating Rate ETF,Taxable Bond,--,Bank Loan,0.61
PNQI,Invesco NASDAQ Internet ETF,U.S. Equity,Large Blend,Large Growth,0.6
IPO,Renaissance IPO ETF,U.S. Equity,Mid Growth,Mid-Cap Growth,0.6
BLES,Inspire Global Hope ETF,International Equity,Mid Blend,Global Large-Stock Blend,0.6
SQLV,Royce Quant Small-Cap Quality Value ETF,U.S. Equity,Small Value,Small Value,0.6
PAMC,Pacer Lunt MidCap Multi-Factor Alternator ETF,U.S. Equity,Small Blend,Mid-Cap Blend,0.6
PALC,Pacer Lunt Large Cap Multi-Factor Alternator ETF,U.S. Equity,Large Growth,Large Blend,0.6
NEMD,Neuberger Emerging Markets Debt Hard Currency ETF,Taxable Bond,--,Emerging Markets Bond,0.6
RCLR,Reckoner BBB-B CLO Reinvesting ETF,Taxable Bond,--,Securitized Bond - Focused,0.6
QCLN,First Trust NASDAQ® Clean Edge® Green Energy Index Fund,Sector Equity,Mid Growth,Miscellaneous Sector,0.59
MCHI,iShares MSCI China ETF,International Equity,Large Value,Greater China Region,0.59
DUSA,Davis Select U.S. Equity ETF,U.S. Equity,Large Value,Large Value,0.59
CALF,Pacer US Small Cap Cash Cows 100 ETF,U.S. Equity,Small Value,Small Value,0.59
JPFP,JPMorgan Managed Futures Plus ETF,Alternative,Large Blend,Multi-Asset Overlay,0.59
DTH,WisdomTree International High Dividend Fund,International Equity,Large Value,Foreign Large Value,0.58
HEDJ,WisdomTree Europe Hedged Equity Fund,International Equity,Large Blend,Europe Stock,0.58
OPPJ,WisdomTree Japan Opportunities Fund,International Equity,Large Value,Japan Stock,0.58
IHDG,WisdomTree International Hedged Quality Dividend Growth Fund,International Equity,Large Blend,Foreign Large Growth,0.58
DAT,ProShares Big Data Refiners ETF,Sector Equity,Small Growth,Technology,0.58
ION,Proshares S&P Global Core Battery Metals ETF,Sector Equity,Mid Blend,Natural Resources,0.58
TCHP,T. Rowe Price Blue Chip Growth ETF,U.S. Equity,Large Growth,Large Growth,0.57
MUSE,TCW Multisector Credit Income ETF,Taxable Bond,--,High Yield Bond,0.56
EUDV,ProShares MSCI Europe Dividend Growers ETF,International Equity,Large Blend,Europe Stock,0.55
PVAL,Putnam Focused Large Cap Value ETF,U.S. Equity,Large Value,Large Value,0.55
BRLN,iShares Floating Rate Loan Active ETF,Taxable Bond,--,Bank Loan,0.55
JIDE,JPMorgan International Dynamic ETF,International Equity,Large Blend,Foreign Large Blend,0.55
JPRF,JPMorgan Preferred and Income Securities ETF,Taxable Bond,--,Preferred Stock,0.55
TEQI,T. Rowe Price Equity Income ETF,U.S. Equity,Large Value,Large Value,0.54
SPBC,Simplify US Equity PLUS Bitcoin Strategy ETF,Miscellaneous,Large Blend,Digital Assets,0.54
JIII,Janus Henderson Income ETF,Taxable Bond,Mid Growth,Multisector Bond,0.54
EFNL,iShares MSCI Finland ETF,International Equity,Mid Blend,Focused Region,0.53
HEZU,iShares Currency Hedged MSCI Eurozone ETF,International Equity,Large Blend,Europe Stock,0.53
ISMD,Inspire Small/Mid Cap ETF,U.S. Equity,Small Value,Small Blend,0.53
SPUC,Simplify US Equity Income ETF,U.S. Equity,Large Blend,Large Blend,0.53
PFM,Invesco Dividend Achievers™ ETF,U.S. Equity,Large Value,Large Value,0.52
TPLC,Timothy Plan US Large/Mid Cap Core ETF,U.S. Equity,Mid Blend,Mid-Cap Blend,0.52
JEMB,Janus Henderson Emerging Markets Debt Hard Currency ETF,Taxable Bond,--,Emerging Markets Bond,0.52
EWD,iShares MSCI Sweden ETF,International Equity,Large Blend,Focused Region,0.51
RWO,State Street® SPDR® Dow Jones® Global Real Estate ETF,Sector Equity,Mid Blend,Global Real Estate,0.5
DTEC,ALPS Disruptive Technologies ETF,Sector Equity,Mid Growth,Technology,0.5
PAWZ,ProShares Pet Care ETF,Sector Equity,Small Blend,Miscellaneous Sector,0.5
SIXS,ETC 6 Meridian Small Cap Equity ETF,U.S. Equity,Small Value,Small Value,0.5
TDVG,T. Rowe Price Dividend Growth ETF,U.S. Equity,Large Value,Large Blend,0.5
CTEC,Global X ClimateTech ETF,International Equity,Mid Blend,Global Small/Mid Stock,0.5
PFIX,Simplify Interest Rate Hedge ETF,Miscellaneous,--,Trading--Inverse Debt,0.5
JPRE,JPMorgan Realty Income ETF,Sector Equity,Mid Blend,Real Estate,0.5
IWLG,NYLI Winslow Large Cap Growth ETF,U.S. Equity,Large Growth,Large Growth,0.5
THYF,T. Rowe Price U.S. High Yield ETF,Taxable Bond,--,High Yield Bond,0.5
FDCF,Fidelity Disruptive Communications ETF,Sector Equity,Large Growth,Communications,0.5
FDTX,Fidelity Disruptive Technology ETF,Sector Equity,Large Growth,Technology,0.5
JSI,Janus Henderson Securitized Income ETF,Taxable Bond,--,Securitized Bond - Diversified,0.5
DMX,DoubleLine Multi-Sector Income ETF,Taxable Bond,--,Multisector Bond,0.5
FEGE,First Eagle Global Equity ETF,International Equity,Large Value,Global Large-Stock Blend,0.5
FEOE,First Eagle Overseas Equity ETF,International Equity,Large Blend,Foreign Large Blend,0.5
HOLA,JPMorgan International Hedged Equity Laddered Overlay ETF,Nontraditional Equity,Large Blend,Equity Hedged,0.5
BREM,iShares Emerging Markets Bond Active ETF,Taxable Bond,--,Emerging Markets Bond,0.5
XAGG,Eaton Vance Income Opportunities ETF,Taxable Bond,Mid Blend,Multisector Bond,0.5
EMFI,Pictet Emerging Markets Debt ETF,Taxable Bond,--,Emerging Markets Bond,0.5
DVYA,iShares Asia/Pacific Dividend ETF,International Equity,Large Value,Focused Region,0.49
VSLU,Applied Finance Valuation Large Cap US ETF,U.S. Equity,Large Blend,Large Blend,0.49
XPAY,Roundhill S&P 500 Target 20 Managed Distribution ETF,Nontraditional Equity,Large Blend,Derivative Income,0.49
ACSV,American Century Small Cap Value Insights ETF,U.S. Equity,Small Value,Small Value,0.49
ACSG,American Century Small Cap Growth Insights ETF,U.S. Equity,Small Growth,Small Growth,0.49
TPAY,Roundhill S&P 500 Target 10 Managed Distribution ETF,Nontraditional Equity,Large Blend,Equity Hedged,0.49
OUSM,ALPS O'Shares U.S. Small-Cap Quality Dividend ETF Shares,U.S. Equity,Small Value,Small Blend,0.48
YLDE,Franklin ClearBridge Enhanced Income ETF,Nontraditional Equity,Large Value,Derivative Income,0.48
OGIG,ALPS O'Shares Global Internet Giants ETF Shares,U.S. Equity,Large Growth,Large Growth,0.48
EVHY,Eaton Vance High Yield ETF,Taxable Bond,--,High Yield Bond,0.48
EPP,iShares MSCI Pacific ex Japan ETF,International Equity,Large Blend,Pacific/Asia ex-Japan Stk,0.47
PAVE,Global X U.S. Infrastructure Development ETF,Sector Equity,Mid Blend,Infrastructure,0.47
ICOP,iShares Copper and Metals Mining ETF,Sector Equity,Large Growth,Natural Resources,0.47
JDIV,JPMorgan Dividend Leaders ETF,International Equity,Large Blend,Global Large-Stock Blend,0.47
GISC,Guggenheim Securitized Income ETF,Taxable Bond,--,Securitized Bond - Diversified,0.47
GUNR,FlexShares Morningstar Global Upstream Natural Resources Index Fund,Sector Equity,Large Value,Natural Resources,0.46
TOLZ,ProShares DJ Brookfield Global Infrastructure ETF,Sector Equity,Mid Value,Infrastructure,0.46
SIXA,ETC 6 Meridian Mega Cap Equity ETF,U.S. Equity,Large Value,Large Value,0.46
IWFG,NYLI Winslow Focused Large Cap Growth ETF,U.S. Equity,Large Growth,Large Growth,0.46
MODL,Victoryshares Westend U.S. Sector ETF,U.S. Equity,Large Blend,Large Blend,0.46
DBEU,Xtrackers MSCI Europe Hedged Equity ETF,International Equity,Large Blend,Europe Stock,0.45
SPUS,SP Funds S&P 500 Sharia Industry Exclusions ETF,U.S. Equity,Large Blend,Large Growth,0.45
ANEW,ProShares MSCI Transformational Changes ETF,U.S. Equity,Large Blend,Large Growth,0.45
PSH,PGIM Short Duration High Yield ETF,Taxable Bond,--,High Yield Bond,0.45
BRHY,iShares High Yield Active ETF,Taxable Bond,Mid Value,High Yield Bond,0.45
GPRF,Goldman Sachs Access U.S. Preferred Stock and Hybrid Securities ETF,Taxable Bond,--,Preferred Stock,0.45
CLOB,VanEck AA-BB CLO ETF,Taxable Bond,--,Securitized Bond - Focused,0.45
BCLO,iShares BBB-B CLO Active ETF,Taxable Bond,--,Securitized Bond - Focused,0.45
JPHY,Jpmorgan Active High Yield ETF,Taxable Bond,--,High Yield Bond,0.45
CTIF,Castellan Targeted Income ETF,Nontraditional Equity,Large Blend,Derivative Income,0.45
EVMO,Eaton Vance Mortgage Opportunities ETF,Taxable Bond,--,Securitized Bond - Diversified,0.45
JFLX,JPMorgan Flexible Debt ETF,Taxable Bond,Small Value,Nontraditional Bond,0.45
GVLE,Goldman Sachs Value Opportunities ETF,U.S. Equity,Large Value,Large Value,0.45
VMSB,Voya Multi Sector Income ETF,Taxable Bond,Small Value,Multisector Bond,0.45
FDL,First Trust Morningstar Dividend Leaders Index Fund,U.S. Equity,Mid Value,Large Value,0.43
ZHOG,F/m Opportunistic Income ETF,Taxable Bond,--,Intermediate Core-Plus Bond,0.43
JHSC,John Hancock Multifactor Small Cap ETF,U.S. Equity,Small Blend,Small Blend,0.42
FFOG,Franklin Focused Dynamic Growth ETF,U.S. Equity,Large Growth,Large Growth,0.41
RSPD,Invesco S&P 500® Equal Weight Consumer Discretionary ETF,Sector Equity,Mid Blend,Consumer Cyclical,0.4
FXY,Invesco CurrencyShares® Japanese Yen Trust,Miscellaneous,--,Single Currency,0.4
TBLU,Tortoise Global Water Fund,Sector Equity,Mid Blend,Natural Resources,0.4
BINC,iShares Flexible Income Active ETF,Taxable Bond,--,Multisector Bond,0.4
PSDM,PGIM Short Duration Multi-Sector Bond ETF,Taxable Bond,--,Short-Term Bond,0.4
NBFC,Neuberger Flexible Credit Income ETF,Taxable Bond,--,Multisector Bond,0.4
BENJ,Horizon Landmark ETF,Taxable Bond,Large Blend,Ultrashort Bond,0.4
EVYM,Eaton Vance High Income Municipal ETF,Municipal Bond,--,High Yield Muni,0.4
DABS,DoubleLine Asset-Backed Securities ETF,Taxable Bond,--,Securitized Bond - Focused,0.4
PAYR,Federated Hermes Enhanced Income ETF,Nontraditional Equity,Large Value,Derivative Income,0.4
SECU,iShares Securitized Income Active ETF,Taxable Bond,--,Securitized Bond - Diversified,0.4
RAAR,Reckoner Yield Enhanced AAA CLO Reinvesting ETF,Taxable Bond,--,Securitized Bond - Focused,0.4
USLN,iShares Broad USD Floating Rate Loan ETF,Taxable Bond,--,Bank Loan,0.4
FNDC,Schwab Fundamental International Small Equity ETF,International Equity,Mid Blend,Foreign Small/Mid Value,0.39
FMB,First Trust Managed Municipal ETF,Municipal Bond,--,Muni National Interm,0.39
OMFS,Invesco Russell 2000® Dynamic Multifactor ETF,U.S. Equity,Small Blend,Small Blend,0.39
GGOV,iShares Global Government Bond USD Hedged Active ETF,Taxable Bond,--,Global Bond-USD Hedged,0.39
IROC,Invesco Rochester High Yield Municipal ETF,Municipal Bond,--,High Yield Muni,0.39
DCRE,DoubleLine Commercial Real Estate Debt ETF,Taxable Bond,--,Securitized Bond - Focused,0.39
VFLO,Victoryshares Free Cash Flow ETF,U.S. Equity,Mid Value,Mid-Cap Value,0.39
EFAA,Invesco MSCI EAFE Income Advantage ETF,Nontraditional Equity,Large Blend,Derivative Income,0.39
TCPB,Thrivent Core Plus Bond ETF,Taxable Bond,--,Intermediate Core-Plus Bond,0.39
ZTOP,F/m High Yield 100 ETF,Taxable Bond,--,High Yield Bond,0.39
EVPF,Eaton Vance Preferred Securities And Income ETF,Taxable Bond,--,Preferred Stock,0.39
PINC,PGIM Securitized Income ETF,Taxable Bond,--,Securitized Bond - Diversified,0.39
DON,WisdomTree U.S. MidCap Dividend Fund,U.S. Equity,Small Value,Mid-Cap Value,0.38
CSHI,NEOS Enhanced Income 1-3 Month T-Bill ETF,Taxable Bond,Large Blend,Ultrashort Bond,0.38
BRTR,iShares Total Return Active ETF,Taxable Bond,Mid Value,Intermediate Core-Plus Bond,0.38
NBTR,Neuberger Total Return Bond ETF,Taxable Bond,--,Intermediate Core-Plus Bond,0.38
IHI,iShares U.S. Medical Devices ETF,Sector Equity,Mid Blend,Health,0.37
IXC,iShares Global Energy ETF,Sector Equity,Large Value,Equity Energy,0.37
IHF,iShares U.S. Healthcare Providers ETF,Sector Equity,Mid Value,Health,0.37
TMSF,T. Rowe Price Multi-Sector Income ETF,Taxable Bond,Small Value,Multisector Bond,0.37
CLOI,VanEck CLO ETF,Taxable Bond,--,Securitized Bond - Focused,0.36
BLCR,iShares Large Cap Core Active ETF,U.S. Equity,Large Growth,Large Blend,0.36
RPG,Invesco S&P 500® Pure Growth ETF,U.S. Equity,Large Growth,Large Growth,0.35
MUNI,PIMCO Intermediate Municipal Bond Active Exchange-Traded Fund,Municipal Bond,--,Muni National Interm,0.35
SMMU,PIMCO Short Term Municipal Bond Active Exchange-Traded Fund,Municipal Bond,--,Muni National Short,0.35
DBEF,Xtrackers MSCI EAFE Hedged Equity ETF,International Equity,Large Blend,Foreign Large Blend,0.35
EUHY,iShares Euro High Yield Corporate Bond USD Hedged ETF,Taxable Bond,--,High Yield Bond,0.35
GAL,State Street® Global Allocation ETF,Allocation,Large Blend,Global Moderate Allocation,0.35
NOBL,ProShares S&P 500 Dividend Aristocrats ETF,U.S. Equity,Mid Value,Large Value,0.35
GEM,Goldman Sachs ActiveBeta® Emerging Markets Equity ETF,International Equity,Large Blend,Diversified Emerging Mkts,0.35
EQIN,Columbia U.S. Equity Income ETF,U.S. Equity,Large Value,Large Value,0.35
CPTL,Global X Morningstar Capital Allocation Leaders ETF,U.S. Equity,Large Blend,Large Blend,0.35
FLQS,Franklin U.S. Small Cap Multifactor Index ETF,U.S. Equity,Small Blend,Small Blend,0.35
BIBL,Inspire 100 ETF,U.S. Equity,Mid Growth,Large Blend,0.35
TMDV,ProShares Russell US Dividend Growers ETF,U.S. Equity,Mid Value,Mid-Cap Value,0.35
JEPI,JPMorgan Equity Premium Income ETF,Nontraditional Equity,Large Blend,Derivative Income,0.35
SRHQ,SRH U.S. Quality GARP ETF,U.S. Equity,Mid Value,Mid-Cap Blend,0.35
UYLD,Angel Oak Ultrashort Income ETF,Taxable Bond,--,Ultrashort Bond,0.35
JMHI,Jpmorgan High Yield Municipal ETF,Municipal Bond,--,High Yield Muni,0.35
TAXX,Bondbloxx IR+M Tax-Aware Short Duration ETF,Taxable Bond,--,Short-Term Bond,0.35
NBSD,Neuberger Short Duration Income ETF,Taxable Bond,--,Short-Term Bond,0.35
XAIX,Xtrackers Artificial Intelligence and Big Data ETF,Sector Equity,Large Blend,Technology,0.35
COPA,Themes Copper Miners ETF,Sector Equity,Mid Growth,Natural Resources,0.35
SMHX,VanEck Fabless Semiconductor ETF,Sector Equity,Large Growth,Technology,0.35
JFLI,JPMorgan Flexible Income ETF,Allocation,Large Blend,Global Moderate Allocation,0.35
TAXM,BondBloxx IR+M Tax-Aware ETF for Massachusetts Residents,Municipal Bond,--,Muni Massachusetts,0.35
TXXI,BondBloxx IR+M Tax-Aware Intermediate Duration ETF,Municipal Bond,--,Muni National Interm,0.35
INTM,Invesco Intermediate Municipal ETF,Municipal Bond,--,Muni National Interm,0.35
CPHY,F/m Compoundr High Yield Bond ETF,Taxable Bond,Small Value,High Yield Bond,0.35
BALQ,iShares Nasdaq Premium Income Active ETF,Nontraditional Equity,Large Growth,Derivative Income,0.35
ROCY,JPMorgan Equity Premium Yield ETF,Nontraditional Equity,Large Blend,Derivative Income,0.35
ROCQ,JPMorgan Nasdaq Equity Premium Yield ETF,Nontraditional Equity,Large Growth,Derivative Income,0.35
PRF,Invesco RAFI US 1000 ETF,U.S. Equity,Large Value,Large Value,0.34
PRFZ,Invesco RAFI US 1500 Small-Mid ETF,U.S. Equity,Small Blend,Small Blend,0.34
ROSC,Hartford Multifactor Small Cap ETF,U.S. Equity,Small Value,Small Value,0.34
USTB,VictoryShares Short-Term Bond ETF,Taxable Bond,--,Short-Term Bond,0.34
JTNY,JPMorgan New York Tax Free Bond ETF,Municipal Bond,--,Muni New York Intermediate,0.34
JCAL,JPMorgan California Tax Free Bond ETF,Municipal Bond,--,Muni California Intermediate,0.34
CGDV,Capital Group Dividend Value ETF,U.S. Equity,Large Blend,Large Value,0.33
JABS,Janus Henderson Asset-Backed Securities ETF,Taxable Bond,--,Securitized Bond - Focused,0.33
HYD,VanEck High Yield Muni ETF,Municipal Bond,--,High Yield Muni,0.32
SDSI,American Century® Short Duration Strategic Income ETF,Taxable Bond,--,Short-Term Bond,0.32
EVTR,Eaton Vance Total Return Bond ETF,Taxable Bond,--,Intermediate Core-Plus Bond,0.32
THYM,T. Rowe Price High Income Municipal ETF,Municipal Bond,--,High Yield Muni,0.32
DUSG,U.S. Small Cap Growth Portfolio: ETF Class Shares,U.S. Equity,Small Growth,Small Growth,0.32
NUSC,Nuveen ESG Small-Cap ETF,U.S. Equity,Small Blend,Small Blend,0.31
ISVL,iShares International Developed Small Cap Value Factor ETF,International Equity,Small Value,Foreign Small/Mid Value,0.31
SPHD,Invesco S&P 500® High Dividend Low Volatility ETF,U.S. Equity,Mid Value,Large Value,0.3
IMTM,iShares MSCI Intl Momentum Factor ETF,International Equity,Large Blend,Foreign Large Blend,0.3
IQLT,iShares MSCI Intl Quality Factor ETF,International Equity,Large Blend,Foreign Large Blend,0.3
EEMX,State Street® SPDR® MSCI Emerging Markets Fossil Fuel Reserves Free ETF,International Equity,Large Blend,Diversified Emerging Mkts,0.3
GMNY,Goldman Sachs Dynamic New York Municipal Income ETF,Municipal Bond,--,Muni New York Intermediate,0.3
GCAL,Goldman Sachs Dynamic California Municipal Income ETF,Municipal Bond,--,Muni California Intermediate,0.3
FMUB,Fidelity Municipal Bond Opportunities ETF,Municipal Bond,--,Muni National Interm,0.3
VGMS,Vanguard Multi-Sector Income Bond ETF,Taxable Bond,Small Value,Multisector Bond,0.3
GEW,Cambria Global EW ETF,International Equity,Large Blend,Global Large-Stock Blend,0.3
ZMUN,F/m Ultrashort Tax Free Municipal ETF,Municipal Bond,--,Muni National Short,0.3
USEW,Cambria US EW ETF,U.S. Equity,Large Blend,Large Blend,0.3
LGDS,JPMorgan Fundamental Data Science Large Growth ETF,U.S. Equity,Large Growth,Large Growth,0.3
BMVP,Invesco Bloomberg MVP Multi-factor ETF,U.S. Equity,Mid Value,Mid-Cap Blend,0.29
PSCH,Invesco S&P SmallCap Health Care ETF,Sector Equity,Small Growth,Health,0.29
RAFE,PIMCO RAFI ESG U.S. ETF PIMCO RAFI ESG U.S. ETF,U.S. Equity,Large Value,Large Value,0.29
GPIQ,Goldman Sachs Nasdaq-100 Premium Income ETF,Nontraditional Equity,Large Growth,Derivative Income,0.29
GPIX,Goldman Sachs S&P 500 Premium Income ETF,Nontraditional Equity,Large Blend,Derivative Income,0.29
RSPA,Invesco S&P 500 Equal Weight Income Advantage ETF,Nontraditional Equity,Mid Value,Derivative Income,0.29
QQA,Invesco QQQ Income Advantage ETF,Nontraditional Equity,Large Growth,Derivative Income,0.29
GIGL,Goldman Sachs Corporate Bond ETF,Taxable Bond,--,Corporate Bond,0.29
JA,Janus Henderson AA-A CLO ETF,Taxable Bond,--,Securitized Bond - Focused,0.29
ASEC,American Century Securitized Credit ETF,Taxable Bond,--,Securitized Bond - Diversified,0.29
USMF,WisdomTree U.S. Multifactor Fund,U.S. Equity,Mid Blend,Mid-Cap Blend,0.28
AUSF,Global X Adaptive U.S. Factor ETF,U.S. Equity,Mid Value,Mid-Cap Value,0.27
DFIV,Dimensional International Value ETF,International Equity,Large Value,Foreign Large Value,0.27
GEQ,Cambria Global EW 2 ETF,International Equity,Large Blend,Global Large-Stock Blend,0.27
MEAR,iShares Short Maturity Municipal Bond Active ETF,Municipal Bond,--,Muni National Short,0.26
NULV,Nuveen ESG Large-Cap Value ETF,U.S. Equity,Large Value,Large Value,0.26
TMNL,T. Rowe Price Long Municipal Income ETF,Municipal Bond,--,Muni National Long,0.26
XSLV,Invesco S&P SmallCap Low Volatility ETF,U.S. Equity,Small Value,Small Blend,0.25
FNDF,Schwab Fundamental International Equity ETF,International Equity,Large Value,Foreign Large Value,0.25
NEAR,iShares Short Duration Bond Active ETF,Taxable Bond,--,Short-Term Bond,0.25
GSJY,Goldman Sachs ActiveBeta® Japan Equity ETF,International Equity,Large Blend,Japan Stock,0.25
GSEU,Goldman Sachs ActiveBeta® Europe Equity ETF,International Equity,Large Blend,Europe Stock,0.25
ESGE,iShares ESG Aware MSCI EM ETF,International Equity,Large Blend,Diversified Emerging Mkts,0.25
FLTB,Fidelity Limited Term Bond ETF,Taxable Bond,--,Short-Term Bond,0.25
TAXF,American Century Diversified Municipal Bond ETF,Municipal Bond,--,Muni National Interm,0.25
YEAR,AB Ultra Short Income ETF,Taxable Bond,--,Ultrashort Bond,0.25
JBND,Jpmorgan Active Bond ETF,Taxable Bond,--,Intermediate Core Bond,0.25
FBTC,Fidelity Wise Origin Bitcoin Fund,Miscellaneous,--,Digital Assets,0.25
PMIO,PGIM Municipal Income Opportunities ETF,Municipal Bond,--,Muni National Interm,0.25
CATF,American Century California Municipal Bond ETF,Municipal Bond,--,Muni California Intermediate,0.25
GBND,Goldman Sachs Core Bond ETF,Taxable Bond,--,Intermediate Core Bond,0.25
PCI,PGIM Corporate Bond 5-10 Year ETF,Taxable Bond,--,Corporate Bond,0.25
VUSI,Voya Ultra Short Income ETF,Taxable Bond,--,Ultrashort Bond,0.25
PCPI,PIMCO Inflation Plus Active Exchange-Traded Fund,Taxable Bond,--,Short-Term Inflation-Protected Bond,0.25
GCSH,Guggenheim Ultra Short Income ETF,Taxable Bond,Large Blend,Ultrashort Bond,0.25
KEMX,KraneShares MSCI Emerging Markets ex China Index ETF,International Equity,Large Blend,Diversified Emerging Mkts,0.24
DFSB,Dimensional Global Sustainability Fixed Income ETF,Taxable Bond,--,Global Bond-USD Hedged,0.24
CVSB,Calvert Ultra-Short Investment Grade ETF,Taxable Bond,--,Ultrashort Bond,0.24
JPLD,Jpmorgan Limited Duration Bond ETF,Taxable Bond,--,Securitized Bond - Diversified,0.24
EVSD,Eaton Vance Short Duration Income ETF,Taxable Bond,--,Short-Term Bond,0.24
TAXE,T. Rowe Price Intermediate Municipal Income ETF,Municipal Bond,--,Muni National Interm,0.24
JMTG,JPMorgan Mortgage-Backed Securities ETF,Taxable Bond,--,Securitized Bond - Diversified,0.24
GSY,Invesco Ultra Short Duration ETF,Taxable Bond,--,Ultrashort Bond,0.22
DFGP,Dimensional Global Core Plus Fixed Income ETF,Taxable Bond,--,Global Bond-USD Hedged,0.22
NULC,Nuveen ESG Large-Cap ETF,U.S. Equity,Large Blend,Large Blend,0.21
DFUV,Dimensional US Marketwide Value ETF,U.S. Equity,Large Value,Large Value,0.21
STPZ,PIMCO 1-5 Year U.S. TIPS Index Exchange-Traded Fund,Taxable Bond,--,Short-Term Inflation-Protected Bond,0.2
TIPZ,PIMCO Broad U.S. TIPS Index Exchange-Traded Fund,Taxable Bond,--,Inflation-Protected Bond,0.2
EFAX,State Street® SPDR® MSCI EAFE Fossil Fuel Reserves Free ETF,International Equity,Large Blend,Foreign Large Blend,0.2
JAAA,Janus Henderson AAA CLO ETF,Taxable Bond,--,Securitized Bond - Focused,0.2
QQMG,Invesco ESG NASDAQ 100 ETF,U.S. Equity,Large Growth,Large Growth,0.2
CLOA,iShares AAA CLO Active ETF,Taxable Bond,--,Securitized Bond - Focused,0.2
CALI,iShares Short-Term California Muni Active ETF,Municipal Bond,--,Muni Single State Short,0.2
BHYB,Xtrackers USD High Yield BB-B ex Financials ETF,Taxable Bond,--,High Yield Bond,0.2
DGCB,Dimensional Global Credit ETF,Taxable Bond,--,Global Bond-USD Hedged,0.2
DFGX,Dimensional International Core Fixed Income ETF,Taxable Bond,--,Global Bond-USD Hedged,0.2
FLDB,Fidelity Low Duration Bond ETF,Taxable Bond,--,Ultrashort Bond,0.2
ACLO,TCW AAA CLO ETF,Taxable Bond,--,Securitized Bond - Focused,0.2
TUSB,Thrivent Ultra Short Bond ETF,Taxable Bond,--,Ultrashort Bond,0.2
PCS,PGIM Corporate Bond 0-5 Year ETF,Taxable Bond,--,Corporate Bond,0.2
GMOC,GMO ULTRA SHORT INCOME ETF,Taxable Bond,--,Ultrashort Bond,0.2
MSFC,Corgi MSFT 2x Daily ETF,Miscellaneous,--,Trading--Leveraged Equity,0.2
EQL,ALPS Equal Sector Weight ETF,U.S. Equity,Large Value,Large Value,0.19
FUSI,American Century Multisector Floating Income ETF,Taxable Bond,--,Ultrashort Bond,0.19
DFCA,Dimensional California Municipal Bond ETF,Municipal Bond,--,Muni California Intermediate,0.19
PAAA,PGIM AAA CLO ETF,Taxable Bond,--,Securitized Bond - Focused,0.19
BBBI,Bondbloxx BBB Rated 5-10 Year Corporate Bond ETF,Taxable Bond,--,Corporate Bond,0.19
BBBS,Bondbloxx BBB Rated 1-5 Year Corporate Bond ETF,Taxable Bond,--,Short-Term Bond,0.19
EVSM,Eaton Vance Short Duration Municipal Income ETF,Municipal Bond,--,Muni National Short,0.19
TMH,Toyota Motor Corporation ADRhedged,Sector Equity,Large Value,Industrials,0.19
AVGB,Avantis Credit ETF,Taxable Bond,--,Global Bond-USD Hedged,0.19
PJUS,PGIM Jennison U.S. Core Equity ETF,U.S. Equity,Large Blend,Large Blend,0.19
AAAD,PGIM AAA CLO Aggregate Duration ETF,Taxable Bond,--,Securitized Bond - Focused,0.19
JPST,JPMorgan Ultra-Short Income ETF,Taxable Bond,--,Ultrashort Bond,0.18
IEDI,iShares U.S. Consumer Focused ETF,Sector Equity,Large Blend,Consumer Cyclical,0.18
JMST,JPMorgan Ultra-Short Municipal Income ETF,Municipal Bond,--,Muni National Short,0.18
JMUB,JPMorgan Municipal ETF,Municipal Bond,--,Muni National Interm,0.18
STXG,Strive 1000 Growth ETF,U.S. Equity,Large Growth,Large Growth,0.18
JMSI,Jpmorgan Sustainable Municipal Income ETF,Municipal Bond,--,Muni National Interm,0.18
GMUB,Goldman Sachs Municipal Income ETF,Municipal Bond,--,Muni National Interm,0.18
EUIG,iShares Euro Investment Grade Corporate Bond USD Hedged ETF,Taxable Bond,--,Global Bond-USD Hedged,0.18
TMNS,T. Rowe Price Short Municipal Income ETF,Municipal Bond,--,Muni National Short,0.18
SPLS,PIMCO US Stocks PLUS Active Bond Exchange Traded Fund,U.S. Equity,Large Blend,Large Blend,0.18
DLUX,DoubleLine Ultrashort Income ETF,Taxable Bond,--,Ultrashort Bond,0.18
ESML,iShares ESG Aware MSCI USA Small-Cap ETF,U.S. Equity,Small Blend,Small Blend,0.17
TBUX,T. Rowe Price Ultra Short-Term Bond ETF,Taxable Bond,--,Ultrashort Bond,0.17
EVSB,Eaton Vance Ultra-Short Income ETF,Taxable Bond,--,Ultrashort Bond,0.17
RBIL,F/m Ultrashort Treasury Inflation-Protected Security (TIPS) ETF,Taxable Bond,--,Short-Term Inflation-Protected Bond,0.17
XCEM,Columbia EM Core ex-China ETF,International Equity,Large Growth,Diversified Emerging Mkts,0.16
GSST,Goldman Sachs Ultra Short Bond ETF,Taxable Bond,--,Ultrashort Bond,0.16
EMXF,iShares ESG Advanced MSCI EM ETF,International Equity,Large Blend,Diversified Emerging Mkts,0.16
GUMI,Goldman Sachs Ultra Short Municipal Income ETF,Municipal Bond,--,Muni National Short,0.16
AOM,iShares Core 40/60 Moderate Allocation ETF,Allocation,Large Blend,Global Moderately Conservative Allocation,0.15
ZROZ,PIMCO 25+ Year Zero Coupon U.S. Treasury Index Exchange-Traded Fund,Taxable Bond,--,Long Government,0.15
FLOT,iShares Floating Rate Bond ETF,Taxable Bond,--,Ultrashort Bond,0.15
USFR,WisdomTree Floating Rate Treasury Fund,Taxable Bond,--,Ultrashort Bond,0.15
TFLO,iShares Treasury Floating Rate Bond ETF,Taxable Bond,--,Ultrashort Bond,0.15
PY,Principal Value ETF,U.S. Equity,Large Value,Large Value,0.15
PULS,PGIM Ultra Short Bond ETF,Taxable Bond,--,Ultrashort Bond,0.15
FLDR,Fidelity Low Duration Bond Factor ETF,Taxable Bond,--,Ultrashort Bond,0.15
FSMD,Fidelity Small-Mid Multifactor ETF,U.S. Equity,Small Blend,Small Blend,0.15
FCPI,Fidelity Stocks for Inflation ETF,U.S. Equity,Large Blend,Large Blend,0.15
SEIV,SEI QiM U.S. Large Cap Value Active ETF,U.S. Equity,Mid Value,Large Value,0.15
SEIM,SEI QiM U.S. Large Cap Momentum Active ETF,U.S. Equity,Large Growth,Large Growth,0.15
FGDL,Franklin Responsibly Sourced Gold ETF,Commodities,--,Commodities Focused,0.15
TBIL,F/m US Treasury 3 Month Bill Fund - ETF Class Shares,Taxable Bond,--,Ultrashort Bond,0.15
OBIL,F/m US Treasury 12 Month Bill ETF,Taxable Bond,--,Short Government,0.15
BEMB,Ishares J.P. Morgan Broad USD Emerging Markets Bond ETF,Taxable Bond,--,Emerging Markets Bond,0.15
XBIL,F/m US Treasury 6 Month Bill ETF,Taxable Bond,--,Ultrashort Bond,0.15
JCHI,JPMorgan Active China ETF,International Equity,Large Blend,Greater China Region,0.15
DUSB,Dimensional Ultrashort Fixed Income ETF,Taxable Bond,--,Ultrashort Bond,0.15
ZTEN,F/M 10-Year Investment Grade Corporate Bond ETF,Taxable Bond,--,Long-Term Bond,0.15
ZTWO,F/M 2-Year Investment Grade Corporate Bond ETF,Taxable Bond,--,Short-Term Bond,0.15
ZTRE,F/M 3-Year Investment Grade Corporate Bond ETF,Taxable Bond,--,Short-Term Bond,0.15
USSH,Wisdomtree 1-3 Year Laddered Treasury Fund ETF,Taxable Bond,--,Short Government,0.15
PUSH,PGIM Ultra Short Municipal Bond ETF,Municipal Bond,--,Muni National Short,0.15
AAEQ,Alpha Architect US Equity 2 ETF,U.S. Equity,Large Blend,Large Blend,0.15
XJR,iShares ESG Select Screened S&P Small-Cap ETF,U.S. Equity,Small Blend,Small Blend,0.12
XJH,iShares ESG Select Screened S&P Mid-Cap ETF,U.S. Equity,Small Blend,Mid-Cap Blend,0.12
DFAU,Dimensional US Core Equity Market ETF,U.S. Equity,Large Blend,Large Blend,0.12
BKUI,BNY Mellon Ultra Short Income ETF,Taxable Bond,--,Ultrashort Bond,0.12
SLDR,Global X Short-Term Treasury Ladder ETF,Taxable Bond,--,Short Government,0.12
DFAL,Dimensional US Large Cap Core Equity Market ETF,U.S. Equity,Large Blend,Large Blend,0.12
EVIM,Eaton Vance Intermediate Municipal Income ETF,Municipal Bond,--,Muni National Interm,0.11
VUSB,Vanguard Ultra-Short Bond ETF Shares,Taxable Bond,--,Ultrashort Bond,0.1
GCAD,Gabelli Commercial Aerospace & Defense ETF,Sector Equity,Mid Growth,Industrials,0.1
AAUB,Alpha Architect US Equity 4 ETF,U.S. Equity,Large Blend,Large Blend,0.1
NYF,iShares New York Muni Bond ETF,Municipal Bond,--,Muni New York Long,0.09
FLKR,Franklin FTSE South Korea ETF,International Equity,Large Blend,Focused Region,0.09
FLCA,Franklin FTSE Canada ETF,International Equity,Large Blend,Focused Region,0.09
LMUB,iShares Long-Term National Muni Bd ETF,Municipal Bond,--,Muni National Long,0.09
ICPI,iShares 0-1 Year TIPS Bond ETF,Taxable Bond,--,Short-Term Inflation-Protected Bond,0.09
FSTA,Fidelity MSCI Consumer Staples Index ETF,Sector Equity,Large Value,Consumer Defensive,0.084
FUTY,Fidelity MSCI Utilities Index ETF,Sector Equity,Mid Value,Utilities,0.084
XLB,State Street® Materials Select Sector SPDR® ETF,Sector Equity,Mid Blend,Natural Resources,0.08
XLF,State Street® Financial Select Sector SPDR® ETF,Sector Equity,Large Value,Financial,0.08
CMF,iShares California Muni Bond ETF,Municipal Bond,--,Muni California Long,0.08
ICSH,iShares Ultra Short Duration Bond Active ETF,Taxable Bond,--,Ultrashort Bond,0.08
SPEU,State Street® SPDR® Portfolio Europe ETF,International Equity,Large Blend,Europe Stock,0.07
SPEM,State Street® SPDR® Portfolio Emerging Markets ETF,International Equity,Large Blend,Diversified Emerging Mkts,0.07
SPYD,State Street® SPDR® Portfolio S&P 500® High Dividend ETF,U.S. Equity,Mid Value,Mid-Cap Value,0.07
IAGG,iShares Core International Aggregate Bond ETF,Taxable Bond,--,Global Bond-USD Hedged,0.07
SCHC,Schwab International Small-Cap Equity ETF™,International Equity,Small Blend,Foreign Small/Mid Blend,0.06
SLQD,iShares 0-5 Year Investment Grade Corporate Bond ETF,Taxable Bond,--,Short-Term Bond,0.06
DLCU,U.S. Large Company Portfolio ETF,U.S. Equity,Large Blend,Large Blend,0.06
STXF,Strive 500 ETF,U.S. Equity,Large Blend,Large Blend,0.05
FMUN,Fidelity Systematic Municipal Bond Index ETF,Municipal Bond,--,Muni National Interm,0.05
TAXS,Northern Trust Short-Term Tax-Exempt Bond ETF,Municipal Bond,--,Muni National Short,0.05
TAXT,Northern Trust Tax-Exempt Bond ETF,Municipal Bond,--,Muni National Long,0.05
TAXI,Northern Trust Intermediate Tax-Exempt Bond ETF,Municipal Bond,--,Muni National Interm,0.05
IGSB,iShares 1-5 Year Investment Grade Corporate Bond ETF,Taxable Bond,--,Short-Term Bond,0.04
IGIB,iShares 5-10 Year Investment Grade Corporate Bond ETF,Taxable Bond,--,Corporate Bond,0.04
USIG,iShares Broad USD Investment Grade Corporate Bond ETF,Taxable Bond,--,Corporate Bond,0.04
SPDW,State Street® SPDR® Portfolio Developed World ex-US ETF,International Equity,Large Blend,Foreign Large Blend,0.03
VGIT,Vanguard Intermediate-Term Treasury Index Fund ETF Shares,Taxable Bond,--,Intermediate Government,0.03
VGLT,Vanguard Long-Term Treasury Index Fund ETF Shares,Taxable Bond,--,Long Government,0.03
VGSH,Vanguard Short-Term Treasury Index Fund ETF Shares,Taxable Bond,--,Short Government,0.03
VTIP,Vanguard Short-Term Inflation-Protected Securities Index Fund ETF Shares,Taxable Bond,--,Short-Term Inflation-Protected Bond,0.03
SPSM,State Street® SPDR® Portfolio S&P 600™ Small Cap ETF,U.S. Equity,Small Blend,Small Blend,0.03
VTEB,Vanguard Tax-Exempt Bond Index Fund ETF Shares,Municipal Bond,--,Muni National Interm,0.03
XHLF,Bondbloxx Bloomberg Six Month Target Duration US Treasury ETF,Taxable Bond,--,Ultrashort Bond,0.03
XONE,Bondbloxx Bloomberg One Year Target Duration US Treasury ETF,Taxable Bond,--,Short Government,0.03
BKLC,BNY Mellon US Large Cap Core Equity ETF,U.S. Equity,Large Blend,Large Blend,0.0
FCLO,Fidelity CLO ETF,Taxable Bond,--,Securitized Bond - Focused,0.0
FAAA,Fidelity AAA CLO ETF,Taxable Bond,--,Securitized Bond - Focused,0.0
Highlighted cells have been user-added and may not meet the criteria included in the screen.,,,,,
The data and information in this spreadsheet is provided to you solely for your use and is not for distribution.,,,,,
"The spreadsheet is provided for informational purposes only, and is not intended to provide advice, nor should it be construed ",,,,,
"as an offer to sell, a solicitation of an offer to buy or a recommendation for any security by Fidelity or any third party.",,,,,
Data and information shown is based on information known to Fidelity as of the date it was exported and is subject to change.,,,,,
"For more information on the data included in this spreadsheet, including any limitations thereof, go to Fidelity.com.",,,,,
Performance data quoted represents past performance and the return and principal value of an investment will fluctuate ,,,,,
so that an investor's shares when redeemed may be worth more or less than their original cost.,,,,,
"Brokerage services are provided by Fidelity Brokerage Services LLC, 900 Salem Street, Smithfield RI 02917.",,,,,
Custody and other services provided by National Financial Servicess LLC.,,,,,
"Both are Fidelity Investment companies and members SIPC, NYSE.",,,,,
AS OF 03:18 AM ET 08/11/2026 Quotes delayed at least 15 minutes.,,,,,
